book_title,image_path
-1-,C:\Users\HP USER\.cache\kagglehub\datasets\thomaskonstantin\6000-children-and-teen-book-covers\versions\1\BookCovers\-1-.jpg
-lizard,C:\Users\HP USER\.cache\kagglehub\datasets\thomaskonstantin\6000-children-and-teen-book-covers\versions\1\BookCovers\-lizard.jpg
-penguin-and-the-lost-treasure,C:\Users\HP USER\.cache\kagglehub\datasets\thomaskonstantin\6000-children-and-teen-book-covers\versions\1\BookCovers\-penguin-and-the-lost-treasure.jpg
-the-bird-who-c,C:\Users\HP USER\.cache\kagglehub\datasets\thomaskonstantin\6000-children-and-teen-book-covers\versions\1\BookCovers\-the-bird-who-c.jpg
,C:\Users\HP USER\.cache\kagglehub\datasets\thomaskonstantin\6000-children-and-teen-book-covers\versions\1\BookCovers\.jpg
001,C:\Users\HP USER\.cache\kagglehub\datasets\thomaskonstantin\6000-children-and-teen-book-covers\versions\1\BookCovers\001.jpg
00a64982-6b10-4606-bcf6-1674952c092d-img100-1-,C:\Users\HP USER\.cache\kagglehub\datasets\thomaskonstantin\6000-children-and-teen-book-covers\versions\1\BookCovers\00a64982-6b10-4606-bcf6-1674952c092d-img100-1-.jpg
0a6a2003-679e-402d-8ca9-2aa72d643a47-img100,C:\Users\HP USER\.cache\kagglehub\datasets\thomaskonstantin\6000-children-and-teen-book-covers\versions\1\BookCovers\0a6a2003-679e-402d-8ca9-2aa72d643a47-img100.jpg
1,C:\Users\HP USER\.cache\kagglehub\datasets\thomaskonstantin\6000-children-and-teen-book-covers\versions\1\BookCovers\1.jpg
10-little-rubber-ducks,C:\Users\HP USER\.cache\kagglehub\datasets\thomaskonstantin\6000-children-and-teen-book-covers\versions\1\BookCovers\10-little-rubber-ducks.jpg
100-brilliant-poems-for-children,C:\Users\HP USER\.cache\kagglehub\datasets\thomaskonstantin\6000-children-and-teen-book-covers\versions\1\BookCovers\100-brilliant-poems-for-children.jpg
100-dogs,C:\Users\HP USER\.cache\kagglehub\datasets\thomaskonstantin\6000-children-and-teen-book-covers\versions\1\BookCovers\100-dogs.jpg
100-first-words-by-dawn-sirett,C:\Users\HP USER\.cache\kagglehub\datasets\thomaskonstantin\6000-children-and-teen-book-covers\versions\1\BookCovers\100-first-words-by-dawn-sirett.jpg
100-first-words2,C:\Users\HP USER\.cache\kagglehub\datasets\thomaskonstantin\6000-children-and-teen-book-covers\versions\1\BookCovers\100-first-words2.jpg
100-most-dangerous-things-on-the-planet,C:\Users\HP USER\.cache\kagglehub\datasets\thomaskonstantin\6000-children-and-teen-book-covers\versions\1\BookCovers\100-most-dangerous-things-on-the-planet.jpg
100-society,C:\Users\HP USER\.cache\kagglehub\datasets\thomaskonstantin\6000-children-and-teen-book-covers\versions\1\BookCovers\100-society.jpg
100-steps-for-science,C:\Users\HP USER\.cache\kagglehub\datasets\thomaskonstantin\6000-children-and-teen-book-covers\versions\1\BookCovers\100-steps-for-science.jpg
100-things-to-know-about-numbers-computers-and-coding,C:\Users\HP USER\.cache\kagglehub\datasets\thomaskonstantin\6000-children-and-teen-book-covers\versions\1\BookCovers\100-things-to-know-about-numbers-computers-and-coding.jpg
100-things-to-know-about-saving-the-planet-cover,C:\Users\HP USER\.cache\kagglehub\datasets\thomaskonstantin\6000-children-and-teen-book-covers\versions\1\BookCovers\100-things-to-know-about-saving-the-planet-cover.jpg
100-things-to-know-about-space,C:\Users\HP USER\.cache\kagglehub\datasets\thomaskonstantin\6000-children-and-teen-book-covers\versions\1\BookCovers\100-things-to-know-about-space.jpg
100-women-who-made-history,C:\Users\HP USER\.cache\kagglehub\datasets\thomaskonstantin\6000-children-and-teen-book-covers\versions\1\BookCovers\100-women-who-made-history.jpg
101-things-you-need-to-know-and-some-you-don-t-,C:\Users\HP USER\.cache\kagglehub\datasets\thomaskonstantin\6000-children-and-teen-book-covers\versions\1\BookCovers\101-things-you-need-to-know-and-some-you-don-t-.jpg
101-video-games-to-play-before-you-grow-up,C:\Users\HP USER\.cache\kagglehub\datasets\thomaskonstantin\6000-children-and-teen-book-covers\versions\1\BookCovers\101-video-games-to-play-before-you-grow-up.jpg
112692e1-db0a-46d0-bdea-0ca293212d20-img100,C:\Users\HP USER\.cache\kagglehub\datasets\thomaskonstantin\6000-children-and-teen-book-covers\versions\1\BookCovers\112692e1-db0a-46d0-bdea-0ca293212d20-img100.jpg
123-do-the-dinosaur,C:\Users\HP USER\.cache\kagglehub\datasets\thomaskonstantin\6000-children-and-teen-book-covers\versions\1\BookCovers\123-do-the-dinosaur.jpg
123-with-goose,C:\Users\HP USER\.cache\kagglehub\datasets\thomaskonstantin\6000-children-and-teen-book-covers\versions\1\BookCovers\123-with-goose.jpg
13-days-of-midnight,C:\Users\HP USER\.cache\kagglehub\datasets\thomaskonstantin\6000-children-and-teen-book-covers\versions\1\BookCovers\13-days-of-midnight.jpg
13-hours-cover,C:\Users\HP USER\.cache\kagglehub\datasets\thomaskonstantin\6000-children-and-teen-book-covers\versions\1\BookCovers\13-hours-cover.jpg
13-storey-treehouse,C:\Users\HP USER\.cache\kagglehub\datasets\thomaskonstantin\6000-children-and-teen-book-covers\versions\1\BookCovers\13-storey-treehouse.jpg
13daysxmas,C:\Users\HP USER\.cache\kagglehub\datasets\thomaskonstantin\6000-children-and-teen-book-covers\versions\1\BookCovers\13daysxmas.jpg
143-1-,C:\Users\HP USER\.cache\kagglehub\datasets\thomaskonstantin\6000-children-and-teen-book-covers\versions\1\BookCovers\143-1-.jpg
15-the-pirates-next-door,C:\Users\HP USER\.cache\kagglehub\datasets\thomaskonstantin\6000-children-and-teen-book-covers\versions\1\BookCovers\15-the-pirates-next-door.jpg
15-things-not-to-do-with-a-baby,C:\Users\HP USER\.cache\kagglehub\datasets\thomaskonstantin\6000-children-and-teen-book-covers\versions\1\BookCovers\15-things-not-to-do-with-a-baby.jpg
15-things-not-to-do-with-a-granny,C:\Users\HP USER\.cache\kagglehub\datasets\thomaskonstantin\6000-children-and-teen-book-covers\versions\1\BookCovers\15-things-not-to-do-with-a-granny.jpg
1507-1-,C:\Users\HP USER\.cache\kagglehub\datasets\thomaskonstantin\6000-children-and-teen-book-covers\versions\1\BookCovers\1507-1-.jpg
199-things-that-go,C:\Users\HP USER\.cache\kagglehub\datasets\thomaskonstantin\6000-children-and-teen-book-covers\versions\1\BookCovers\199-things-that-go.jpg
1moledighole,C:\Users\HP USER\.cache\kagglehub\datasets\thomaskonstantin\6000-children-and-teen-book-covers\versions\1\BookCovers\1moledighole.jpg
1stxmas,C:\Users\HP USER\.cache\kagglehub\datasets\thomaskonstantin\6000-children-and-teen-book-covers\versions\1\BookCovers\1stxmas.jpg
2,C:\Users\HP USER\.cache\kagglehub\datasets\thomaskonstantin\6000-children-and-teen-book-covers\versions\1\BookCovers\2.jpg
20000-leagues-under-the-sea-puzzle-adventure,C:\Users\HP USER\.cache\kagglehub\datasets\thomaskonstantin\6000-children-and-teen-book-covers\versions\1\BookCovers\20000-leagues-under-the-sea-puzzle-adventure.jpg
2013-14-booktime-but-excuse-me,C:\Users\HP USER\.cache\kagglehub\datasets\thomaskonstantin\6000-children-and-teen-book-covers\versions\1\BookCovers\2013-14-booktime-but-excuse-me.jpg
23266378,C:\Users\HP USER\.cache\kagglehub\datasets\thomaskonstantin\6000-children-and-teen-book-covers\versions\1\BookCovers\23266378.jpg
2328315-l,C:\Users\HP USER\.cache\kagglehub\datasets\thomaskonstantin\6000-children-and-teen-book-covers\versions\1\BookCovers\2328315-l.jpg
24-hours-in-nowhere,C:\Users\HP USER\.cache\kagglehub\datasets\thomaskonstantin\6000-children-and-teen-book-covers\versions\1\BookCovers\24-hours-in-nowhere.jpg
27-what-s-a-girl-gotta-do-fc,C:\Users\HP USER\.cache\kagglehub\datasets\thomaskonstantin\6000-children-and-teen-book-covers\versions\1\BookCovers\27-what-s-a-girl-gotta-do-fc.jpg
28567,C:\Users\HP USER\.cache\kagglehub\datasets\thomaskonstantin\6000-children-and-teen-book-covers\versions\1\BookCovers\28567.jpg
29064,C:\Users\HP USER\.cache\kagglehub\datasets\thomaskonstantin\6000-children-and-teen-book-covers\versions\1\BookCovers\29064.jpg
29484,C:\Users\HP USER\.cache\kagglehub\datasets\thomaskonstantin\6000-children-and-teen-book-covers\versions\1\BookCovers\29484.jpg
3,C:\Users\HP USER\.cache\kagglehub\datasets\thomaskonstantin\6000-children-and-teen-book-covers\versions\1\BookCovers\3.jpg
300,C:\Users\HP USER\.cache\kagglehub\datasets\thomaskonstantin\6000-children-and-teen-book-covers\versions\1\BookCovers\300.jpg
300dpi,C:\Users\HP USER\.cache\kagglehub\datasets\thomaskonstantin\6000-children-and-teen-book-covers\versions\1\BookCovers\300dpi.jpg
3035,C:\Users\HP USER\.cache\kagglehub\datasets\thomaskonstantin\6000-children-and-teen-book-covers\versions\1\BookCovers\3035.jpg
32c-that-s-me,C:\Users\HP USER\.cache\kagglehub\datasets\thomaskonstantin\6000-children-and-teen-book-covers\versions\1\BookCovers\32c-that-s-me.jpg
37a6fc4c-c3f0-40dc-8ea0-fc30d4e01400-img100,C:\Users\HP USER\.cache\kagglehub\datasets\thomaskonstantin\6000-children-and-teen-book-covers\versions\1\BookCovers\37a6fc4c-c3f0-40dc-8ea0-fc30d4e01400-img100.jpg
40-inspiring-icons-music-legends,C:\Users\HP USER\.cache\kagglehub\datasets\thomaskonstantin\6000-children-and-teen-book-covers\versions\1\BookCovers\40-inspiring-icons-music-legends.jpg
450-1-,C:\Users\HP USER\.cache\kagglehub\datasets\thomaskonstantin\6000-children-and-teen-book-covers\versions\1\BookCovers\450-1-.jpg
5,C:\Users\HP USER\.cache\kagglehub\datasets\thomaskonstantin\6000-children-and-teen-book-covers\versions\1\BookCovers\5.jpg
50-things-you-should-know-about-ww1,C:\Users\HP USER\.cache\kagglehub\datasets\thomaskonstantin\6000-children-and-teen-book-covers\versions\1\BookCovers\50-things-you-should-know-about-ww1.jpg
507e563f-e9d1-4410-b0c3-037d36410569-img100-1-,C:\Users\HP USER\.cache\kagglehub\datasets\thomaskonstantin\6000-children-and-teen-book-covers\versions\1\BookCovers\507e563f-e9d1-4410-b0c3-037d36410569-img100-1-.jpg
515997-l-1-,C:\Users\HP USER\.cache\kagglehub\datasets\thomaskonstantin\6000-children-and-teen-book-covers\versions\1\BookCovers\515997-l-1-.jpg
56c31810-b666-4fa9-a111-68d8d2758e63-img100,C:\Users\HP USER\.cache\kagglehub\datasets\thomaskonstantin\6000-children-and-teen-book-covers\versions\1\BookCovers\56c31810-b666-4fa9-a111-68d8d2758e63-img100.jpg
6,C:\Users\HP USER\.cache\kagglehub\datasets\thomaskonstantin\6000-children-and-teen-book-covers\versions\1\BookCovers\6.jpg
63ee9140-4fe2-4aa2-8451-2dec4bbd6792-img100,C:\Users\HP USER\.cache\kagglehub\datasets\thomaskonstantin\6000-children-and-teen-book-covers\versions\1\BookCovers\63ee9140-4fe2-4aa2-8451-2dec4bbd6792-img100.jpg
648707d7-f3ef-4fc3-a53e-3fe7c750b6c1-img100,C:\Users\HP USER\.cache\kagglehub\datasets\thomaskonstantin\6000-children-and-teen-book-covers\versions\1\BookCovers\648707d7-f3ef-4fc3-a53e-3fe7c750b6c1-img100.jpg
64ffe2c3-7a6c-45d5-ab4b-c0e995535b31-img100,C:\Users\HP USER\.cache\kagglehub\datasets\thomaskonstantin\6000-children-and-teen-book-covers\versions\1\BookCovers\64ffe2c3-7a6c-45d5-ab4b-c0e995535b31-img100.jpg
661416-1-,C:\Users\HP USER\.cache\kagglehub\datasets\thomaskonstantin\6000-children-and-teen-book-covers\versions\1\BookCovers\661416-1-.jpg
7469e91b-b9b6-4c9e-ab28-ba69bbd6cbc9-img100,C:\Users\HP USER\.cache\kagglehub\datasets\thomaskonstantin\6000-children-and-teen-book-covers\versions\1\BookCovers\7469e91b-b9b6-4c9e-ab28-ba69bbd6cbc9-img100.jpg
7cf2f45e-ae54-4201-8827-9f66e5ddbf91-img100,C:\Users\HP USER\.cache\kagglehub\datasets\thomaskonstantin\6000-children-and-teen-book-covers\versions\1\BookCovers\7cf2f45e-ae54-4201-8827-9f66e5ddbf91-img100.jpg
7days,C:\Users\HP USER\.cache\kagglehub\datasets\thomaskonstantin\6000-children-and-teen-book-covers\versions\1\BookCovers\7days.jpg
9-gods-and-warriors-the-outsiders,C:\Users\HP USER\.cache\kagglehub\datasets\thomaskonstantin\6000-children-and-teen-book-covers\versions\1\BookCovers\9-gods-and-warriors-the-outsiders.jpg
9780007149698,C:\Users\HP USER\.cache\kagglehub\datasets\thomaskonstantin\6000-children-and-teen-book-covers\versions\1\BookCovers\9780007149698.jpg
9780007171323,C:\Users\HP USER\.cache\kagglehub\datasets\thomaskonstantin\6000-children-and-teen-book-covers\versions\1\BookCovers\9780007171323.jpg
9780007229659-1-,C:\Users\HP USER\.cache\kagglehub\datasets\thomaskonstantin\6000-children-and-teen-book-covers\versions\1\BookCovers\9780007229659-1-.jpg
9780007258680-1-,C:\Users\HP USER\.cache\kagglehub\datasets\thomaskonstantin\6000-children-and-teen-book-covers\versions\1\BookCovers\9780007258680-1-.jpg
9780007261963-1-,C:\Users\HP USER\.cache\kagglehub\datasets\thomaskonstantin\6000-children-and-teen-book-covers\versions\1\BookCovers\9780007261963-1-.jpg
9780007263899-1-,C:\Users\HP USER\.cache\kagglehub\datasets\thomaskonstantin\6000-children-and-teen-book-covers\versions\1\BookCovers\9780007263899-1-.jpg
9780007263905-1-,C:\Users\HP USER\.cache\kagglehub\datasets\thomaskonstantin\6000-children-and-teen-book-covers\versions\1\BookCovers\9780007263905-1-.jpg
9780007283613-1-,C:\Users\HP USER\.cache\kagglehub\datasets\thomaskonstantin\6000-children-and-teen-book-covers\versions\1\BookCovers\9780007283613-1-.jpg
9780007284542-1-,C:\Users\HP USER\.cache\kagglehub\datasets\thomaskonstantin\6000-children-and-teen-book-covers\versions\1\BookCovers\9780007284542-1-.jpg
9780007332007-1-,C:\Users\HP USER\.cache\kagglehub\datasets\thomaskonstantin\6000-children-and-teen-book-covers\versions\1\BookCovers\9780007332007-1-.jpg
9780007347025,C:\Users\HP USER\.cache\kagglehub\datasets\thomaskonstantin\6000-children-and-teen-book-covers\versions\1\BookCovers\9780007347025.jpg
9780007361427-1-,C:\Users\HP USER\.cache\kagglehub\datasets\thomaskonstantin\6000-children-and-teen-book-covers\versions\1\BookCovers\9780007361427-1-.jpg
9780007364008-1-,C:\Users\HP USER\.cache\kagglehub\datasets\thomaskonstantin\6000-children-and-teen-book-covers\versions\1\BookCovers\9780007364008-1-.jpg
9780007371440-1-,C:\Users\HP USER\.cache\kagglehub\datasets\thomaskonstantin\6000-children-and-teen-book-covers\versions\1\BookCovers\9780007371440-1-.jpg
9780007388110-1-,C:\Users\HP USER\.cache\kagglehub\datasets\thomaskonstantin\6000-children-and-teen-book-covers\versions\1\BookCovers\9780007388110-1-.jpg
9780007424849-1-,C:\Users\HP USER\.cache\kagglehub\datasets\thomaskonstantin\6000-children-and-teen-book-covers\versions\1\BookCovers\9780007424849-1-.jpg
9780007425082-1-,C:\Users\HP USER\.cache\kagglehub\datasets\thomaskonstantin\6000-children-and-teen-book-covers\versions\1\BookCovers\9780007425082-1-.jpg
9780007425143-1-,C:\Users\HP USER\.cache\kagglehub\datasets\thomaskonstantin\6000-children-and-teen-book-covers\versions\1\BookCovers\9780007425143-1-.jpg
9780007430017-1-,C:\Users\HP USER\.cache\kagglehub\datasets\thomaskonstantin\6000-children-and-teen-book-covers\versions\1\BookCovers\9780007430017-1-.jpg
9780007438785-1-,C:\Users\HP USER\.cache\kagglehub\datasets\thomaskonstantin\6000-children-and-teen-book-covers\versions\1\BookCovers\9780007438785-1-.jpg
9780007448029-1-,C:\Users\HP USER\.cache\kagglehub\datasets\thomaskonstantin\6000-children-and-teen-book-covers\versions\1\BookCovers\9780007448029-1-.jpg
9780007453566-1-,C:\Users\HP USER\.cache\kagglehub\datasets\thomaskonstantin\6000-children-and-teen-book-covers\versions\1\BookCovers\9780007453566-1-.jpg
9780007458424-1-,C:\Users\HP USER\.cache\kagglehub\datasets\thomaskonstantin\6000-children-and-teen-book-covers\versions\1\BookCovers\9780007458424-1-.jpg
9780007464388-1-,C:\Users\HP USER\.cache\kagglehub\datasets\thomaskonstantin\6000-children-and-teen-book-covers\versions\1\BookCovers\9780007464388-1-.jpg
9780007468393-1-,C:\Users\HP USER\.cache\kagglehub\datasets\thomaskonstantin\6000-children-and-teen-book-covers\versions\1\BookCovers\9780007468393-1-.jpg
9780007487516-1-,C:\Users\HP USER\.cache\kagglehub\datasets\thomaskonstantin\6000-children-and-teen-book-covers\versions\1\BookCovers\9780007487516-1-.jpg
9780007489442-1-,C:\Users\HP USER\.cache\kagglehub\datasets\thomaskonstantin\6000-children-and-teen-book-covers\versions\1\BookCovers\9780007489442-1-.jpg
9780007493999-1-,C:\Users\HP USER\.cache\kagglehub\datasets\thomaskonstantin\6000-children-and-teen-book-covers\versions\1\BookCovers\9780007493999-1-.jpg
9780007494019,C:\Users\HP USER\.cache\kagglehub\datasets\thomaskonstantin\6000-children-and-teen-book-covers\versions\1\BookCovers\9780007494019.jpg
9780007533039-1-,C:\Users\HP USER\.cache\kagglehub\datasets\thomaskonstantin\6000-children-and-teen-book-covers\versions\1\BookCovers\9780007533039-1-.jpg
9780007586776,C:\Users\HP USER\.cache\kagglehub\datasets\thomaskonstantin\6000-children-and-teen-book-covers\versions\1\BookCovers\9780007586776.jpg
9780007594153,C:\Users\HP USER\.cache\kagglehub\datasets\thomaskonstantin\6000-children-and-teen-book-covers\versions\1\BookCovers\9780007594153.jpg
9780008101343,C:\Users\HP USER\.cache\kagglehub\datasets\thomaskonstantin\6000-children-and-teen-book-covers\versions\1\BookCovers\9780008101343.jpg
9780008140816,C:\Users\HP USER\.cache\kagglehub\datasets\thomaskonstantin\6000-children-and-teen-book-covers\versions\1\BookCovers\9780008140816.jpg
9780008149390,C:\Users\HP USER\.cache\kagglehub\datasets\thomaskonstantin\6000-children-and-teen-book-covers\versions\1\BookCovers\9780008149390.jpg
9780008157302,C:\Users\HP USER\.cache\kagglehub\datasets\thomaskonstantin\6000-children-and-teen-book-covers\versions\1\BookCovers\9780008157302.jpg
9780008171179,C:\Users\HP USER\.cache\kagglehub\datasets\thomaskonstantin\6000-children-and-teen-book-covers\versions\1\BookCovers\9780008171179.jpg
9780008182519,C:\Users\HP USER\.cache\kagglehub\datasets\thomaskonstantin\6000-children-and-teen-book-covers\versions\1\BookCovers\9780008182519.jpg
9780008215774,C:\Users\HP USER\.cache\kagglehub\datasets\thomaskonstantin\6000-children-and-teen-book-covers\versions\1\BookCovers\9780008215774.jpg
9780091798666-1-,C:\Users\HP USER\.cache\kagglehub\datasets\thomaskonstantin\6000-children-and-teen-book-covers\versions\1\BookCovers\9780091798666-1-.jpg
9780091893323-1-,C:\Users\HP USER\.cache\kagglehub\datasets\thomaskonstantin\6000-children-and-teen-book-covers\versions\1\BookCovers\9780091893323-1-.jpg
9780099438632-1-,C:\Users\HP USER\.cache\kagglehub\datasets\thomaskonstantin\6000-children-and-teen-book-covers\versions\1\BookCovers\9780099438632-1-.jpg
9780099572855-1-,C:\Users\HP USER\.cache\kagglehub\datasets\thomaskonstantin\6000-children-and-teen-book-covers\versions\1\BookCovers\9780099572855-1-.jpg
9780099573661-1-,C:\Users\HP USER\.cache\kagglehub\datasets\thomaskonstantin\6000-children-and-teen-book-covers\versions\1\BookCovers\9780099573661-1-.jpg
9780099582571-1-,C:\Users\HP USER\.cache\kagglehub\datasets\thomaskonstantin\6000-children-and-teen-book-covers\versions\1\BookCovers\9780099582571-1-.jpg
9780140383911-1-,C:\Users\HP USER\.cache\kagglehub\datasets\thomaskonstantin\6000-children-and-teen-book-covers\versions\1\BookCovers\9780140383911-1-.jpg
9780140384215-1-,C:\Users\HP USER\.cache\kagglehub\datasets\thomaskonstantin\6000-children-and-teen-book-covers\versions\1\BookCovers\9780140384215-1-.jpg
9780140501193-1-,C:\Users\HP USER\.cache\kagglehub\datasets\thomaskonstantin\6000-children-and-teen-book-covers\versions\1\BookCovers\9780140501193-1-.jpg
9780140501872-1-,C:\Users\HP USER\.cache\kagglehub\datasets\thomaskonstantin\6000-children-and-teen-book-covers\versions\1\BookCovers\9780140501872-1-.jpg
9780140504958-1-,C:\Users\HP USER\.cache\kagglehub\datasets\thomaskonstantin\6000-children-and-teen-book-covers\versions\1\BookCovers\9780140504958-1-.jpg
9780140544596-1-,C:\Users\HP USER\.cache\kagglehub\datasets\thomaskonstantin\6000-children-and-teen-book-covers\versions\1\BookCovers\9780140544596-1-.jpg
9780140545142-1-,C:\Users\HP USER\.cache\kagglehub\datasets\thomaskonstantin\6000-children-and-teen-book-covers\versions\1\BookCovers\9780140545142-1-.jpg
9780140555264-1-,C:\Users\HP USER\.cache\kagglehub\datasets\thomaskonstantin\6000-children-and-teen-book-covers\versions\1\BookCovers\9780140555264-1-.jpg
9780140563542,C:\Users\HP USER\.cache\kagglehub\datasets\thomaskonstantin\6000-children-and-teen-book-covers\versions\1\BookCovers\9780140563542.jpg
9780140568707-1-,C:\Users\HP USER\.cache\kagglehub\datasets\thomaskonstantin\6000-children-and-teen-book-covers\versions\1\BookCovers\9780140568707-1-.jpg
9780141317083-1-,C:\Users\HP USER\.cache\kagglehub\datasets\thomaskonstantin\6000-children-and-teen-book-covers\versions\1\BookCovers\9780141317083-1-.jpg
9780141318011-1-,C:\Users\HP USER\.cache\kagglehub\datasets\thomaskonstantin\6000-children-and-teen-book-covers\versions\1\BookCovers\9780141318011-1-.jpg
9780141318233-1-,C:\Users\HP USER\.cache\kagglehub\datasets\thomaskonstantin\6000-children-and-teen-book-covers\versions\1\BookCovers\9780141318233-1-.jpg
9780141319117-1-,C:\Users\HP USER\.cache\kagglehub\datasets\thomaskonstantin\6000-children-and-teen-book-covers\versions\1\BookCovers\9780141319117-1-.jpg
9780141320588-1-,C:\Users\HP USER\.cache\kagglehub\datasets\thomaskonstantin\6000-children-and-teen-book-covers\versions\1\BookCovers\9780141320588-1-.jpg
9780141323251-1-,C:\Users\HP USER\.cache\kagglehub\datasets\thomaskonstantin\6000-children-and-teen-book-covers\versions\1\BookCovers\9780141323251-1-.jpg
9780141326115-1-,C:\Users\HP USER\.cache\kagglehub\datasets\thomaskonstantin\6000-children-and-teen-book-covers\versions\1\BookCovers\9780141326115-1-.jpg
9780141326122-1-,C:\Users\HP USER\.cache\kagglehub\datasets\thomaskonstantin\6000-children-and-teen-book-covers\versions\1\BookCovers\9780141326122-1-.jpg
9780141328034-1-,C:\Users\HP USER\.cache\kagglehub\datasets\thomaskonstantin\6000-children-and-teen-book-covers\versions\1\BookCovers\9780141328034-1-.jpg
9780141328805-1-,C:\Users\HP USER\.cache\kagglehub\datasets\thomaskonstantin\6000-children-and-teen-book-covers\versions\1\BookCovers\9780141328805-1-.jpg
9780141330693-1-,C:\Users\HP USER\.cache\kagglehub\datasets\thomaskonstantin\6000-children-and-teen-book-covers\versions\1\BookCovers\9780141330693-1-.jpg
9780141332048-1-,C:\Users\HP USER\.cache\kagglehub\datasets\thomaskonstantin\6000-children-and-teen-book-covers\versions\1\BookCovers\9780141332048-1-.jpg
9780141332192-1-,C:\Users\HP USER\.cache\kagglehub\datasets\thomaskonstantin\6000-children-and-teen-book-covers\versions\1\BookCovers\9780141332192-1-.jpg
9780141332888-1-,C:\Users\HP USER\.cache\kagglehub\datasets\thomaskonstantin\6000-children-and-teen-book-covers\versions\1\BookCovers\9780141332888-1-.jpg
9780141333908-1-,C:\Users\HP USER\.cache\kagglehub\datasets\thomaskonstantin\6000-children-and-teen-book-covers\versions\1\BookCovers\9780141333908-1-.jpg
9780141335643-1-,C:\Users\HP USER\.cache\kagglehub\datasets\thomaskonstantin\6000-children-and-teen-book-covers\versions\1\BookCovers\9780141335643-1-.jpg
9780141336251-1-,C:\Users\HP USER\.cache\kagglehub\datasets\thomaskonstantin\6000-children-and-teen-book-covers\versions\1\BookCovers\9780141336251-1-.jpg
9780141339108-1-,C:\Users\HP USER\.cache\kagglehub\datasets\thomaskonstantin\6000-children-and-teen-book-covers\versions\1\BookCovers\9780141339108-1-.jpg
9780141339115-1-,C:\Users\HP USER\.cache\kagglehub\datasets\thomaskonstantin\6000-children-and-teen-book-covers\versions\1\BookCovers\9780141339115-1-.jpg
9780141339122-1-,C:\Users\HP USER\.cache\kagglehub\datasets\thomaskonstantin\6000-children-and-teen-book-covers\versions\1\BookCovers\9780141339122-1-.jpg
9780141339139-1-,C:\Users\HP USER\.cache\kagglehub\datasets\thomaskonstantin\6000-children-and-teen-book-covers\versions\1\BookCovers\9780141339139-1-.jpg
9780141339146-1-,C:\Users\HP USER\.cache\kagglehub\datasets\thomaskonstantin\6000-children-and-teen-book-covers\versions\1\BookCovers\9780141339146-1-.jpg
9780141339726-1-,C:\Users\HP USER\.cache\kagglehub\datasets\thomaskonstantin\6000-children-and-teen-book-covers\versions\1\BookCovers\9780141339726-1-.jpg
9780141339801-1-,C:\Users\HP USER\.cache\kagglehub\datasets\thomaskonstantin\6000-children-and-teen-book-covers\versions\1\BookCovers\9780141339801-1-.jpg
9780141340012-1-,C:\Users\HP USER\.cache\kagglehub\datasets\thomaskonstantin\6000-children-and-teen-book-covers\versions\1\BookCovers\9780141340012-1-.jpg
9780141340135-1-,C:\Users\HP USER\.cache\kagglehub\datasets\thomaskonstantin\6000-children-and-teen-book-covers\versions\1\BookCovers\9780141340135-1-.jpg
9780141340265-1-,C:\Users\HP USER\.cache\kagglehub\datasets\thomaskonstantin\6000-children-and-teen-book-covers\versions\1\BookCovers\9780141340265-1-.jpg
9780141340760-1-,C:\Users\HP USER\.cache\kagglehub\datasets\thomaskonstantin\6000-children-and-teen-book-covers\versions\1\BookCovers\9780141340760-1-.jpg
9780141341422-1-,C:\Users\HP USER\.cache\kagglehub\datasets\thomaskonstantin\6000-children-and-teen-book-covers\versions\1\BookCovers\9780141341422-1-.jpg
9780141341552-1-,C:\Users\HP USER\.cache\kagglehub\datasets\thomaskonstantin\6000-children-and-teen-book-covers\versions\1\BookCovers\9780141341552-1-.jpg
9780141345659-1-,C:\Users\HP USER\.cache\kagglehub\datasets\thomaskonstantin\6000-children-and-teen-book-covers\versions\1\BookCovers\9780141345659-1-.jpg
9780141345833-1-,C:\Users\HP USER\.cache\kagglehub\datasets\thomaskonstantin\6000-children-and-teen-book-covers\versions\1\BookCovers\9780141345833-1-.jpg
9780141348940-1-,C:\Users\HP USER\.cache\kagglehub\datasets\thomaskonstantin\6000-children-and-teen-book-covers\versions\1\BookCovers\9780141348940-1-.jpg
9780141354156,C:\Users\HP USER\.cache\kagglehub\datasets\thomaskonstantin\6000-children-and-teen-book-covers\versions\1\BookCovers\9780141354156.jpg
9780141356099,C:\Users\HP USER\.cache\kagglehub\datasets\thomaskonstantin\6000-children-and-teen-book-covers\versions\1\BookCovers\9780141356099.jpg
9780141356686,C:\Users\HP USER\.cache\kagglehub\datasets\thomaskonstantin\6000-children-and-teen-book-covers\versions\1\BookCovers\9780141356686.jpg
9780141357058,C:\Users\HP USER\.cache\kagglehub\datasets\thomaskonstantin\6000-children-and-teen-book-covers\versions\1\BookCovers\9780141357058.jpg
9780141359205,C:\Users\HP USER\.cache\kagglehub\datasets\thomaskonstantin\6000-children-and-teen-book-covers\versions\1\BookCovers\9780141359205.jpg
9780141360027,C:\Users\HP USER\.cache\kagglehub\datasets\thomaskonstantin\6000-children-and-teen-book-covers\versions\1\BookCovers\9780141360027.jpg
9780141383996-1-,C:\Users\HP USER\.cache\kagglehub\datasets\thomaskonstantin\6000-children-and-teen-book-covers\versions\1\BookCovers\9780141383996-1-.jpg
9780141500577-1-,C:\Users\HP USER\.cache\kagglehub\datasets\thomaskonstantin\6000-children-and-teen-book-covers\versions\1\BookCovers\9780141500577-1-.jpg
9780141501109-1-,C:\Users\HP USER\.cache\kagglehub\datasets\thomaskonstantin\6000-children-and-teen-book-covers\versions\1\BookCovers\9780141501109-1-.jpg
9780141502410-1-,C:\Users\HP USER\.cache\kagglehub\datasets\thomaskonstantin\6000-children-and-teen-book-covers\versions\1\BookCovers\9780141502410-1-.jpg
9780192727138-1-,C:\Users\HP USER\.cache\kagglehub\datasets\thomaskonstantin\6000-children-and-teen-book-covers\versions\1\BookCovers\9780192727138-1-.jpg
9780192728395-1-,C:\Users\HP USER\.cache\kagglehub\datasets\thomaskonstantin\6000-children-and-teen-book-covers\versions\1\BookCovers\9780192728395-1-.jpg
9780192732347-1-,C:\Users\HP USER\.cache\kagglehub\datasets\thomaskonstantin\6000-children-and-teen-book-covers\versions\1\BookCovers\9780192732347-1-.jpg
9780192733191-1-,C:\Users\HP USER\.cache\kagglehub\datasets\thomaskonstantin\6000-children-and-teen-book-covers\versions\1\BookCovers\9780192733191-1-.jpg
9780192733207,C:\Users\HP USER\.cache\kagglehub\datasets\thomaskonstantin\6000-children-and-teen-book-covers\versions\1\BookCovers\9780192733207.jpg
9780192733672-1-,C:\Users\HP USER\.cache\kagglehub\datasets\thomaskonstantin\6000-children-and-teen-book-covers\versions\1\BookCovers\9780192733672-1-.jpg
9780192734495-1-,C:\Users\HP USER\.cache\kagglehub\datasets\thomaskonstantin\6000-children-and-teen-book-covers\versions\1\BookCovers\9780192734495-1-.jpg
9780192734556-1-,C:\Users\HP USER\.cache\kagglehub\datasets\thomaskonstantin\6000-children-and-teen-book-covers\versions\1\BookCovers\9780192734556-1-.jpg
9780192743480,C:\Users\HP USER\.cache\kagglehub\datasets\thomaskonstantin\6000-children-and-teen-book-covers\versions\1\BookCovers\9780192743480.jpg
9780192745453,C:\Users\HP USER\.cache\kagglehub\datasets\thomaskonstantin\6000-children-and-teen-book-covers\versions\1\BookCovers\9780192745453.jpg
9780192745460-1-,C:\Users\HP USER\.cache\kagglehub\datasets\thomaskonstantin\6000-children-and-teen-book-covers\versions\1\BookCovers\9780192745460-1-.jpg
9780192753922-1-,C:\Users\HP USER\.cache\kagglehub\datasets\thomaskonstantin\6000-children-and-teen-book-covers\versions\1\BookCovers\9780192753922-1-.jpg
9780192756268-1-,C:\Users\HP USER\.cache\kagglehub\datasets\thomaskonstantin\6000-children-and-teen-book-covers\versions\1\BookCovers\9780192756268-1-.jpg
9780192756794-1-,C:\Users\HP USER\.cache\kagglehub\datasets\thomaskonstantin\6000-children-and-teen-book-covers\versions\1\BookCovers\9780192756794-1-.jpg
9780192757135-1-,C:\Users\HP USER\.cache\kagglehub\datasets\thomaskonstantin\6000-children-and-teen-book-covers\versions\1\BookCovers\9780192757135-1-.jpg
9780192757159-1-,C:\Users\HP USER\.cache\kagglehub\datasets\thomaskonstantin\6000-children-and-teen-book-covers\versions\1\BookCovers\9780192757159-1-.jpg
9780192757913-1-,C:\Users\HP USER\.cache\kagglehub\datasets\thomaskonstantin\6000-children-and-teen-book-covers\versions\1\BookCovers\9780192757913-1-.jpg
9780192758279-1-,C:\Users\HP USER\.cache\kagglehub\datasets\thomaskonstantin\6000-children-and-teen-book-covers\versions\1\BookCovers\9780192758279-1-.jpg
9780192758361,C:\Users\HP USER\.cache\kagglehub\datasets\thomaskonstantin\6000-children-and-teen-book-covers\versions\1\BookCovers\9780192758361.jpg
9780192758415,C:\Users\HP USER\.cache\kagglehub\datasets\thomaskonstantin\6000-children-and-teen-book-covers\versions\1\BookCovers\9780192758415.jpg
9780192763273-1-,C:\Users\HP USER\.cache\kagglehub\datasets\thomaskonstantin\6000-children-and-teen-book-covers\versions\1\BookCovers\9780192763273-1-.jpg
9780192780188-1-,C:\Users\HP USER\.cache\kagglehub\datasets\thomaskonstantin\6000-children-and-teen-book-covers\versions\1\BookCovers\9780192780188-1-.jpg
9780192793096-1-,C:\Users\HP USER\.cache\kagglehub\datasets\thomaskonstantin\6000-children-and-teen-book-covers\versions\1\BookCovers\9780192793096-1-.jpg
9780192793102-1-,C:\Users\HP USER\.cache\kagglehub\datasets\thomaskonstantin\6000-children-and-teen-book-covers\versions\1\BookCovers\9780192793102-1-.jpg
9780192793539-1-,C:\Users\HP USER\.cache\kagglehub\datasets\thomaskonstantin\6000-children-and-teen-book-covers\versions\1\BookCovers\9780192793539-1-.jpg
9780192794635-1-,C:\Users\HP USER\.cache\kagglehub\datasets\thomaskonstantin\6000-children-and-teen-book-covers\versions\1\BookCovers\9780192794635-1-.jpg
9780199137381-1-,C:\Users\HP USER\.cache\kagglehub\datasets\thomaskonstantin\6000-children-and-teen-book-covers\versions\1\BookCovers\9780199137381-1-.jpg
9780224045209-1-,C:\Users\HP USER\.cache\kagglehub\datasets\thomaskonstantin\6000-children-and-teen-book-covers\versions\1\BookCovers\9780224045209-1-.jpg
9780224083713-1-,C:\Users\HP USER\.cache\kagglehub\datasets\thomaskonstantin\6000-children-and-teen-book-covers\versions\1\BookCovers\9780224083713-1-.jpg
9780224089081,C:\Users\HP USER\.cache\kagglehub\datasets\thomaskonstantin\6000-children-and-teen-book-covers\versions\1\BookCovers\9780224089081.jpg
9780224090841,C:\Users\HP USER\.cache\kagglehub\datasets\thomaskonstantin\6000-children-and-teen-book-covers\versions\1\BookCovers\9780224090841.jpg
9780224090964-1-,C:\Users\HP USER\.cache\kagglehub\datasets\thomaskonstantin\6000-children-and-teen-book-covers\versions\1\BookCovers\9780224090964-1-.jpg
9780224096089,C:\Users\HP USER\.cache\kagglehub\datasets\thomaskonstantin\6000-children-and-teen-book-covers\versions\1\BookCovers\9780224096089.jpg
9780224096690,C:\Users\HP USER\.cache\kagglehub\datasets\thomaskonstantin\6000-children-and-teen-book-covers\versions\1\BookCovers\9780224096690.jpg
9780230017948,C:\Users\HP USER\.cache\kagglehub\datasets\thomaskonstantin\6000-children-and-teen-book-covers\versions\1\BookCovers\9780230017948.jpg
9780230529229-1-,C:\Users\HP USER\.cache\kagglehub\datasets\thomaskonstantin\6000-children-and-teen-book-covers\versions\1\BookCovers\9780230529229-1-.jpg
9780230714021-1-,C:\Users\HP USER\.cache\kagglehub\datasets\thomaskonstantin\6000-children-and-teen-book-covers\versions\1\BookCovers\9780230714021-1-.jpg
9780230738003-1-,C:\Users\HP USER\.cache\kagglehub\datasets\thomaskonstantin\6000-children-and-teen-book-covers\versions\1\BookCovers\9780230738003-1-.jpg
9780230741041-1-,C:\Users\HP USER\.cache\kagglehub\datasets\thomaskonstantin\6000-children-and-teen-book-covers\versions\1\BookCovers\9780230741041-1-.jpg
9780230745377-1-,C:\Users\HP USER\.cache\kagglehub\datasets\thomaskonstantin\6000-children-and-teen-book-covers\versions\1\BookCovers\9780230745377-1-.jpg
9780230747722-1-,C:\Users\HP USER\.cache\kagglehub\datasets\thomaskonstantin\6000-children-and-teen-book-covers\versions\1\BookCovers\9780230747722-1-.jpg
9780230748460-1-,C:\Users\HP USER\.cache\kagglehub\datasets\thomaskonstantin\6000-children-and-teen-book-covers\versions\1\BookCovers\9780230748460-1-.jpg
9780230749511-1-,C:\Users\HP USER\.cache\kagglehub\datasets\thomaskonstantin\6000-children-and-teen-book-covers\versions\1\BookCovers\9780230749511-1-.jpg
9780230749535-1-,C:\Users\HP USER\.cache\kagglehub\datasets\thomaskonstantin\6000-children-and-teen-book-covers\versions\1\BookCovers\9780230749535-1-.jpg
9780230751958-1-,C:\Users\HP USER\.cache\kagglehub\datasets\thomaskonstantin\6000-children-and-teen-book-covers\versions\1\BookCovers\9780230751958-1-.jpg
9780230753136-1-,C:\Users\HP USER\.cache\kagglehub\datasets\thomaskonstantin\6000-children-and-teen-book-covers\versions\1\BookCovers\9780230753136-1-.jpg
9780230757431-1-,C:\Users\HP USER\.cache\kagglehub\datasets\thomaskonstantin\6000-children-and-teen-book-covers\versions\1\BookCovers\9780230757431-1-.jpg
9780230757738-1-,C:\Users\HP USER\.cache\kagglehub\datasets\thomaskonstantin\6000-children-and-teen-book-covers\versions\1\BookCovers\9780230757738-1-.jpg
9780230757745-1-,C:\Users\HP USER\.cache\kagglehub\datasets\thomaskonstantin\6000-children-and-teen-book-covers\versions\1\BookCovers\9780230757745-1-.jpg
9780230762961-1-,C:\Users\HP USER\.cache\kagglehub\datasets\thomaskonstantin\6000-children-and-teen-book-covers\versions\1\BookCovers\9780230762961-1-.jpg
9780230764811-1-,C:\Users\HP USER\.cache\kagglehub\datasets\thomaskonstantin\6000-children-and-teen-book-covers\versions\1\BookCovers\9780230764811-1-.jpg
9780230769885-1-,C:\Users\HP USER\.cache\kagglehub\datasets\thomaskonstantin\6000-children-and-teen-book-covers\versions\1\BookCovers\9780230769885-1-.jpg
9780241955208-1-,C:\Users\HP USER\.cache\kagglehub\datasets\thomaskonstantin\6000-children-and-teen-book-covers\versions\1\BookCovers\9780241955208-1-.jpg
9780261103573-1-,C:\Users\HP USER\.cache\kagglehub\datasets\thomaskonstantin\6000-children-and-teen-book-covers\versions\1\BookCovers\9780261103573-1-.jpg
9780330399081-1-,C:\Users\HP USER\.cache\kagglehub\datasets\thomaskonstantin\6000-children-and-teen-book-covers\versions\1\BookCovers\9780330399081-1-.jpg
9780330435642-1-,C:\Users\HP USER\.cache\kagglehub\datasets\thomaskonstantin\6000-children-and-teen-book-covers\versions\1\BookCovers\9780330435642-1-.jpg
9780330452090-1-,C:\Users\HP USER\.cache\kagglehub\datasets\thomaskonstantin\6000-children-and-teen-book-covers\versions\1\BookCovers\9780330452090-1-.jpg
9780330472012,C:\Users\HP USER\.cache\kagglehub\datasets\thomaskonstantin\6000-children-and-teen-book-covers\versions\1\BookCovers\9780330472012.jpg
9780330507554-1-,C:\Users\HP USER\.cache\kagglehub\datasets\thomaskonstantin\6000-children-and-teen-book-covers\versions\1\BookCovers\9780330507554-1-.jpg
9780330512282-1-,C:\Users\HP USER\.cache\kagglehub\datasets\thomaskonstantin\6000-children-and-teen-book-covers\versions\1\BookCovers\9780330512282-1-.jpg
9780330512855-1-,C:\Users\HP USER\.cache\kagglehub\datasets\thomaskonstantin\6000-children-and-teen-book-covers\versions\1\BookCovers\9780330512855-1-.jpg
9780330517928-1-,C:\Users\HP USER\.cache\kagglehub\datasets\thomaskonstantin\6000-children-and-teen-book-covers\versions\1\BookCovers\9780330517928-1-.jpg
9780330537896-1-,C:\Users\HP USER\.cache\kagglehub\datasets\thomaskonstantin\6000-children-and-teen-book-covers\versions\1\BookCovers\9780330537896-1-.jpg
9780330544030-1-,C:\Users\HP USER\.cache\kagglehub\datasets\thomaskonstantin\6000-children-and-teen-book-covers\versions\1\BookCovers\9780330544030-1-.jpg
9780330545273-1-,C:\Users\HP USER\.cache\kagglehub\datasets\thomaskonstantin\6000-children-and-teen-book-covers\versions\1\BookCovers\9780330545273-1-.jpg
9780333966259-1-,C:\Users\HP USER\.cache\kagglehub\datasets\thomaskonstantin\6000-children-and-teen-book-covers\versions\1\BookCovers\9780333966259-1-.jpg
9780340844106-1-,C:\Users\HP USER\.cache\kagglehub\datasets\thomaskonstantin\6000-children-and-teen-book-covers\versions\1\BookCovers\9780340844106-1-.jpg
9780340883723-1-,C:\Users\HP USER\.cache\kagglehub\datasets\thomaskonstantin\6000-children-and-teen-book-covers\versions\1\BookCovers\9780340883723-1-.jpg
9780340893296-1-,C:\Users\HP USER\.cache\kagglehub\datasets\thomaskonstantin\6000-children-and-teen-book-covers\versions\1\BookCovers\9780340893296-1-.jpg
9780340893609-1-,C:\Users\HP USER\.cache\kagglehub\datasets\thomaskonstantin\6000-children-and-teen-book-covers\versions\1\BookCovers\9780340893609-1-.jpg
9780340944950-1-,C:\Users\HP USER\.cache\kagglehub\datasets\thomaskonstantin\6000-children-and-teen-book-covers\versions\1\BookCovers\9780340944950-1-.jpg
9780340950654-1-,C:\Users\HP USER\.cache\kagglehub\datasets\thomaskonstantin\6000-children-and-teen-book-covers\versions\1\BookCovers\9780340950654-1-.jpg
9780340969939-1-,C:\Users\HP USER\.cache\kagglehub\datasets\thomaskonstantin\6000-children-and-teen-book-covers\versions\1\BookCovers\9780340969939-1-.jpg
9780340970089-1-,C:\Users\HP USER\.cache\kagglehub\datasets\thomaskonstantin\6000-children-and-teen-book-covers\versions\1\BookCovers\9780340970089-1-.jpg
9780340981641-1-,C:\Users\HP USER\.cache\kagglehub\datasets\thomaskonstantin\6000-children-and-teen-book-covers\versions\1\BookCovers\9780340981641-1-.jpg
9780340988374-1-,C:\Users\HP USER\.cache\kagglehub\datasets\thomaskonstantin\6000-children-and-teen-book-covers\versions\1\BookCovers\9780340988374-1-.jpg
9780340997680-1-,C:\Users\HP USER\.cache\kagglehub\datasets\thomaskonstantin\6000-children-and-teen-book-covers\versions\1\BookCovers\9780340997680-1-.jpg
9780340999202-1-,C:\Users\HP USER\.cache\kagglehub\datasets\thomaskonstantin\6000-children-and-teen-book-covers\versions\1\BookCovers\9780340999202-1-.jpg
9780340999356-1-,C:\Users\HP USER\.cache\kagglehub\datasets\thomaskonstantin\6000-children-and-teen-book-covers\versions\1\BookCovers\9780340999356-1-.jpg
9780340999615-1-,C:\Users\HP USER\.cache\kagglehub\datasets\thomaskonstantin\6000-children-and-teen-book-covers\versions\1\BookCovers\9780340999615-1-.jpg
9780349124209,C:\Users\HP USER\.cache\kagglehub\datasets\thomaskonstantin\6000-children-and-teen-book-covers\versions\1\BookCovers\9780349124209.jpg
9780370332109-1-,C:\Users\HP USER\.cache\kagglehub\datasets\thomaskonstantin\6000-children-and-teen-book-covers\versions\1\BookCovers\9780370332109-1-.jpg
9780370332345-1-,C:\Users\HP USER\.cache\kagglehub\datasets\thomaskonstantin\6000-children-and-teen-book-covers\versions\1\BookCovers\9780370332345-1-.jpg
9780370332369-1-,C:\Users\HP USER\.cache\kagglehub\datasets\thomaskonstantin\6000-children-and-teen-book-covers\versions\1\BookCovers\9780370332369-1-.jpg
9780385613590-1-,C:\Users\HP USER\.cache\kagglehub\datasets\thomaskonstantin\6000-children-and-teen-book-covers\versions\1\BookCovers\9780385613590-1-.jpg
9780385617055-1-,C:\Users\HP USER\.cache\kagglehub\datasets\thomaskonstantin\6000-children-and-teen-book-covers\versions\1\BookCovers\9780385617055-1-.jpg
9780385617413,C:\Users\HP USER\.cache\kagglehub\datasets\thomaskonstantin\6000-children-and-teen-book-covers\versions\1\BookCovers\9780385617413.jpg
9780385617437,C:\Users\HP USER\.cache\kagglehub\datasets\thomaskonstantin\6000-children-and-teen-book-covers\versions\1\BookCovers\9780385617437.jpg
9780385617673-1-,C:\Users\HP USER\.cache\kagglehub\datasets\thomaskonstantin\6000-children-and-teen-book-covers\versions\1\BookCovers\9780385617673-1-.jpg
9780385618663-1-,C:\Users\HP USER\.cache\kagglehub\datasets\thomaskonstantin\6000-children-and-teen-book-covers\versions\1\BookCovers\9780385618663-1-.jpg
9780385618922-1-,C:\Users\HP USER\.cache\kagglehub\datasets\thomaskonstantin\6000-children-and-teen-book-covers\versions\1\BookCovers\9780385618922-1-.jpg
9780385618939-1-,C:\Users\HP USER\.cache\kagglehub\datasets\thomaskonstantin\6000-children-and-teen-book-covers\versions\1\BookCovers\9780385618939-1-.jpg
9780440866541,C:\Users\HP USER\.cache\kagglehub\datasets\thomaskonstantin\6000-children-and-teen-book-covers\versions\1\BookCovers\9780440866541.jpg
9780440866961,C:\Users\HP USER\.cache\kagglehub\datasets\thomaskonstantin\6000-children-and-teen-book-covers\versions\1\BookCovers\9780440866961.jpg
9780440870043-1-,C:\Users\HP USER\.cache\kagglehub\datasets\thomaskonstantin\6000-children-and-teen-book-covers\versions\1\BookCovers\9780440870043-1-.jpg
9780440870159,C:\Users\HP USER\.cache\kagglehub\datasets\thomaskonstantin\6000-children-and-teen-book-covers\versions\1\BookCovers\9780440870159.jpg
9780552546409-1-,C:\Users\HP USER\.cache\kagglehub\datasets\thomaskonstantin\6000-children-and-teen-book-covers\versions\1\BookCovers\9780552546409-1-.jpg
9780552551687,C:\Users\HP USER\.cache\kagglehub\datasets\thomaskonstantin\6000-children-and-teen-book-covers\versions\1\BookCovers\9780552551687.jpg
9780552556224,C:\Users\HP USER\.cache\kagglehub\datasets\thomaskonstantin\6000-children-and-teen-book-covers\versions\1\BookCovers\9780552556224.jpg
9780552559614,C:\Users\HP USER\.cache\kagglehub\datasets\thomaskonstantin\6000-children-and-teen-book-covers\versions\1\BookCovers\9780552559614.jpg
9780552560351-1-,C:\Users\HP USER\.cache\kagglehub\datasets\thomaskonstantin\6000-children-and-teen-book-covers\versions\1\BookCovers\9780552560351-1-.jpg
9780552560740-1-,C:\Users\HP USER\.cache\kagglehub\datasets\thomaskonstantin\6000-children-and-teen-book-covers\versions\1\BookCovers\9780552560740-1-.jpg
9780552560979-1-,C:\Users\HP USER\.cache\kagglehub\datasets\thomaskonstantin\6000-children-and-teen-book-covers\versions\1\BookCovers\9780552560979-1-.jpg
9780552561204-1-,C:\Users\HP USER\.cache\kagglehub\datasets\thomaskonstantin\6000-children-and-teen-book-covers\versions\1\BookCovers\9780552561204-1-.jpg
9780552561693-1-,C:\Users\HP USER\.cache\kagglehub\datasets\thomaskonstantin\6000-children-and-teen-book-covers\versions\1\BookCovers\9780552561693-1-.jpg
9780552563017-1-,C:\Users\HP USER\.cache\kagglehub\datasets\thomaskonstantin\6000-children-and-teen-book-covers\versions\1\BookCovers\9780552563017-1-.jpg
9780552563024-1-,C:\Users\HP USER\.cache\kagglehub\datasets\thomaskonstantin\6000-children-and-teen-book-covers\versions\1\BookCovers\9780552563024-1-.jpg
9780552563666-1-,C:\Users\HP USER\.cache\kagglehub\datasets\thomaskonstantin\6000-children-and-teen-book-covers\versions\1\BookCovers\9780552563666-1-.jpg
9780552563703-1-,C:\Users\HP USER\.cache\kagglehub\datasets\thomaskonstantin\6000-children-and-teen-book-covers\versions\1\BookCovers\9780552563703-1-.jpg
9780552564328-1-,C:\Users\HP USER\.cache\kagglehub\datasets\thomaskonstantin\6000-children-and-teen-book-covers\versions\1\BookCovers\9780552564328-1-.jpg
9780552564830,C:\Users\HP USER\.cache\kagglehub\datasets\thomaskonstantin\6000-children-and-teen-book-covers\versions\1\BookCovers\9780552564830.jpg
9780552564915-2-,C:\Users\HP USER\.cache\kagglehub\datasets\thomaskonstantin\6000-children-and-teen-book-covers\versions\1\BookCovers\9780552564915-2-.jpg
9780552565387-1-,C:\Users\HP USER\.cache\kagglehub\datasets\thomaskonstantin\6000-children-and-teen-book-covers\versions\1\BookCovers\9780552565387-1-.jpg
9780552565417-1-,C:\Users\HP USER\.cache\kagglehub\datasets\thomaskonstantin\6000-children-and-teen-book-covers\versions\1\BookCovers\9780552565417-1-.jpg
9780552565783-1-,C:\Users\HP USER\.cache\kagglehub\datasets\thomaskonstantin\6000-children-and-teen-book-covers\versions\1\BookCovers\9780552565783-1-.jpg
9780552565974,C:\Users\HP USER\.cache\kagglehub\datasets\thomaskonstantin\6000-children-and-teen-book-covers\versions\1\BookCovers\9780552565974.jpg
9780552566070-1-,C:\Users\HP USER\.cache\kagglehub\datasets\thomaskonstantin\6000-children-and-teen-book-covers\versions\1\BookCovers\9780552566070-1-.jpg
9780552566117-1-,C:\Users\HP USER\.cache\kagglehub\datasets\thomaskonstantin\6000-children-and-teen-book-covers\versions\1\BookCovers\9780552566117-1-.jpg
9780552566148,C:\Users\HP USER\.cache\kagglehub\datasets\thomaskonstantin\6000-children-and-teen-book-covers\versions\1\BookCovers\9780552566148.jpg
9780552566209,C:\Users\HP USER\.cache\kagglehub\datasets\thomaskonstantin\6000-children-and-teen-book-covers\versions\1\BookCovers\9780552566209.jpg
9780552567572,C:\Users\HP USER\.cache\kagglehub\datasets\thomaskonstantin\6000-children-and-teen-book-covers\versions\1\BookCovers\9780552567572.jpg
9780552567640-1-,C:\Users\HP USER\.cache\kagglehub\datasets\thomaskonstantin\6000-children-and-teen-book-covers\versions\1\BookCovers\9780552567640-1-.jpg
9780552568470-1-,C:\Users\HP USER\.cache\kagglehub\datasets\thomaskonstantin\6000-children-and-teen-book-covers\versions\1\BookCovers\9780552568470-1-.jpg
9780552569170,C:\Users\HP USER\.cache\kagglehub\datasets\thomaskonstantin\6000-children-and-teen-book-covers\versions\1\BookCovers\9780552569170.jpg
9780552569651,C:\Users\HP USER\.cache\kagglehub\datasets\thomaskonstantin\6000-children-and-teen-book-covers\versions\1\BookCovers\9780552569651.jpg
9780552569668,C:\Users\HP USER\.cache\kagglehub\datasets\thomaskonstantin\6000-children-and-teen-book-covers\versions\1\BookCovers\9780552569668.jpg
9780552569675,C:\Users\HP USER\.cache\kagglehub\datasets\thomaskonstantin\6000-children-and-teen-book-covers\versions\1\BookCovers\9780552569675.jpg
9780552570664-1-,C:\Users\HP USER\.cache\kagglehub\datasets\thomaskonstantin\6000-children-and-teen-book-covers\versions\1\BookCovers\9780552570664-1-.jpg
9780552571340,C:\Users\HP USER\.cache\kagglehub\datasets\thomaskonstantin\6000-children-and-teen-book-covers\versions\1\BookCovers\9780552571340.jpg
9780552571524-1-,C:\Users\HP USER\.cache\kagglehub\datasets\thomaskonstantin\6000-children-and-teen-book-covers\versions\1\BookCovers\9780552571524-1-.jpg
9780552572729,C:\Users\HP USER\.cache\kagglehub\datasets\thomaskonstantin\6000-children-and-teen-book-covers\versions\1\BookCovers\9780552572729.jpg
9780552573108,C:\Users\HP USER\.cache\kagglehub\datasets\thomaskonstantin\6000-children-and-teen-book-covers\versions\1\BookCovers\9780552573108.jpg
9780552574242,C:\Users\HP USER\.cache\kagglehub\datasets\thomaskonstantin\6000-children-and-teen-book-covers\versions\1\BookCovers\9780552574242.jpg
9780552773898-1-,C:\Users\HP USER\.cache\kagglehub\datasets\thomaskonstantin\6000-children-and-teen-book-covers\versions\1\BookCovers\9780552773898-1-.jpg
9780571260058-1-,C:\Users\HP USER\.cache\kagglehub\datasets\thomaskonstantin\6000-children-and-teen-book-covers\versions\1\BookCovers\9780571260058-1-.jpg
9780571272389-1-,C:\Users\HP USER\.cache\kagglehub\datasets\thomaskonstantin\6000-children-and-teen-book-covers\versions\1\BookCovers\9780571272389-1-.jpg
9780571272617-1-,C:\Users\HP USER\.cache\kagglehub\datasets\thomaskonstantin\6000-children-and-teen-book-covers\versions\1\BookCovers\9780571272617-1-.jpg
9780571273539-1-,C:\Users\HP USER\.cache\kagglehub\datasets\thomaskonstantin\6000-children-and-teen-book-covers\versions\1\BookCovers\9780571273539-1-.jpg
9780571274475-2-,C:\Users\HP USER\.cache\kagglehub\datasets\thomaskonstantin\6000-children-and-teen-book-covers\versions\1\BookCovers\9780571274475-2-.jpg
9780571279364-1-,C:\Users\HP USER\.cache\kagglehub\datasets\thomaskonstantin\6000-children-and-teen-book-covers\versions\1\BookCovers\9780571279364-1-.jpg
9780571282890-1-,C:\Users\HP USER\.cache\kagglehub\datasets\thomaskonstantin\6000-children-and-teen-book-covers\versions\1\BookCovers\9780571282890-1-.jpg
9780571284078-1-,C:\Users\HP USER\.cache\kagglehub\datasets\thomaskonstantin\6000-children-and-teen-book-covers\versions\1\BookCovers\9780571284078-1-.jpg
9780571284498-1-,C:\Users\HP USER\.cache\kagglehub\datasets\thomaskonstantin\6000-children-and-teen-book-covers\versions\1\BookCovers\9780571284498-1-.jpg
9780571288267,C:\Users\HP USER\.cache\kagglehub\datasets\thomaskonstantin\6000-children-and-teen-book-covers\versions\1\BookCovers\9780571288267.jpg
9780571294404-1-,C:\Users\HP USER\.cache\kagglehub\datasets\thomaskonstantin\6000-children-and-teen-book-covers\versions\1\BookCovers\9780571294404-1-.jpg
9780571294619-1-,C:\Users\HP USER\.cache\kagglehub\datasets\thomaskonstantin\6000-children-and-teen-book-covers\versions\1\BookCovers\9780571294619-1-.jpg
9780571295616-1-,C:\Users\HP USER\.cache\kagglehub\datasets\thomaskonstantin\6000-children-and-teen-book-covers\versions\1\BookCovers\9780571295616-1-.jpg
9780571302246-1-,C:\Users\HP USER\.cache\kagglehub\datasets\thomaskonstantin\6000-children-and-teen-book-covers\versions\1\BookCovers\9780571302246-1-.jpg
9780571302505,C:\Users\HP USER\.cache\kagglehub\datasets\thomaskonstantin\6000-children-and-teen-book-covers\versions\1\BookCovers\9780571302505.jpg
9780571311880,C:\Users\HP USER\.cache\kagglehub\datasets\thomaskonstantin\6000-children-and-teen-book-covers\versions\1\BookCovers\9780571311880.jpg
9780571314102,C:\Users\HP USER\.cache\kagglehub\datasets\thomaskonstantin\6000-children-and-teen-book-covers\versions\1\BookCovers\9780571314102.jpg
9780571315437,C:\Users\HP USER\.cache\kagglehub\datasets\thomaskonstantin\6000-children-and-teen-book-covers\versions\1\BookCovers\9780571315437.jpg
9780575132085-1-,C:\Users\HP USER\.cache\kagglehub\datasets\thomaskonstantin\6000-children-and-teen-book-covers\versions\1\BookCovers\9780575132085-1-.jpg
9780590542913-1-,C:\Users\HP USER\.cache\kagglehub\datasets\thomaskonstantin\6000-children-and-teen-book-covers\versions\1\BookCovers\9780590542913-1-.jpg
9780689875359-1-,C:\Users\HP USER\.cache\kagglehub\datasets\thomaskonstantin\6000-children-and-teen-book-covers\versions\1\BookCovers\9780689875359-1-.jpg
9780711253773--greta-and-the-giants,C:\Users\HP USER\.cache\kagglehub\datasets\thomaskonstantin\6000-children-and-teen-book-covers\versions\1\BookCovers\9780711253773--greta-and-the-giants.jpg
9780714857039-1-,C:\Users\HP USER\.cache\kagglehub\datasets\thomaskonstantin\6000-children-and-teen-book-covers\versions\1\BookCovers\9780714857039-1-.jpg
9780714860718-1-,C:\Users\HP USER\.cache\kagglehub\datasets\thomaskonstantin\6000-children-and-teen-book-covers\versions\1\BookCovers\9780714860718-1-.jpg
9780714860831-1-,C:\Users\HP USER\.cache\kagglehub\datasets\thomaskonstantin\6000-children-and-teen-book-covers\versions\1\BookCovers\9780714860831-1-.jpg
9780714863511-2-1-,C:\Users\HP USER\.cache\kagglehub\datasets\thomaskonstantin\6000-children-and-teen-book-covers\versions\1\BookCovers\9780714863511-2-1-.jpg
9780714864754-1-,C:\Users\HP USER\.cache\kagglehub\datasets\thomaskonstantin\6000-children-and-teen-book-covers\versions\1\BookCovers\9780714864754-1-.jpg
9780714872513,C:\Users\HP USER\.cache\kagglehub\datasets\thomaskonstantin\6000-children-and-teen-book-covers\versions\1\BookCovers\9780714872513.jpg
9780714872551,C:\Users\HP USER\.cache\kagglehub\datasets\thomaskonstantin\6000-children-and-teen-book-covers\versions\1\BookCovers\9780714872551.jpg
9780718194420-1-,C:\Users\HP USER\.cache\kagglehub\datasets\thomaskonstantin\6000-children-and-teen-book-covers\versions\1\BookCovers\9780718194420-1-.jpg
9780723277972,C:\Users\HP USER\.cache\kagglehub\datasets\thomaskonstantin\6000-children-and-teen-book-covers\versions\1\BookCovers\9780723277972.jpg
9780723299868,C:\Users\HP USER\.cache\kagglehub\datasets\thomaskonstantin\6000-children-and-teen-book-covers\versions\1\BookCovers\9780723299868.jpg
9780734411372-1-,C:\Users\HP USER\.cache\kagglehub\datasets\thomaskonstantin\6000-children-and-teen-book-covers\versions\1\BookCovers\9780734411372-1-.jpg
9780745962702-1-,C:\Users\HP USER\.cache\kagglehub\datasets\thomaskonstantin\6000-children-and-teen-book-covers\versions\1\BookCovers\9780745962702-1-.jpg
9780745963495,C:\Users\HP USER\.cache\kagglehub\datasets\thomaskonstantin\6000-children-and-teen-book-covers\versions\1\BookCovers\9780745963495.jpg
9780746077078-1-,C:\Users\HP USER\.cache\kagglehub\datasets\thomaskonstantin\6000-children-and-teen-book-covers\versions\1\BookCovers\9780746077078-1-.jpg
9780746085240-1-,C:\Users\HP USER\.cache\kagglehub\datasets\thomaskonstantin\6000-children-and-teen-book-covers\versions\1\BookCovers\9780746085240-1-.jpg
9780747558194-1-,C:\Users\HP USER\.cache\kagglehub\datasets\thomaskonstantin\6000-children-and-teen-book-covers\versions\1\BookCovers\9780747558194-1-.jpg
9780747580546,C:\Users\HP USER\.cache\kagglehub\datasets\thomaskonstantin\6000-children-and-teen-book-covers\versions\1\BookCovers\9780747580546.jpg
9780747597254-1-,C:\Users\HP USER\.cache\kagglehub\datasets\thomaskonstantin\6000-children-and-teen-book-covers\versions\1\BookCovers\9780747597254-1-.jpg
9780747599098-1-,C:\Users\HP USER\.cache\kagglehub\datasets\thomaskonstantin\6000-children-and-teen-book-covers\versions\1\BookCovers\9780747599098-1-.jpg
9780747599708-1-,C:\Users\HP USER\.cache\kagglehub\datasets\thomaskonstantin\6000-children-and-teen-book-covers\versions\1\BookCovers\9780747599708-1-.jpg
9780747599821-1-,C:\Users\HP USER\.cache\kagglehub\datasets\thomaskonstantin\6000-children-and-teen-book-covers\versions\1\BookCovers\9780747599821-1-.jpg
9780749707231-1-,C:\Users\HP USER\.cache\kagglehub\datasets\thomaskonstantin\6000-children-and-teen-book-covers\versions\1\BookCovers\9780749707231-1-.jpg
9780753438756,C:\Users\HP USER\.cache\kagglehub\datasets\thomaskonstantin\6000-children-and-teen-book-covers\versions\1\BookCovers\9780753438756.jpg
9780755347889-1-,C:\Users\HP USER\.cache\kagglehub\datasets\thomaskonstantin\6000-children-and-teen-book-covers\versions\1\BookCovers\9780755347889-1-.jpg
9780755379477-1-,C:\Users\HP USER\.cache\kagglehub\datasets\thomaskonstantin\6000-children-and-teen-book-covers\versions\1\BookCovers\9780755379477-1-.jpg
9780755393077-1-,C:\Users\HP USER\.cache\kagglehub\datasets\thomaskonstantin\6000-children-and-teen-book-covers\versions\1\BookCovers\9780755393077-1-.jpg
9780763651077-1-,C:\Users\HP USER\.cache\kagglehub\datasets\thomaskonstantin\6000-children-and-teen-book-covers\versions\1\BookCovers\9780763651077-1-.jpg
9780763668822,C:\Users\HP USER\.cache\kagglehub\datasets\thomaskonstantin\6000-children-and-teen-book-covers\versions\1\BookCovers\9780763668822.jpg
9780811866798-1-,C:\Users\HP USER\.cache\kagglehub\datasets\thomaskonstantin\6000-children-and-teen-book-covers\versions\1\BookCovers\9780811866798-1-.jpg
9780811871068-1-,C:\Users\HP USER\.cache\kagglehub\datasets\thomaskonstantin\6000-children-and-teen-book-covers\versions\1\BookCovers\9780811871068-1-.jpg
9780811879545-1-,C:\Users\HP USER\.cache\kagglehub\datasets\thomaskonstantin\6000-children-and-teen-book-covers\versions\1\BookCovers\9780811879545-1-.jpg
9780857050595-1-,C:\Users\HP USER\.cache\kagglehub\datasets\thomaskonstantin\6000-children-and-teen-book-covers\versions\1\BookCovers\9780857050595-1-.jpg
9780857071415-1-,C:\Users\HP USER\.cache\kagglehub\datasets\thomaskonstantin\6000-children-and-teen-book-covers\versions\1\BookCovers\9780857071415-1-.jpg
9780857072894-1-,C:\Users\HP USER\.cache\kagglehub\datasets\thomaskonstantin\6000-children-and-teen-book-covers\versions\1\BookCovers\9780857072894-1-.jpg
9780857073129-1-,C:\Users\HP USER\.cache\kagglehub\datasets\thomaskonstantin\6000-children-and-teen-book-covers\versions\1\BookCovers\9780857073129-1-.jpg
9780857073136-1-,C:\Users\HP USER\.cache\kagglehub\datasets\thomaskonstantin\6000-children-and-teen-book-covers\versions\1\BookCovers\9780857073136-1-.jpg
9780857073389-1-,C:\Users\HP USER\.cache\kagglehub\datasets\thomaskonstantin\6000-children-and-teen-book-covers\versions\1\BookCovers\9780857073389-1-.jpg
9780857073891-1-,C:\Users\HP USER\.cache\kagglehub\datasets\thomaskonstantin\6000-children-and-teen-book-covers\versions\1\BookCovers\9780857073891-1-.jpg
9780857074447-1-,C:\Users\HP USER\.cache\kagglehub\datasets\thomaskonstantin\6000-children-and-teen-book-covers\versions\1\BookCovers\9780857074447-1-.jpg
9780857074454,C:\Users\HP USER\.cache\kagglehub\datasets\thomaskonstantin\6000-children-and-teen-book-covers\versions\1\BookCovers\9780857074454.jpg
9780857075086,C:\Users\HP USER\.cache\kagglehub\datasets\thomaskonstantin\6000-children-and-teen-book-covers\versions\1\BookCovers\9780857075086.jpg
9780857075765-1-,C:\Users\HP USER\.cache\kagglehub\datasets\thomaskonstantin\6000-children-and-teen-book-covers\versions\1\BookCovers\9780857075765-1-.jpg
9780857075789,C:\Users\HP USER\.cache\kagglehub\datasets\thomaskonstantin\6000-children-and-teen-book-covers\versions\1\BookCovers\9780857075789.jpg
9780857075826-1-,C:\Users\HP USER\.cache\kagglehub\datasets\thomaskonstantin\6000-children-and-teen-book-covers\versions\1\BookCovers\9780857075826-1-.jpg
9780857077264-1-,C:\Users\HP USER\.cache\kagglehub\datasets\thomaskonstantin\6000-children-and-teen-book-covers\versions\1\BookCovers\9780857077264-1-.jpg
9780857078001-1-,C:\Users\HP USER\.cache\kagglehub\datasets\thomaskonstantin\6000-children-and-teen-book-covers\versions\1\BookCovers\9780857078001-1-.jpg
9780857078414,C:\Users\HP USER\.cache\kagglehub\datasets\thomaskonstantin\6000-children-and-teen-book-covers\versions\1\BookCovers\9780857078414.jpg
9780857078704-1-,C:\Users\HP USER\.cache\kagglehub\datasets\thomaskonstantin\6000-children-and-teen-book-covers\versions\1\BookCovers\9780857078704-1-.jpg
9780857381873-1-,C:\Users\HP USER\.cache\kagglehub\datasets\thomaskonstantin\6000-children-and-teen-book-covers\versions\1\BookCovers\9780857381873-1-.jpg
9780857384287-1-,C:\Users\HP USER\.cache\kagglehub\datasets\thomaskonstantin\6000-children-and-teen-book-covers\versions\1\BookCovers\9780857384287-1-.jpg
9780857385703-1-,C:\Users\HP USER\.cache\kagglehub\datasets\thomaskonstantin\6000-children-and-teen-book-covers\versions\1\BookCovers\9780857385703-1-.jpg
9780857386755-1-,C:\Users\HP USER\.cache\kagglehub\datasets\thomaskonstantin\6000-children-and-teen-book-covers\versions\1\BookCovers\9780857386755-1-.jpg
9780857389909-1-,C:\Users\HP USER\.cache\kagglehub\datasets\thomaskonstantin\6000-children-and-teen-book-covers\versions\1\BookCovers\9780857389909-1-.jpg
9780857530332,C:\Users\HP USER\.cache\kagglehub\datasets\thomaskonstantin\6000-children-and-teen-book-covers\versions\1\BookCovers\9780857530332.jpg
9780857530448-1-,C:\Users\HP USER\.cache\kagglehub\datasets\thomaskonstantin\6000-children-and-teen-book-covers\versions\1\BookCovers\9780857530448-1-.jpg
9780857530530-1-,C:\Users\HP USER\.cache\kagglehub\datasets\thomaskonstantin\6000-children-and-teen-book-covers\versions\1\BookCovers\9780857530530-1-.jpg
9780857530578-1-,C:\Users\HP USER\.cache\kagglehub\datasets\thomaskonstantin\6000-children-and-teen-book-covers\versions\1\BookCovers\9780857530578-1-.jpg
9780857531117-1-,C:\Users\HP USER\.cache\kagglehub\datasets\thomaskonstantin\6000-children-and-teen-book-covers\versions\1\BookCovers\9780857531117-1-.jpg
9780857531308-1-,C:\Users\HP USER\.cache\kagglehub\datasets\thomaskonstantin\6000-children-and-teen-book-covers\versions\1\BookCovers\9780857531308-1-.jpg
9780857531704-1-,C:\Users\HP USER\.cache\kagglehub\datasets\thomaskonstantin\6000-children-and-teen-book-covers\versions\1\BookCovers\9780857531704-1-.jpg
9780857532213-1-,C:\Users\HP USER\.cache\kagglehub\datasets\thomaskonstantin\6000-children-and-teen-book-covers\versions\1\BookCovers\9780857532213-1-.jpg
9780857532404-1-,C:\Users\HP USER\.cache\kagglehub\datasets\thomaskonstantin\6000-children-and-teen-book-covers\versions\1\BookCovers\9780857532404-1-.jpg
9780857532671-1-,C:\Users\HP USER\.cache\kagglehub\datasets\thomaskonstantin\6000-children-and-teen-book-covers\versions\1\BookCovers\9780857532671-1-.jpg
9780857550156-1-,C:\Users\HP USER\.cache\kagglehub\datasets\thomaskonstantin\6000-children-and-teen-book-covers\versions\1\BookCovers\9780857550156-1-.jpg
9780857550217-1-,C:\Users\HP USER\.cache\kagglehub\datasets\thomaskonstantin\6000-children-and-teen-book-covers\versions\1\BookCovers\9780857550217-1-.jpg
9780857560087-1-,C:\Users\HP USER\.cache\kagglehub\datasets\thomaskonstantin\6000-children-and-teen-book-covers\versions\1\BookCovers\9780857560087-1-.jpg
9780857560100-1-,C:\Users\HP USER\.cache\kagglehub\datasets\thomaskonstantin\6000-children-and-teen-book-covers\versions\1\BookCovers\9780857560100-1-.jpg
9780857560117-1-,C:\Users\HP USER\.cache\kagglehub\datasets\thomaskonstantin\6000-children-and-teen-book-covers\versions\1\BookCovers\9780857560117-1-.jpg
9780857560162-1-,C:\Users\HP USER\.cache\kagglehub\datasets\thomaskonstantin\6000-children-and-teen-book-covers\versions\1\BookCovers\9780857560162-1-.jpg
9780857560186-1-,C:\Users\HP USER\.cache\kagglehub\datasets\thomaskonstantin\6000-children-and-teen-book-covers\versions\1\BookCovers\9780857560186-1-.jpg
9780857560292-1-,C:\Users\HP USER\.cache\kagglehub\datasets\thomaskonstantin\6000-children-and-teen-book-covers\versions\1\BookCovers\9780857560292-1-.jpg
9780857560360-1-,C:\Users\HP USER\.cache\kagglehub\datasets\thomaskonstantin\6000-children-and-teen-book-covers\versions\1\BookCovers\9780857560360-1-.jpg
9780857560421-1-,C:\Users\HP USER\.cache\kagglehub\datasets\thomaskonstantin\6000-children-and-teen-book-covers\versions\1\BookCovers\9780857560421-1-.jpg
9780857560674-1-,C:\Users\HP USER\.cache\kagglehub\datasets\thomaskonstantin\6000-children-and-teen-book-covers\versions\1\BookCovers\9780857560674-1-.jpg
9780857560902-1-,C:\Users\HP USER\.cache\kagglehub\datasets\thomaskonstantin\6000-children-and-teen-book-covers\versions\1\BookCovers\9780857560902-1-.jpg
9780857630025-1-,C:\Users\HP USER\.cache\kagglehub\datasets\thomaskonstantin\6000-children-and-teen-book-covers\versions\1\BookCovers\9780857630025-1-.jpg
9780857630162,C:\Users\HP USER\.cache\kagglehub\datasets\thomaskonstantin\6000-children-and-teen-book-covers\versions\1\BookCovers\9780857630162.jpg
9780857630179-1-,C:\Users\HP USER\.cache\kagglehub\datasets\thomaskonstantin\6000-children-and-teen-book-covers\versions\1\BookCovers\9780857630179-1-.jpg
9780857630193-1-,C:\Users\HP USER\.cache\kagglehub\datasets\thomaskonstantin\6000-children-and-teen-book-covers\versions\1\BookCovers\9780857630193-1-.jpg
9780857630315-1-,C:\Users\HP USER\.cache\kagglehub\datasets\thomaskonstantin\6000-children-and-teen-book-covers\versions\1\BookCovers\9780857630315-1-.jpg
9780857630476-1-,C:\Users\HP USER\.cache\kagglehub\datasets\thomaskonstantin\6000-children-and-teen-book-covers\versions\1\BookCovers\9780857630476-1-.jpg
9780857630506-1-,C:\Users\HP USER\.cache\kagglehub\datasets\thomaskonstantin\6000-children-and-teen-book-covers\versions\1\BookCovers\9780857630506-1-.jpg
9780857630520,C:\Users\HP USER\.cache\kagglehub\datasets\thomaskonstantin\6000-children-and-teen-book-covers\versions\1\BookCovers\9780857630520.jpg
9780857630698-1-,C:\Users\HP USER\.cache\kagglehub\datasets\thomaskonstantin\6000-children-and-teen-book-covers\versions\1\BookCovers\9780857630698-1-.jpg
9780857630858-1-,C:\Users\HP USER\.cache\kagglehub\datasets\thomaskonstantin\6000-children-and-teen-book-covers\versions\1\BookCovers\9780857630858-1-.jpg
9780857630865-1-,C:\Users\HP USER\.cache\kagglehub\datasets\thomaskonstantin\6000-children-and-teen-book-covers\versions\1\BookCovers\9780857630865-1-.jpg
9780857630902-1-,C:\Users\HP USER\.cache\kagglehub\datasets\thomaskonstantin\6000-children-and-teen-book-covers\versions\1\BookCovers\9780857630902-1-.jpg
9780857631077-1-,C:\Users\HP USER\.cache\kagglehub\datasets\thomaskonstantin\6000-children-and-teen-book-covers\versions\1\BookCovers\9780857631077-1-.jpg
9780857631312,C:\Users\HP USER\.cache\kagglehub\datasets\thomaskonstantin\6000-children-and-teen-book-covers\versions\1\BookCovers\9780857631312.jpg
9780857631503-1-,C:\Users\HP USER\.cache\kagglehub\datasets\thomaskonstantin\6000-children-and-teen-book-covers\versions\1\BookCovers\9780857631503-1-.jpg
9780857631626-1-,C:\Users\HP USER\.cache\kagglehub\datasets\thomaskonstantin\6000-children-and-teen-book-covers\versions\1\BookCovers\9780857631626-1-.jpg
9780857631992-1-,C:\Users\HP USER\.cache\kagglehub\datasets\thomaskonstantin\6000-children-and-teen-book-covers\versions\1\BookCovers\9780857631992-1-.jpg
9780857632371-1-,C:\Users\HP USER\.cache\kagglehub\datasets\thomaskonstantin\6000-children-and-teen-book-covers\versions\1\BookCovers\9780857632371-1-.jpg
9780862644949-1-,C:\Users\HP USER\.cache\kagglehub\datasets\thomaskonstantin\6000-children-and-teen-book-covers\versions\1\BookCovers\9780862644949-1-.jpg
9780954737382,C:\Users\HP USER\.cache\kagglehub\datasets\thomaskonstantin\6000-children-and-teen-book-covers\versions\1\BookCovers\9780954737382.jpg
9780955816970-1-,C:\Users\HP USER\.cache\kagglehub\datasets\thomaskonstantin\6000-children-and-teen-book-covers\versions\1\BookCovers\9780955816970-1-.jpg
9780993225321,C:\Users\HP USER\.cache\kagglehub\datasets\thomaskonstantin\6000-children-and-teen-book-covers\versions\1\BookCovers\9780993225321.jpg
9781405230353-1-,C:\Users\HP USER\.cache\kagglehub\datasets\thomaskonstantin\6000-children-and-teen-book-covers\versions\1\BookCovers\9781405230353-1-.jpg
9781405238182-1-,C:\Users\HP USER\.cache\kagglehub\datasets\thomaskonstantin\6000-children-and-teen-book-covers\versions\1\BookCovers\9781405238182-1-.jpg
9781405243056-1-,C:\Users\HP USER\.cache\kagglehub\datasets\thomaskonstantin\6000-children-and-teen-book-covers\versions\1\BookCovers\9781405243056-1-.jpg
9781405253345-1-,C:\Users\HP USER\.cache\kagglehub\datasets\thomaskonstantin\6000-children-and-teen-book-covers\versions\1\BookCovers\9781405253345-1-.jpg
9781405253956,C:\Users\HP USER\.cache\kagglehub\datasets\thomaskonstantin\6000-children-and-teen-book-covers\versions\1\BookCovers\9781405253956.jpg
9781405254205-1-,C:\Users\HP USER\.cache\kagglehub\datasets\thomaskonstantin\6000-children-and-teen-book-covers\versions\1\BookCovers\9781405254205-1-.jpg
9781405256216-1-,C:\Users\HP USER\.cache\kagglehub\datasets\thomaskonstantin\6000-children-and-teen-book-covers\versions\1\BookCovers\9781405256216-1-.jpg
9781405256520-1-,C:\Users\HP USER\.cache\kagglehub\datasets\thomaskonstantin\6000-children-and-teen-book-covers\versions\1\BookCovers\9781405256520-1-.jpg
9781405256728-1-,C:\Users\HP USER\.cache\kagglehub\datasets\thomaskonstantin\6000-children-and-teen-book-covers\versions\1\BookCovers\9781405256728-1-.jpg
9781405256735-1-,C:\Users\HP USER\.cache\kagglehub\datasets\thomaskonstantin\6000-children-and-teen-book-covers\versions\1\BookCovers\9781405256735-1-.jpg
9781405257589-1-,C:\Users\HP USER\.cache\kagglehub\datasets\thomaskonstantin\6000-children-and-teen-book-covers\versions\1\BookCovers\9781405257589-1-.jpg
9781405257619-1-,C:\Users\HP USER\.cache\kagglehub\datasets\thomaskonstantin\6000-children-and-teen-book-covers\versions\1\BookCovers\9781405257619-1-.jpg
9781405258166-1-,C:\Users\HP USER\.cache\kagglehub\datasets\thomaskonstantin\6000-children-and-teen-book-covers\versions\1\BookCovers\9781405258166-1-.jpg
9781405260312-1-,C:\Users\HP USER\.cache\kagglehub\datasets\thomaskonstantin\6000-children-and-teen-book-covers\versions\1\BookCovers\9781405260312-1-.jpg
9781405260329-1-,C:\Users\HP USER\.cache\kagglehub\datasets\thomaskonstantin\6000-children-and-teen-book-covers\versions\1\BookCovers\9781405260329-1-.jpg
9781405260381,C:\Users\HP USER\.cache\kagglehub\datasets\thomaskonstantin\6000-children-and-teen-book-covers\versions\1\BookCovers\9781405260381.jpg
9781405261333-1-,C:\Users\HP USER\.cache\kagglehub\datasets\thomaskonstantin\6000-children-and-teen-book-covers\versions\1\BookCovers\9781405261333-1-.jpg
9781405262705,C:\Users\HP USER\.cache\kagglehub\datasets\thomaskonstantin\6000-children-and-teen-book-covers\versions\1\BookCovers\9781405262705.jpg
9781405263528,C:\Users\HP USER\.cache\kagglehub\datasets\thomaskonstantin\6000-children-and-teen-book-covers\versions\1\BookCovers\9781405263528.jpg
9781405263764-1-,C:\Users\HP USER\.cache\kagglehub\datasets\thomaskonstantin\6000-children-and-teen-book-covers\versions\1\BookCovers\9781405263764-1-.jpg
9781405265119-1-,C:\Users\HP USER\.cache\kagglehub\datasets\thomaskonstantin\6000-children-and-teen-book-covers\versions\1\BookCovers\9781405265119-1-.jpg
9781405266437-1-,C:\Users\HP USER\.cache\kagglehub\datasets\thomaskonstantin\6000-children-and-teen-book-covers\versions\1\BookCovers\9781405266437-1-.jpg
9781405268288,C:\Users\HP USER\.cache\kagglehub\datasets\thomaskonstantin\6000-children-and-teen-book-covers\versions\1\BookCovers\9781405268288.jpg
9781405269131,C:\Users\HP USER\.cache\kagglehub\datasets\thomaskonstantin\6000-children-and-teen-book-covers\versions\1\BookCovers\9781405269131.jpg
9781405271356-1-,C:\Users\HP USER\.cache\kagglehub\datasets\thomaskonstantin\6000-children-and-teen-book-covers\versions\1\BookCovers\9781405271356-1-.jpg
9781405283403,C:\Users\HP USER\.cache\kagglehub\datasets\thomaskonstantin\6000-children-and-teen-book-covers\versions\1\BookCovers\9781405283403.jpg
9781406304916-1-,C:\Users\HP USER\.cache\kagglehub\datasets\thomaskonstantin\6000-children-and-teen-book-covers\versions\1\BookCovers\9781406304916-1-.jpg
9781406313895-1-,C:\Users\HP USER\.cache\kagglehub\datasets\thomaskonstantin\6000-children-and-teen-book-covers\versions\1\BookCovers\9781406313895-1-.jpg
9781406315059-1-,C:\Users\HP USER\.cache\kagglehub\datasets\thomaskonstantin\6000-children-and-teen-book-covers\versions\1\BookCovers\9781406315059-1-.jpg
9781406316636-1-,C:\Users\HP USER\.cache\kagglehub\datasets\thomaskonstantin\6000-children-and-teen-book-covers\versions\1\BookCovers\9781406316636-1-.jpg
9781406318333-1-,C:\Users\HP USER\.cache\kagglehub\datasets\thomaskonstantin\6000-children-and-teen-book-covers\versions\1\BookCovers\9781406318333-1-.jpg
9781406321579-1-,C:\Users\HP USER\.cache\kagglehub\datasets\thomaskonstantin\6000-children-and-teen-book-covers\versions\1\BookCovers\9781406321579-1-.jpg
9781406322187-1-,C:\Users\HP USER\.cache\kagglehub\datasets\thomaskonstantin\6000-children-and-teen-book-covers\versions\1\BookCovers\9781406322187-1-.jpg
9781406323030-1-,C:\Users\HP USER\.cache\kagglehub\datasets\thomaskonstantin\6000-children-and-teen-book-covers\versions\1\BookCovers\9781406323030-1-.jpg
9781406323351-2-,C:\Users\HP USER\.cache\kagglehub\datasets\thomaskonstantin\6000-children-and-teen-book-covers\versions\1\BookCovers\9781406323351-2-.jpg
9781406323429-1-,C:\Users\HP USER\.cache\kagglehub\datasets\thomaskonstantin\6000-children-and-teen-book-covers\versions\1\BookCovers\9781406323429-1-.jpg
9781406324211,C:\Users\HP USER\.cache\kagglehub\datasets\thomaskonstantin\6000-children-and-teen-book-covers\versions\1\BookCovers\9781406324211.jpg
9781406324235-1-,C:\Users\HP USER\.cache\kagglehub\datasets\thomaskonstantin\6000-children-and-teen-book-covers\versions\1\BookCovers\9781406324235-1-.jpg
9781406325614-1-,C:\Users\HP USER\.cache\kagglehub\datasets\thomaskonstantin\6000-children-and-teen-book-covers\versions\1\BookCovers\9781406325614-1-.jpg
9781406325799-1-,C:\Users\HP USER\.cache\kagglehub\datasets\thomaskonstantin\6000-children-and-teen-book-covers\versions\1\BookCovers\9781406325799-1-.jpg
9781406326192-1-,C:\Users\HP USER\.cache\kagglehub\datasets\thomaskonstantin\6000-children-and-teen-book-covers\versions\1\BookCovers\9781406326192-1-.jpg
9781406327069-1-,C:\Users\HP USER\.cache\kagglehub\datasets\thomaskonstantin\6000-children-and-teen-book-covers\versions\1\BookCovers\9781406327069-1-.jpg
9781406327137,C:\Users\HP USER\.cache\kagglehub\datasets\thomaskonstantin\6000-children-and-teen-book-covers\versions\1\BookCovers\9781406327137.jpg
9781406327922-1-,C:\Users\HP USER\.cache\kagglehub\datasets\thomaskonstantin\6000-children-and-teen-book-covers\versions\1\BookCovers\9781406327922-1-.jpg
9781406329889-1-,C:\Users\HP USER\.cache\kagglehub\datasets\thomaskonstantin\6000-children-and-teen-book-covers\versions\1\BookCovers\9781406329889-1-.jpg
9781406330052-1-,C:\Users\HP USER\.cache\kagglehub\datasets\thomaskonstantin\6000-children-and-teen-book-covers\versions\1\BookCovers\9781406330052-1-.jpg
9781406331264-1-,C:\Users\HP USER\.cache\kagglehub\datasets\thomaskonstantin\6000-children-and-teen-book-covers\versions\1\BookCovers\9781406331264-1-.jpg
9781406331394-1-,C:\Users\HP USER\.cache\kagglehub\datasets\thomaskonstantin\6000-children-and-teen-book-covers\versions\1\BookCovers\9781406331394-1-.jpg
9781406331806-1-,C:\Users\HP USER\.cache\kagglehub\datasets\thomaskonstantin\6000-children-and-teen-book-covers\versions\1\BookCovers\9781406331806-1-.jpg
9781406332049-1-,C:\Users\HP USER\.cache\kagglehub\datasets\thomaskonstantin\6000-children-and-teen-book-covers\versions\1\BookCovers\9781406332049-1-.jpg
9781406332254-1-,C:\Users\HP USER\.cache\kagglehub\datasets\thomaskonstantin\6000-children-and-teen-book-covers\versions\1\BookCovers\9781406332254-1-.jpg
9781406335231-1-,C:\Users\HP USER\.cache\kagglehub\datasets\thomaskonstantin\6000-children-and-teen-book-covers\versions\1\BookCovers\9781406335231-1-.jpg
9781406335811-1-,C:\Users\HP USER\.cache\kagglehub\datasets\thomaskonstantin\6000-children-and-teen-book-covers\versions\1\BookCovers\9781406335811-1-.jpg
9781406336108,C:\Users\HP USER\.cache\kagglehub\datasets\thomaskonstantin\6000-children-and-teen-book-covers\versions\1\BookCovers\9781406336108.jpg
9781406336832-1-,C:\Users\HP USER\.cache\kagglehub\datasets\thomaskonstantin\6000-children-and-teen-book-covers\versions\1\BookCovers\9781406336832-1-.jpg
9781406336962-1-,C:\Users\HP USER\.cache\kagglehub\datasets\thomaskonstantin\6000-children-and-teen-book-covers\versions\1\BookCovers\9781406336962-1-.jpg
9781406337174-1-,C:\Users\HP USER\.cache\kagglehub\datasets\thomaskonstantin\6000-children-and-teen-book-covers\versions\1\BookCovers\9781406337174-1-.jpg
9781406337402-1-,C:\Users\HP USER\.cache\kagglehub\datasets\thomaskonstantin\6000-children-and-teen-book-covers\versions\1\BookCovers\9781406337402-1-.jpg
9781406337730-1-,C:\Users\HP USER\.cache\kagglehub\datasets\thomaskonstantin\6000-children-and-teen-book-covers\versions\1\BookCovers\9781406337730-1-.jpg
9781406337761-1-,C:\Users\HP USER\.cache\kagglehub\datasets\thomaskonstantin\6000-children-and-teen-book-covers\versions\1\BookCovers\9781406337761-1-.jpg
9781406337976-1-,C:\Users\HP USER\.cache\kagglehub\datasets\thomaskonstantin\6000-children-and-teen-book-covers\versions\1\BookCovers\9781406337976-1-.jpg
9781406338324-1-,C:\Users\HP USER\.cache\kagglehub\datasets\thomaskonstantin\6000-children-and-teen-book-covers\versions\1\BookCovers\9781406338324-1-.jpg
9781406339666,C:\Users\HP USER\.cache\kagglehub\datasets\thomaskonstantin\6000-children-and-teen-book-covers\versions\1\BookCovers\9781406339666.jpg
9781406339673-1-,C:\Users\HP USER\.cache\kagglehub\datasets\thomaskonstantin\6000-children-and-teen-book-covers\versions\1\BookCovers\9781406339673-1-.jpg
9781406339819-1-,C:\Users\HP USER\.cache\kagglehub\datasets\thomaskonstantin\6000-children-and-teen-book-covers\versions\1\BookCovers\9781406339819-1-.jpg
9781406340013-1-,C:\Users\HP USER\.cache\kagglehub\datasets\thomaskonstantin\6000-children-and-teen-book-covers\versions\1\BookCovers\9781406340013-1-.jpg
9781406340099-1-,C:\Users\HP USER\.cache\kagglehub\datasets\thomaskonstantin\6000-children-and-teen-book-covers\versions\1\BookCovers\9781406340099-1-.jpg
9781406343939-1-,C:\Users\HP USER\.cache\kagglehub\datasets\thomaskonstantin\6000-children-and-teen-book-covers\versions\1\BookCovers\9781406343939-1-.jpg
9781406344776-1-,C:\Users\HP USER\.cache\kagglehub\datasets\thomaskonstantin\6000-children-and-teen-book-covers\versions\1\BookCovers\9781406344776-1-.jpg
9781406347302-1-,C:\Users\HP USER\.cache\kagglehub\datasets\thomaskonstantin\6000-children-and-teen-book-covers\versions\1\BookCovers\9781406347302-1-.jpg
9781406347517,C:\Users\HP USER\.cache\kagglehub\datasets\thomaskonstantin\6000-children-and-teen-book-covers\versions\1\BookCovers\9781406347517.jpg
9781406352481-1-,C:\Users\HP USER\.cache\kagglehub\datasets\thomaskonstantin\6000-children-and-teen-book-covers\versions\1\BookCovers\9781406352481-1-.jpg
9781406353044,C:\Users\HP USER\.cache\kagglehub\datasets\thomaskonstantin\6000-children-and-teen-book-covers\versions\1\BookCovers\9781406353044.jpg
9781406357509,C:\Users\HP USER\.cache\kagglehub\datasets\thomaskonstantin\6000-children-and-teen-book-covers\versions\1\BookCovers\9781406357509.jpg
9781406359008,C:\Users\HP USER\.cache\kagglehub\datasets\thomaskonstantin\6000-children-and-teen-book-covers\versions\1\BookCovers\9781406359008.jpg
9781406359633,C:\Users\HP USER\.cache\kagglehub\datasets\thomaskonstantin\6000-children-and-teen-book-covers\versions\1\BookCovers\9781406359633.jpg
9781406366969,C:\Users\HP USER\.cache\kagglehub\datasets\thomaskonstantin\6000-children-and-teen-book-covers\versions\1\BookCovers\9781406366969.jpg
9781407103488-1-,C:\Users\HP USER\.cache\kagglehub\datasets\thomaskonstantin\6000-children-and-teen-book-covers\versions\1\BookCovers\9781407103488-1-.jpg
9781407108230-1-,C:\Users\HP USER\.cache\kagglehub\datasets\thomaskonstantin\6000-children-and-teen-book-covers\versions\1\BookCovers\9781407108230-1-.jpg
9781407109640-1-,C:\Users\HP USER\.cache\kagglehub\datasets\thomaskonstantin\6000-children-and-teen-book-covers\versions\1\BookCovers\9781407109640-1-.jpg
9781407114712-1-,C:\Users\HP USER\.cache\kagglehub\datasets\thomaskonstantin\6000-children-and-teen-book-covers\versions\1\BookCovers\9781407114712-1-.jpg
9781407115276-1-,C:\Users\HP USER\.cache\kagglehub\datasets\thomaskonstantin\6000-children-and-teen-book-covers\versions\1\BookCovers\9781407115276-1-.jpg
9781407115887-1-,C:\Users\HP USER\.cache\kagglehub\datasets\thomaskonstantin\6000-children-and-teen-book-covers\versions\1\BookCovers\9781407115887-1-.jpg
9781407116440-1-,C:\Users\HP USER\.cache\kagglehub\datasets\thomaskonstantin\6000-children-and-teen-book-covers\versions\1\BookCovers\9781407116440-1-.jpg
9781407116549-1-,C:\Users\HP USER\.cache\kagglehub\datasets\thomaskonstantin\6000-children-and-teen-book-covers\versions\1\BookCovers\9781407116549-1-.jpg
9781407116730-1-,C:\Users\HP USER\.cache\kagglehub\datasets\thomaskonstantin\6000-children-and-teen-book-covers\versions\1\BookCovers\9781407116730-1-.jpg
9781407120645-1-,C:\Users\HP USER\.cache\kagglehub\datasets\thomaskonstantin\6000-children-and-teen-book-covers\versions\1\BookCovers\9781407120645-1-.jpg
9781407120669-1-,C:\Users\HP USER\.cache\kagglehub\datasets\thomaskonstantin\6000-children-and-teen-book-covers\versions\1\BookCovers\9781407120669-1-.jpg
9781407120690-1-,C:\Users\HP USER\.cache\kagglehub\datasets\thomaskonstantin\6000-children-and-teen-book-covers\versions\1\BookCovers\9781407120690-1-.jpg
9781407121659-1-,C:\Users\HP USER\.cache\kagglehub\datasets\thomaskonstantin\6000-children-and-teen-book-covers\versions\1\BookCovers\9781407121659-1-.jpg
9781407121727-1-,C:\Users\HP USER\.cache\kagglehub\datasets\thomaskonstantin\6000-children-and-teen-book-covers\versions\1\BookCovers\9781407121727-1-.jpg
9781407124063-1-,C:\Users\HP USER\.cache\kagglehub\datasets\thomaskonstantin\6000-children-and-teen-book-covers\versions\1\BookCovers\9781407124063-1-.jpg
9781407124322-1-,C:\Users\HP USER\.cache\kagglehub\datasets\thomaskonstantin\6000-children-and-teen-book-covers\versions\1\BookCovers\9781407124322-1-.jpg
9781407124377-1-,C:\Users\HP USER\.cache\kagglehub\datasets\thomaskonstantin\6000-children-and-teen-book-covers\versions\1\BookCovers\9781407124377-1-.jpg
9781407131450-1-,C:\Users\HP USER\.cache\kagglehub\datasets\thomaskonstantin\6000-children-and-teen-book-covers\versions\1\BookCovers\9781407131450-1-.jpg
9781407131771-1-,C:\Users\HP USER\.cache\kagglehub\datasets\thomaskonstantin\6000-children-and-teen-book-covers\versions\1\BookCovers\9781407131771-1-.jpg
9781407132044-1-,C:\Users\HP USER\.cache\kagglehub\datasets\thomaskonstantin\6000-children-and-teen-book-covers\versions\1\BookCovers\9781407132044-1-.jpg
9781407134505-1-,C:\Users\HP USER\.cache\kagglehub\datasets\thomaskonstantin\6000-children-and-teen-book-covers\versions\1\BookCovers\9781407134505-1-.jpg
9781407135083,C:\Users\HP USER\.cache\kagglehub\datasets\thomaskonstantin\6000-children-and-teen-book-covers\versions\1\BookCovers\9781407135083.jpg
9781407138091-1-,C:\Users\HP USER\.cache\kagglehub\datasets\thomaskonstantin\6000-children-and-teen-book-covers\versions\1\BookCovers\9781407138091-1-.jpg
9781407157399,C:\Users\HP USER\.cache\kagglehub\datasets\thomaskonstantin\6000-children-and-teen-book-covers\versions\1\BookCovers\9781407157399.jpg
9781407158044,C:\Users\HP USER\.cache\kagglehub\datasets\thomaskonstantin\6000-children-and-teen-book-covers\versions\1\BookCovers\9781407158044.jpg
9781407158549,C:\Users\HP USER\.cache\kagglehub\datasets\thomaskonstantin\6000-children-and-teen-book-covers\versions\1\BookCovers\9781407158549.jpg
9781407163499,C:\Users\HP USER\.cache\kagglehub\datasets\thomaskonstantin\6000-children-and-teen-book-covers\versions\1\BookCovers\9781407163499.jpg
9781408122341-1-,C:\Users\HP USER\.cache\kagglehub\datasets\thomaskonstantin\6000-children-and-teen-book-covers\versions\1\BookCovers\9781408122341-1-.jpg
9781408142585-1-,C:\Users\HP USER\.cache\kagglehub\datasets\thomaskonstantin\6000-children-and-teen-book-covers\versions\1\BookCovers\9781408142585-1-.jpg
9781408142592-1-,C:\Users\HP USER\.cache\kagglehub\datasets\thomaskonstantin\6000-children-and-teen-book-covers\versions\1\BookCovers\9781408142592-1-.jpg
9781408142608-1-,C:\Users\HP USER\.cache\kagglehub\datasets\thomaskonstantin\6000-children-and-teen-book-covers\versions\1\BookCovers\9781408142608-1-.jpg
9781408142653-1-,C:\Users\HP USER\.cache\kagglehub\datasets\thomaskonstantin\6000-children-and-teen-book-covers\versions\1\BookCovers\9781408142653-1-.jpg
9781408152690-1-,C:\Users\HP USER\.cache\kagglehub\datasets\thomaskonstantin\6000-children-and-teen-book-covers\versions\1\BookCovers\9781408152690-1-.jpg
9781408152706-1-,C:\Users\HP USER\.cache\kagglehub\datasets\thomaskonstantin\6000-children-and-teen-book-covers\versions\1\BookCovers\9781408152706-1-.jpg
9781408155592-1-,C:\Users\HP USER\.cache\kagglehub\datasets\thomaskonstantin\6000-children-and-teen-book-covers\versions\1\BookCovers\9781408155592-1-.jpg
9781408155813-1-,C:\Users\HP USER\.cache\kagglehub\datasets\thomaskonstantin\6000-children-and-teen-book-covers\versions\1\BookCovers\9781408155813-1-.jpg
9781408188224,C:\Users\HP USER\.cache\kagglehub\datasets\thomaskonstantin\6000-children-and-teen-book-covers\versions\1\BookCovers\9781408188224.jpg
9781408196908-1-,C:\Users\HP USER\.cache\kagglehub\datasets\thomaskonstantin\6000-children-and-teen-book-covers\versions\1\BookCovers\9781408196908-1-.jpg
9781408308967-1-,C:\Users\HP USER\.cache\kagglehub\datasets\thomaskonstantin\6000-children-and-teen-book-covers\versions\1\BookCovers\9781408308967-1-.jpg
9781408309186,C:\Users\HP USER\.cache\kagglehub\datasets\thomaskonstantin\6000-children-and-teen-book-covers\versions\1\BookCovers\9781408309186.jpg
9781408309285-1-,C:\Users\HP USER\.cache\kagglehub\datasets\thomaskonstantin\6000-children-and-teen-book-covers\versions\1\BookCovers\9781408309285-1-.jpg
9781408309476-1-,C:\Users\HP USER\.cache\kagglehub\datasets\thomaskonstantin\6000-children-and-teen-book-covers\versions\1\BookCovers\9781408309476-1-.jpg
9781408309575-1-,C:\Users\HP USER\.cache\kagglehub\datasets\thomaskonstantin\6000-children-and-teen-book-covers\versions\1\BookCovers\9781408309575-1-.jpg
9781408312735,C:\Users\HP USER\.cache\kagglehub\datasets\thomaskonstantin\6000-children-and-teen-book-covers\versions\1\BookCovers\9781408312735.jpg
9781408312759-1-,C:\Users\HP USER\.cache\kagglehub\datasets\thomaskonstantin\6000-children-and-teen-book-covers\versions\1\BookCovers\9781408312759-1-.jpg
9781408313039-1-,C:\Users\HP USER\.cache\kagglehub\datasets\thomaskonstantin\6000-children-and-teen-book-covers\versions\1\BookCovers\9781408313039-1-.jpg
9781408313664-1-,C:\Users\HP USER\.cache\kagglehub\datasets\thomaskonstantin\6000-children-and-teen-book-covers\versions\1\BookCovers\9781408313664-1-.jpg
9781408313923-1-,C:\Users\HP USER\.cache\kagglehub\datasets\thomaskonstantin\6000-children-and-teen-book-covers\versions\1\BookCovers\9781408313923-1-.jpg
9781408314012-1-,C:\Users\HP USER\.cache\kagglehub\datasets\thomaskonstantin\6000-children-and-teen-book-covers\versions\1\BookCovers\9781408314012-1-.jpg
9781408314661-1-,C:\Users\HP USER\.cache\kagglehub\datasets\thomaskonstantin\6000-children-and-teen-book-covers\versions\1\BookCovers\9781408314661-1-.jpg
9781408319468-1-,C:\Users\HP USER\.cache\kagglehub\datasets\thomaskonstantin\6000-children-and-teen-book-covers\versions\1\BookCovers\9781408319468-1-.jpg
9781408320051-1-,C:\Users\HP USER\.cache\kagglehub\datasets\thomaskonstantin\6000-children-and-teen-book-covers\versions\1\BookCovers\9781408320051-1-.jpg
9781408324387-1-,C:\Users\HP USER\.cache\kagglehub\datasets\thomaskonstantin\6000-children-and-teen-book-covers\versions\1\BookCovers\9781408324387-1-.jpg
9781408326350-1-,C:\Users\HP USER\.cache\kagglehub\datasets\thomaskonstantin\6000-children-and-teen-book-covers\versions\1\BookCovers\9781408326350-1-.jpg
9781408327548-1-,C:\Users\HP USER\.cache\kagglehub\datasets\thomaskonstantin\6000-children-and-teen-book-covers\versions\1\BookCovers\9781408327548-1-.jpg
9781408328415-1-,C:\Users\HP USER\.cache\kagglehub\datasets\thomaskonstantin\6000-children-and-teen-book-covers\versions\1\BookCovers\9781408328415-1-.jpg
9781408330029-1-,C:\Users\HP USER\.cache\kagglehub\datasets\thomaskonstantin\6000-children-and-teen-book-covers\versions\1\BookCovers\9781408330029-1-.jpg
9781408339008,C:\Users\HP USER\.cache\kagglehub\datasets\thomaskonstantin\6000-children-and-teen-book-covers\versions\1\BookCovers\9781408339008.jpg
9781408802649-1-,C:\Users\HP USER\.cache\kagglehub\datasets\thomaskonstantin\6000-children-and-teen-book-covers\versions\1\BookCovers\9781408802649-1-.jpg
9781408802991-1-,C:\Users\HP USER\.cache\kagglehub\datasets\thomaskonstantin\6000-children-and-teen-book-covers\versions\1\BookCovers\9781408802991-1-.jpg
9781408803974-1-,C:\Users\HP USER\.cache\kagglehub\datasets\thomaskonstantin\6000-children-and-teen-book-covers\versions\1\BookCovers\9781408803974-1-.jpg
9781408805732-1-,C:\Users\HP USER\.cache\kagglehub\datasets\thomaskonstantin\6000-children-and-teen-book-covers\versions\1\BookCovers\9781408805732-1-.jpg
9781408806487-1-,C:\Users\HP USER\.cache\kagglehub\datasets\thomaskonstantin\6000-children-and-teen-book-covers\versions\1\BookCovers\9781408806487-1-.jpg
9781408806494-1-,C:\Users\HP USER\.cache\kagglehub\datasets\thomaskonstantin\6000-children-and-teen-book-covers\versions\1\BookCovers\9781408806494-1-.jpg
9781408811511-1-,C:\Users\HP USER\.cache\kagglehub\datasets\thomaskonstantin\6000-children-and-teen-book-covers\versions\1\BookCovers\9781408811511-1-.jpg
9781408814710-1-,C:\Users\HP USER\.cache\kagglehub\datasets\thomaskonstantin\6000-children-and-teen-book-covers\versions\1\BookCovers\9781408814710-1-.jpg
9781408814932-1-,C:\Users\HP USER\.cache\kagglehub\datasets\thomaskonstantin\6000-children-and-teen-book-covers\versions\1\BookCovers\9781408814932-1-.jpg
9781408815229-1-,C:\Users\HP USER\.cache\kagglehub\datasets\thomaskonstantin\6000-children-and-teen-book-covers\versions\1\BookCovers\9781408815229-1-.jpg
9781408815236-1-,C:\Users\HP USER\.cache\kagglehub\datasets\thomaskonstantin\6000-children-and-teen-book-covers\versions\1\BookCovers\9781408815236-1-.jpg
9781408815502-1-,C:\Users\HP USER\.cache\kagglehub\datasets\thomaskonstantin\6000-children-and-teen-book-covers\versions\1\BookCovers\9781408815502-1-.jpg
9781408815526-1-,C:\Users\HP USER\.cache\kagglehub\datasets\thomaskonstantin\6000-children-and-teen-book-covers\versions\1\BookCovers\9781408815526-1-.jpg
9781408817261-1-,C:\Users\HP USER\.cache\kagglehub\datasets\thomaskonstantin\6000-children-and-teen-book-covers\versions\1\BookCovers\9781408817261-1-.jpg
9781408819470,C:\Users\HP USER\.cache\kagglehub\datasets\thomaskonstantin\6000-children-and-teen-book-covers\versions\1\BookCovers\9781408819470.jpg
9781408819586-1-,C:\Users\HP USER\.cache\kagglehub\datasets\thomaskonstantin\6000-children-and-teen-book-covers\versions\1\BookCovers\9781408819586-1-.jpg
9781408820483-1-,C:\Users\HP USER\.cache\kagglehub\datasets\thomaskonstantin\6000-children-and-teen-book-covers\versions\1\BookCovers\9781408820483-1-.jpg
9781408820506-1-,C:\Users\HP USER\.cache\kagglehub\datasets\thomaskonstantin\6000-children-and-teen-book-covers\versions\1\BookCovers\9781408820506-1-.jpg
9781408822623,C:\Users\HP USER\.cache\kagglehub\datasets\thomaskonstantin\6000-children-and-teen-book-covers\versions\1\BookCovers\9781408822623.jpg
9781408823002-1-,C:\Users\HP USER\.cache\kagglehub\datasets\thomaskonstantin\6000-children-and-teen-book-covers\versions\1\BookCovers\9781408823002-1-.jpg
9781408826218-1-,C:\Users\HP USER\.cache\kagglehub\datasets\thomaskonstantin\6000-children-and-teen-book-covers\versions\1\BookCovers\9781408826218-1-.jpg
9781408826232-1-,C:\Users\HP USER\.cache\kagglehub\datasets\thomaskonstantin\6000-children-and-teen-book-covers\versions\1\BookCovers\9781408826232-1-.jpg
9781408827055-1-,C:\Users\HP USER\.cache\kagglehub\datasets\thomaskonstantin\6000-children-and-teen-book-covers\versions\1\BookCovers\9781408827055-1-.jpg
9781408827116-1-,C:\Users\HP USER\.cache\kagglehub\datasets\thomaskonstantin\6000-children-and-teen-book-covers\versions\1\BookCovers\9781408827116-1-.jpg
9781408827253-1-,C:\Users\HP USER\.cache\kagglehub\datasets\thomaskonstantin\6000-children-and-teen-book-covers\versions\1\BookCovers\9781408827253-1-.jpg
9781408829059-1-,C:\Users\HP USER\.cache\kagglehub\datasets\thomaskonstantin\6000-children-and-teen-book-covers\versions\1\BookCovers\9781408829059-1-.jpg
9781408829974-1-,C:\Users\HP USER\.cache\kagglehub\datasets\thomaskonstantin\6000-children-and-teen-book-covers\versions\1\BookCovers\9781408829974-1-.jpg
9781408830031,C:\Users\HP USER\.cache\kagglehub\datasets\thomaskonstantin\6000-children-and-teen-book-covers\versions\1\BookCovers\9781408830031.jpg
9781408832332-1-,C:\Users\HP USER\.cache\kagglehub\datasets\thomaskonstantin\6000-children-and-teen-book-covers\versions\1\BookCovers\9781408832332-1-.jpg
9781408833902-1-,C:\Users\HP USER\.cache\kagglehub\datasets\thomaskonstantin\6000-children-and-teen-book-covers\versions\1\BookCovers\9781408833902-1-.jpg
9781408834244-1-,C:\Users\HP USER\.cache\kagglehub\datasets\thomaskonstantin\6000-children-and-teen-book-covers\versions\1\BookCovers\9781408834244-1-.jpg
9781408834848-1-,C:\Users\HP USER\.cache\kagglehub\datasets\thomaskonstantin\6000-children-and-teen-book-covers\versions\1\BookCovers\9781408834848-1-.jpg
9781408835838-1-,C:\Users\HP USER\.cache\kagglehub\datasets\thomaskonstantin\6000-children-and-teen-book-covers\versions\1\BookCovers\9781408835838-1-.jpg
9781408835869,C:\Users\HP USER\.cache\kagglehub\datasets\thomaskonstantin\6000-children-and-teen-book-covers\versions\1\BookCovers\9781408835869.jpg
9781408836750-1-,C:\Users\HP USER\.cache\kagglehub\datasets\thomaskonstantin\6000-children-and-teen-book-covers\versions\1\BookCovers\9781408836750-1-.jpg
9781408837016-1-,C:\Users\HP USER\.cache\kagglehub\datasets\thomaskonstantin\6000-children-and-teen-book-covers\versions\1\BookCovers\9781408837016-1-.jpg
9781408838914-1-,C:\Users\HP USER\.cache\kagglehub\datasets\thomaskonstantin\6000-children-and-teen-book-covers\versions\1\BookCovers\9781408838914-1-.jpg
9781408839348-1-,C:\Users\HP USER\.cache\kagglehub\datasets\thomaskonstantin\6000-children-and-teen-book-covers\versions\1\BookCovers\9781408839348-1-.jpg
9781408839560,C:\Users\HP USER\.cache\kagglehub\datasets\thomaskonstantin\6000-children-and-teen-book-covers\versions\1\BookCovers\9781408839560.jpg
9781408840665,C:\Users\HP USER\.cache\kagglehub\datasets\thomaskonstantin\6000-children-and-teen-book-covers\versions\1\BookCovers\9781408840665.jpg
9781408845448,C:\Users\HP USER\.cache\kagglehub\datasets\thomaskonstantin\6000-children-and-teen-book-covers\versions\1\BookCovers\9781408845448.jpg
9781408849491,C:\Users\HP USER\.cache\kagglehub\datasets\thomaskonstantin\6000-children-and-teen-book-covers\versions\1\BookCovers\9781408849491.jpg
9781408853344,C:\Users\HP USER\.cache\kagglehub\datasets\thomaskonstantin\6000-children-and-teen-book-covers\versions\1\BookCovers\9781408853344.jpg
9781408853368,C:\Users\HP USER\.cache\kagglehub\datasets\thomaskonstantin\6000-children-and-teen-book-covers\versions\1\BookCovers\9781408853368.jpg
9781408859148,C:\Users\HP USER\.cache\kagglehub\datasets\thomaskonstantin\6000-children-and-teen-book-covers\versions\1\BookCovers\9781408859148.jpg
9781408863923,C:\Users\HP USER\.cache\kagglehub\datasets\thomaskonstantin\6000-children-and-teen-book-covers\versions\1\BookCovers\9781408863923.jpg
9781409308416-1-,C:\Users\HP USER\.cache\kagglehub\datasets\thomaskonstantin\6000-children-and-teen-book-covers\versions\1\BookCovers\9781409308416-1-.jpg
9781409308751-1-,C:\Users\HP USER\.cache\kagglehub\datasets\thomaskonstantin\6000-children-and-teen-book-covers\versions\1\BookCovers\9781409308751-1-.jpg
9781409518990-1-,C:\Users\HP USER\.cache\kagglehub\datasets\thomaskonstantin\6000-children-and-teen-book-covers\versions\1\BookCovers\9781409518990-1-.jpg
9781409520986-1-,C:\Users\HP USER\.cache\kagglehub\datasets\thomaskonstantin\6000-children-and-teen-book-covers\versions\1\BookCovers\9781409520986-1-.jpg
9781409522010-1-,C:\Users\HP USER\.cache\kagglehub\datasets\thomaskonstantin\6000-children-and-teen-book-covers\versions\1\BookCovers\9781409522010-1-.jpg
9781409526315-1-,C:\Users\HP USER\.cache\kagglehub\datasets\thomaskonstantin\6000-children-and-teen-book-covers\versions\1\BookCovers\9781409526315-1-.jpg
9781409526728-1-,C:\Users\HP USER\.cache\kagglehub\datasets\thomaskonstantin\6000-children-and-teen-book-covers\versions\1\BookCovers\9781409526728-1-.jpg
9781409531098-1-,C:\Users\HP USER\.cache\kagglehub\datasets\thomaskonstantin\6000-children-and-teen-book-covers\versions\1\BookCovers\9781409531098-1-.jpg
9781409538585-1-,C:\Users\HP USER\.cache\kagglehub\datasets\thomaskonstantin\6000-children-and-teen-book-covers\versions\1\BookCovers\9781409538585-1-.jpg
9781409538592-1-,C:\Users\HP USER\.cache\kagglehub\datasets\thomaskonstantin\6000-children-and-teen-book-covers\versions\1\BookCovers\9781409538592-1-.jpg
9781409540519-1-,C:\Users\HP USER\.cache\kagglehub\datasets\thomaskonstantin\6000-children-and-teen-book-covers\versions\1\BookCovers\9781409540519-1-.jpg
9781409543992-1-,C:\Users\HP USER\.cache\kagglehub\datasets\thomaskonstantin\6000-children-and-teen-book-covers\versions\1\BookCovers\9781409543992-1-.jpg
9781409546740-1-,C:\Users\HP USER\.cache\kagglehub\datasets\thomaskonstantin\6000-children-and-teen-book-covers\versions\1\BookCovers\9781409546740-1-.jpg
9781409562689-1-,C:\Users\HP USER\.cache\kagglehub\datasets\thomaskonstantin\6000-children-and-teen-book-covers\versions\1\BookCovers\9781409562689-1-.jpg
9781409591221-how-hard-can-love-be-new,C:\Users\HP USER\.cache\kagglehub\datasets\thomaskonstantin\6000-children-and-teen-book-covers\versions\1\BookCovers\9781409591221-how-hard-can-love-be-new.jpg
9781419701955,C:\Users\HP USER\.cache\kagglehub\datasets\thomaskonstantin\6000-children-and-teen-book-covers\versions\1\BookCovers\9781419701955.jpg
9781419703294-1-,C:\Users\HP USER\.cache\kagglehub\datasets\thomaskonstantin\6000-children-and-teen-book-covers\versions\1\BookCovers\9781419703294-1-.jpg
9781419703553,C:\Users\HP USER\.cache\kagglehub\datasets\thomaskonstantin\6000-children-and-teen-book-covers\versions\1\BookCovers\9781419703553.jpg
9781444000214-1-,C:\Users\HP USER\.cache\kagglehub\datasets\thomaskonstantin\6000-children-and-teen-book-covers\versions\1\BookCovers\9781444000214-1-.jpg
9781444000221-1-,C:\Users\HP USER\.cache\kagglehub\datasets\thomaskonstantin\6000-children-and-teen-book-covers\versions\1\BookCovers\9781444000221-1-.jpg
9781444001532-1-,C:\Users\HP USER\.cache\kagglehub\datasets\thomaskonstantin\6000-children-and-teen-book-covers\versions\1\BookCovers\9781444001532-1-.jpg
9781444001556-1-,C:\Users\HP USER\.cache\kagglehub\datasets\thomaskonstantin\6000-children-and-teen-book-covers\versions\1\BookCovers\9781444001556-1-.jpg
9781444001679-1-,C:\Users\HP USER\.cache\kagglehub\datasets\thomaskonstantin\6000-children-and-teen-book-covers\versions\1\BookCovers\9781444001679-1-.jpg
9781444002010-1-,C:\Users\HP USER\.cache\kagglehub\datasets\thomaskonstantin\6000-children-and-teen-book-covers\versions\1\BookCovers\9781444002010-1-.jpg
9781444002690-1-,C:\Users\HP USER\.cache\kagglehub\datasets\thomaskonstantin\6000-children-and-teen-book-covers\versions\1\BookCovers\9781444002690-1-.jpg
9781444003284-1-,C:\Users\HP USER\.cache\kagglehub\datasets\thomaskonstantin\6000-children-and-teen-book-covers\versions\1\BookCovers\9781444003284-1-.jpg
9781444003505-1-,C:\Users\HP USER\.cache\kagglehub\datasets\thomaskonstantin\6000-children-and-teen-book-covers\versions\1\BookCovers\9781444003505-1-.jpg
9781444003734,C:\Users\HP USER\.cache\kagglehub\datasets\thomaskonstantin\6000-children-and-teen-book-covers\versions\1\BookCovers\9781444003734.jpg
9781444004397-1-,C:\Users\HP USER\.cache\kagglehub\datasets\thomaskonstantin\6000-children-and-teen-book-covers\versions\1\BookCovers\9781444004397-1-.jpg
9781444004557-1-,C:\Users\HP USER\.cache\kagglehub\datasets\thomaskonstantin\6000-children-and-teen-book-covers\versions\1\BookCovers\9781444004557-1-.jpg
9781444004564-1-,C:\Users\HP USER\.cache\kagglehub\datasets\thomaskonstantin\6000-children-and-teen-book-covers\versions\1\BookCovers\9781444004564-1-.jpg
9781444004854-1-,C:\Users\HP USER\.cache\kagglehub\datasets\thomaskonstantin\6000-children-and-teen-book-covers\versions\1\BookCovers\9781444004854-1-.jpg
9781444005066-1-,C:\Users\HP USER\.cache\kagglehub\datasets\thomaskonstantin\6000-children-and-teen-book-covers\versions\1\BookCovers\9781444005066-1-.jpg
9781444008883-1-,C:\Users\HP USER\.cache\kagglehub\datasets\thomaskonstantin\6000-children-and-teen-book-covers\versions\1\BookCovers\9781444008883-1-.jpg
9781444008906,C:\Users\HP USER\.cache\kagglehub\datasets\thomaskonstantin\6000-children-and-teen-book-covers\versions\1\BookCovers\9781444008906.jpg
9781444009293-1-,C:\Users\HP USER\.cache\kagglehub\datasets\thomaskonstantin\6000-children-and-teen-book-covers\versions\1\BookCovers\9781444009293-1-.jpg
9781444011678-1-,C:\Users\HP USER\.cache\kagglehub\datasets\thomaskonstantin\6000-children-and-teen-book-covers\versions\1\BookCovers\9781444011678-1-.jpg
9781444015010,C:\Users\HP USER\.cache\kagglehub\datasets\thomaskonstantin\6000-children-and-teen-book-covers\versions\1\BookCovers\9781444015010.jpg
9781444903065-1-,C:\Users\HP USER\.cache\kagglehub\datasets\thomaskonstantin\6000-children-and-teen-book-covers\versions\1\BookCovers\9781444903065-1-.jpg
9781444903508-1-,C:\Users\HP USER\.cache\kagglehub\datasets\thomaskonstantin\6000-children-and-teen-book-covers\versions\1\BookCovers\9781444903508-1-.jpg
9781444903607-1-,C:\Users\HP USER\.cache\kagglehub\datasets\thomaskonstantin\6000-children-and-teen-book-covers\versions\1\BookCovers\9781444903607-1-.jpg
9781444903652-1-,C:\Users\HP USER\.cache\kagglehub\datasets\thomaskonstantin\6000-children-and-teen-book-covers\versions\1\BookCovers\9781444903652-1-.jpg
9781444908657-1-,C:\Users\HP USER\.cache\kagglehub\datasets\thomaskonstantin\6000-children-and-teen-book-covers\versions\1\BookCovers\9781444908657-1-.jpg
9781444912616,C:\Users\HP USER\.cache\kagglehub\datasets\thomaskonstantin\6000-children-and-teen-book-covers\versions\1\BookCovers\9781444912616.jpg
9781444912951,C:\Users\HP USER\.cache\kagglehub\datasets\thomaskonstantin\6000-children-and-teen-book-covers\versions\1\BookCovers\9781444912951.jpg
9781444913705-1-,C:\Users\HP USER\.cache\kagglehub\datasets\thomaskonstantin\6000-children-and-teen-book-covers\versions\1\BookCovers\9781444913705-1-.jpg
9781444919882,C:\Users\HP USER\.cache\kagglehub\datasets\thomaskonstantin\6000-children-and-teen-book-covers\versions\1\BookCovers\9781444919882.jpg
9781444925753,C:\Users\HP USER\.cache\kagglehub\datasets\thomaskonstantin\6000-children-and-teen-book-covers\versions\1\BookCovers\9781444925753.jpg
9781444947601--jacket-jpg,C:\Users\HP USER\.cache\kagglehub\datasets\thomaskonstantin\6000-children-and-teen-book-covers\versions\1\BookCovers\9781444947601--jacket-jpg.jpg
9781445105550-1-,C:\Users\HP USER\.cache\kagglehub\datasets\thomaskonstantin\6000-children-and-teen-book-covers\versions\1\BookCovers\9781445105550-1-.jpg
9781447205180-1-,C:\Users\HP USER\.cache\kagglehub\datasets\thomaskonstantin\6000-children-and-teen-book-covers\versions\1\BookCovers\9781447205180-1-.jpg
9781447206804-1-,C:\Users\HP USER\.cache\kagglehub\datasets\thomaskonstantin\6000-children-and-teen-book-covers\versions\1\BookCovers\9781447206804-1-.jpg
9781447208068-1-,C:\Users\HP USER\.cache\kagglehub\datasets\thomaskonstantin\6000-children-and-teen-book-covers\versions\1\BookCovers\9781447208068-1-.jpg
9781447220237,C:\Users\HP USER\.cache\kagglehub\datasets\thomaskonstantin\6000-children-and-teen-book-covers\versions\1\BookCovers\9781447220237.jpg
9781447227687-1-,C:\Users\HP USER\.cache\kagglehub\datasets\thomaskonstantin\6000-children-and-teen-book-covers\versions\1\BookCovers\9781447227687-1-.jpg
9781447231271-1-,C:\Users\HP USER\.cache\kagglehub\datasets\thomaskonstantin\6000-children-and-teen-book-covers\versions\1\BookCovers\9781447231271-1-.jpg
9781447234425,C:\Users\HP USER\.cache\kagglehub\datasets\thomaskonstantin\6000-children-and-teen-book-covers\versions\1\BookCovers\9781447234425.jpg
9781447236672,C:\Users\HP USER\.cache\kagglehub\datasets\thomaskonstantin\6000-children-and-teen-book-covers\versions\1\BookCovers\9781447236672.jpg
9781447241713-1-,C:\Users\HP USER\.cache\kagglehub\datasets\thomaskonstantin\6000-children-and-teen-book-covers\versions\1\BookCovers\9781447241713-1-.jpg
9781447257431,C:\Users\HP USER\.cache\kagglehub\datasets\thomaskonstantin\6000-children-and-teen-book-covers\versions\1\BookCovers\9781447257431.jpg
9781447263227,C:\Users\HP USER\.cache\kagglehub\datasets\thomaskonstantin\6000-children-and-teen-book-covers\versions\1\BookCovers\9781447263227.jpg
9781447264101,C:\Users\HP USER\.cache\kagglehub\datasets\thomaskonstantin\6000-children-and-teen-book-covers\versions\1\BookCovers\9781447264101.jpg
9781447283553,C:\Users\HP USER\.cache\kagglehub\datasets\thomaskonstantin\6000-children-and-teen-book-covers\versions\1\BookCovers\9781447283553.jpg
9781447299950,C:\Users\HP USER\.cache\kagglehub\datasets\thomaskonstantin\6000-children-and-teen-book-covers\versions\1\BookCovers\9781447299950.jpg
9781448114757,C:\Users\HP USER\.cache\kagglehub\datasets\thomaskonstantin\6000-children-and-teen-book-covers\versions\1\BookCovers\9781448114757.jpg
9781452101200-1-,C:\Users\HP USER\.cache\kagglehub\datasets\thomaskonstantin\6000-children-and-teen-book-covers\versions\1\BookCovers\9781452101200-1-.jpg
9781471116148-1-,C:\Users\HP USER\.cache\kagglehub\datasets\thomaskonstantin\6000-children-and-teen-book-covers\versions\1\BookCovers\9781471116148-1-.jpg
9781471120879,C:\Users\HP USER\.cache\kagglehub\datasets\thomaskonstantin\6000-children-and-teen-book-covers\versions\1\BookCovers\9781471120879.jpg
9781471120947,C:\Users\HP USER\.cache\kagglehub\datasets\thomaskonstantin\6000-children-and-teen-book-covers\versions\1\BookCovers\9781471120947.jpg
9781471121074,C:\Users\HP USER\.cache\kagglehub\datasets\thomaskonstantin\6000-children-and-teen-book-covers\versions\1\BookCovers\9781471121074.jpg
9781471123832,C:\Users\HP USER\.cache\kagglehub\datasets\thomaskonstantin\6000-children-and-teen-book-covers\versions\1\BookCovers\9781471123832.jpg
9781471400001-1-,C:\Users\HP USER\.cache\kagglehub\datasets\thomaskonstantin\6000-children-and-teen-book-covers\versions\1\BookCovers\9781471400001-1-.jpg
9781471400025-1-,C:\Users\HP USER\.cache\kagglehub\datasets\thomaskonstantin\6000-children-and-teen-book-covers\versions\1\BookCovers\9781471400025-1-.jpg
9781471400070-1-,C:\Users\HP USER\.cache\kagglehub\datasets\thomaskonstantin\6000-children-and-teen-book-covers\versions\1\BookCovers\9781471400070-1-.jpg
9781471400117-1-,C:\Users\HP USER\.cache\kagglehub\datasets\thomaskonstantin\6000-children-and-teen-book-covers\versions\1\BookCovers\9781471400117-1-.jpg
9781471400162-1-,C:\Users\HP USER\.cache\kagglehub\datasets\thomaskonstantin\6000-children-and-teen-book-covers\versions\1\BookCovers\9781471400162-1-.jpg
9781471400230,C:\Users\HP USER\.cache\kagglehub\datasets\thomaskonstantin\6000-children-and-teen-book-covers\versions\1\BookCovers\9781471400230.jpg
9781471400292-1-,C:\Users\HP USER\.cache\kagglehub\datasets\thomaskonstantin\6000-children-and-teen-book-covers\versions\1\BookCovers\9781471400292-1-.jpg
9781471400339-1-,C:\Users\HP USER\.cache\kagglehub\datasets\thomaskonstantin\6000-children-and-teen-book-covers\versions\1\BookCovers\9781471400339-1-.jpg
9781471400360-1-,C:\Users\HP USER\.cache\kagglehub\datasets\thomaskonstantin\6000-children-and-teen-book-covers\versions\1\BookCovers\9781471400360-1-.jpg
9781471400384-1-,C:\Users\HP USER\.cache\kagglehub\datasets\thomaskonstantin\6000-children-and-teen-book-covers\versions\1\BookCovers\9781471400384-1-.jpg
9781471400537-1-,C:\Users\HP USER\.cache\kagglehub\datasets\thomaskonstantin\6000-children-and-teen-book-covers\versions\1\BookCovers\9781471400537-1-.jpg
9781471400803-1-,C:\Users\HP USER\.cache\kagglehub\datasets\thomaskonstantin\6000-children-and-teen-book-covers\versions\1\BookCovers\9781471400803-1-.jpg
9781471400926,C:\Users\HP USER\.cache\kagglehub\datasets\thomaskonstantin\6000-children-and-teen-book-covers\versions\1\BookCovers\9781471400926.jpg
9781471400957-1-,C:\Users\HP USER\.cache\kagglehub\datasets\thomaskonstantin\6000-children-and-teen-book-covers\versions\1\BookCovers\9781471400957-1-.jpg
9781471401015-1-,C:\Users\HP USER\.cache\kagglehub\datasets\thomaskonstantin\6000-children-and-teen-book-covers\versions\1\BookCovers\9781471401015-1-.jpg
9781471401404-1-,C:\Users\HP USER\.cache\kagglehub\datasets\thomaskonstantin\6000-children-and-teen-book-covers\versions\1\BookCovers\9781471401404-1-.jpg
9781471401527-1-,C:\Users\HP USER\.cache\kagglehub\datasets\thomaskonstantin\6000-children-and-teen-book-covers\versions\1\BookCovers\9781471401527-1-.jpg
9781471402029-1-,C:\Users\HP USER\.cache\kagglehub\datasets\thomaskonstantin\6000-children-and-teen-book-covers\versions\1\BookCovers\9781471402029-1-.jpg
9781471402272-1-,C:\Users\HP USER\.cache\kagglehub\datasets\thomaskonstantin\6000-children-and-teen-book-covers\versions\1\BookCovers\9781471402272-1-.jpg
9781471402388,C:\Users\HP USER\.cache\kagglehub\datasets\thomaskonstantin\6000-children-and-teen-book-covers\versions\1\BookCovers\9781471402388.jpg
9781471403507,C:\Users\HP USER\.cache\kagglehub\datasets\thomaskonstantin\6000-children-and-teen-book-covers\versions\1\BookCovers\9781471403507.jpg
9781471404665,C:\Users\HP USER\.cache\kagglehub\datasets\thomaskonstantin\6000-children-and-teen-book-covers\versions\1\BookCovers\9781471404665.jpg
9781471405839,C:\Users\HP USER\.cache\kagglehub\datasets\thomaskonstantin\6000-children-and-teen-book-covers\versions\1\BookCovers\9781471405839.jpg
9781472210524-1-,C:\Users\HP USER\.cache\kagglehub\datasets\thomaskonstantin\6000-children-and-teen-book-covers\versions\1\BookCovers\9781472210524-1-.jpg
97814749456771,C:\Users\HP USER\.cache\kagglehub\datasets\thomaskonstantin\6000-children-and-teen-book-covers\versions\1\BookCovers\97814749456771.jpg
9781509808281,C:\Users\HP USER\.cache\kagglehub\datasets\thomaskonstantin\6000-children-and-teen-book-covers\versions\1\BookCovers\9781509808281.jpg
9781595144355-1-,C:\Users\HP USER\.cache\kagglehub\datasets\thomaskonstantin\6000-children-and-teen-book-covers\versions\1\BookCovers\9781595144355-1-.jpg
9781619637306,C:\Users\HP USER\.cache\kagglehub\datasets\thomaskonstantin\6000-children-and-teen-book-covers\versions\1\BookCovers\9781619637306.jpg
9781741758900-1-,C:\Users\HP USER\.cache\kagglehub\datasets\thomaskonstantin\6000-children-and-teen-book-covers\versions\1\BookCovers\9781741758900-1-.jpg
9781742371160-1-,C:\Users\HP USER\.cache\kagglehub\datasets\thomaskonstantin\6000-children-and-teen-book-covers\versions\1\BookCovers\9781742371160-1-.jpg
9781742373195-1-,C:\Users\HP USER\.cache\kagglehub\datasets\thomaskonstantin\6000-children-and-teen-book-covers\versions\1\BookCovers\9781742373195-1-.jpg
9781742373850,C:\Users\HP USER\.cache\kagglehub\datasets\thomaskonstantin\6000-children-and-teen-book-covers\versions\1\BookCovers\9781742373850.jpg
9781742375731-1-,C:\Users\HP USER\.cache\kagglehub\datasets\thomaskonstantin\6000-children-and-teen-book-covers\versions\1\BookCovers\9781742375731-1-.jpg
9781760112424,C:\Users\HP USER\.cache\kagglehub\datasets\thomaskonstantin\6000-children-and-teen-book-covers\versions\1\BookCovers\9781760112424.jpg
9781780080017-1-,C:\Users\HP USER\.cache\kagglehub\datasets\thomaskonstantin\6000-children-and-teen-book-covers\versions\1\BookCovers\9781780080017-1-.jpg
9781780080024-1-,C:\Users\HP USER\.cache\kagglehub\datasets\thomaskonstantin\6000-children-and-teen-book-covers\versions\1\BookCovers\9781780080024-1-.jpg
9781780080031-1-,C:\Users\HP USER\.cache\kagglehub\datasets\thomaskonstantin\6000-children-and-teen-book-covers\versions\1\BookCovers\9781780080031-1-.jpg
9781780080062-1-,C:\Users\HP USER\.cache\kagglehub\datasets\thomaskonstantin\6000-children-and-teen-book-covers\versions\1\BookCovers\9781780080062-1-.jpg
9781780080093-1-,C:\Users\HP USER\.cache\kagglehub\datasets\thomaskonstantin\6000-children-and-teen-book-covers\versions\1\BookCovers\9781780080093-1-.jpg
9781780080147-1-,C:\Users\HP USER\.cache\kagglehub\datasets\thomaskonstantin\6000-children-and-teen-book-covers\versions\1\BookCovers\9781780080147-1-.jpg
9781780080178,C:\Users\HP USER\.cache\kagglehub\datasets\thomaskonstantin\6000-children-and-teen-book-covers\versions\1\BookCovers\9781780080178.jpg
9781780080260-1-,C:\Users\HP USER\.cache\kagglehub\datasets\thomaskonstantin\6000-children-and-teen-book-covers\versions\1\BookCovers\9781780080260-1-.jpg
9781780080345,C:\Users\HP USER\.cache\kagglehub\datasets\thomaskonstantin\6000-children-and-teen-book-covers\versions\1\BookCovers\9781780080345.jpg
9781780080628,C:\Users\HP USER\.cache\kagglehub\datasets\thomaskonstantin\6000-children-and-teen-book-covers\versions\1\BookCovers\9781780080628.jpg
9781780620275-1-,C:\Users\HP USER\.cache\kagglehub\datasets\thomaskonstantin\6000-children-and-teen-book-covers\versions\1\BookCovers\9781780620275-1-.jpg
9781780620381,C:\Users\HP USER\.cache\kagglehub\datasets\thomaskonstantin\6000-children-and-teen-book-covers\versions\1\BookCovers\9781780620381.jpg
9781780621135-1-,C:\Users\HP USER\.cache\kagglehub\datasets\thomaskonstantin\6000-children-and-teen-book-covers\versions\1\BookCovers\9781780621135-1-.jpg
9781780621364,C:\Users\HP USER\.cache\kagglehub\datasets\thomaskonstantin\6000-children-and-teen-book-covers\versions\1\BookCovers\9781780621364.jpg
9781780621494-1-,C:\Users\HP USER\.cache\kagglehub\datasets\thomaskonstantin\6000-children-and-teen-book-covers\versions\1\BookCovers\9781780621494-1-.jpg
9781780873305-1-,C:\Users\HP USER\.cache\kagglehub\datasets\thomaskonstantin\6000-children-and-teen-book-covers\versions\1\BookCovers\9781780873305-1-.jpg
9781780875521-1-,C:\Users\HP USER\.cache\kagglehub\datasets\thomaskonstantin\6000-children-and-teen-book-covers\versions\1\BookCovers\9781780875521-1-.jpg
9781780878362-1-,C:\Users\HP USER\.cache\kagglehub\datasets\thomaskonstantin\6000-children-and-teen-book-covers\versions\1\BookCovers\9781780878362-1-.jpg
9781781120446-1-,C:\Users\HP USER\.cache\kagglehub\datasets\thomaskonstantin\6000-children-and-teen-book-covers\versions\1\BookCovers\9781781120446-1-.jpg
9781781120729,C:\Users\HP USER\.cache\kagglehub\datasets\thomaskonstantin\6000-children-and-teen-book-covers\versions\1\BookCovers\9781781120729.jpg
9781781120774-1-,C:\Users\HP USER\.cache\kagglehub\datasets\thomaskonstantin\6000-children-and-teen-book-covers\versions\1\BookCovers\9781781120774-1-.jpg
9781781121887,C:\Users\HP USER\.cache\kagglehub\datasets\thomaskonstantin\6000-children-and-teen-book-covers\versions\1\BookCovers\9781781121887.jpg
9781781121955-1-,C:\Users\HP USER\.cache\kagglehub\datasets\thomaskonstantin\6000-children-and-teen-book-covers\versions\1\BookCovers\9781781121955-1-.jpg
9781781121979,C:\Users\HP USER\.cache\kagglehub\datasets\thomaskonstantin\6000-children-and-teen-book-covers\versions\1\BookCovers\9781781121979.jpg
9781781121986,C:\Users\HP USER\.cache\kagglehub\datasets\thomaskonstantin\6000-children-and-teen-book-covers\versions\1\BookCovers\9781781121986.jpg
9781781124048,C:\Users\HP USER\.cache\kagglehub\datasets\thomaskonstantin\6000-children-and-teen-book-covers\versions\1\BookCovers\9781781124048.jpg
9781781124260,C:\Users\HP USER\.cache\kagglehub\datasets\thomaskonstantin\6000-children-and-teen-book-covers\versions\1\BookCovers\9781781124260.jpg
9781781125090,C:\Users\HP USER\.cache\kagglehub\datasets\thomaskonstantin\6000-children-and-teen-book-covers\versions\1\BookCovers\9781781125090.jpg
9781781125212,C:\Users\HP USER\.cache\kagglehub\datasets\thomaskonstantin\6000-children-and-teen-book-covers\versions\1\BookCovers\9781781125212.jpg
9781781125342,C:\Users\HP USER\.cache\kagglehub\datasets\thomaskonstantin\6000-children-and-teen-book-covers\versions\1\BookCovers\9781781125342.jpg
9781781125557,C:\Users\HP USER\.cache\kagglehub\datasets\thomaskonstantin\6000-children-and-teen-book-covers\versions\1\BookCovers\9781781125557.jpg
97817811285651,C:\Users\HP USER\.cache\kagglehub\datasets\thomaskonstantin\6000-children-and-teen-book-covers\versions\1\BookCovers\97817811285651.jpg
9781782300311,C:\Users\HP USER\.cache\kagglehub\datasets\thomaskonstantin\6000-children-and-teen-book-covers\versions\1\BookCovers\9781782300311.jpg
9781782690009-1-,C:\Users\HP USER\.cache\kagglehub\datasets\thomaskonstantin\6000-children-and-teen-book-covers\versions\1\BookCovers\9781782690009-1-.jpg
9781782690030-1-,C:\Users\HP USER\.cache\kagglehub\datasets\thomaskonstantin\6000-children-and-teen-book-covers\versions\1\BookCovers\9781782690030-1-.jpg
9781782690993,C:\Users\HP USER\.cache\kagglehub\datasets\thomaskonstantin\6000-children-and-teen-book-covers\versions\1\BookCovers\9781782690993.jpg
9781782950059,C:\Users\HP USER\.cache\kagglehub\datasets\thomaskonstantin\6000-children-and-teen-book-covers\versions\1\BookCovers\9781782950059.jpg
9781782951841-1-,C:\Users\HP USER\.cache\kagglehub\datasets\thomaskonstantin\6000-children-and-teen-book-covers\versions\1\BookCovers\9781782951841-1-.jpg
9781782951858-1-,C:\Users\HP USER\.cache\kagglehub\datasets\thomaskonstantin\6000-children-and-teen-book-covers\versions\1\BookCovers\9781782951858-1-.jpg
9781782952695,C:\Users\HP USER\.cache\kagglehub\datasets\thomaskonstantin\6000-children-and-teen-book-covers\versions\1\BookCovers\9781782952695.jpg
9781782953685,C:\Users\HP USER\.cache\kagglehub\datasets\thomaskonstantin\6000-children-and-teen-book-covers\versions\1\BookCovers\9781782953685.jpg
9781782955504,C:\Users\HP USER\.cache\kagglehub\datasets\thomaskonstantin\6000-children-and-teen-book-covers\versions\1\BookCovers\9781782955504.jpg
9781783441198,C:\Users\HP USER\.cache\kagglehub\datasets\thomaskonstantin\6000-children-and-teen-book-covers\versions\1\BookCovers\9781783441198.jpg
9781783441648,C:\Users\HP USER\.cache\kagglehub\datasets\thomaskonstantin\6000-children-and-teen-book-covers\versions\1\BookCovers\9781783441648.jpg
9781783442195,C:\Users\HP USER\.cache\kagglehub\datasets\thomaskonstantin\6000-children-and-teen-book-covers\versions\1\BookCovers\9781783442195.jpg
9781783442324,C:\Users\HP USER\.cache\kagglehub\datasets\thomaskonstantin\6000-children-and-teen-book-covers\versions\1\BookCovers\9781783442324.jpg
9781783443017,C:\Users\HP USER\.cache\kagglehub\datasets\thomaskonstantin\6000-children-and-teen-book-covers\versions\1\BookCovers\9781783443017.jpg
9781783443024,C:\Users\HP USER\.cache\kagglehub\datasets\thomaskonstantin\6000-children-and-teen-book-covers\versions\1\BookCovers\9781783443024.jpg
9781783444564,C:\Users\HP USER\.cache\kagglehub\datasets\thomaskonstantin\6000-children-and-teen-book-covers\versions\1\BookCovers\9781783444564.jpg
9781783444670,C:\Users\HP USER\.cache\kagglehub\datasets\thomaskonstantin\6000-children-and-teen-book-covers\versions\1\BookCovers\9781783444670.jpg
9781783704842,C:\Users\HP USER\.cache\kagglehub\datasets\thomaskonstantin\6000-children-and-teen-book-covers\versions\1\BookCovers\9781783704842.jpg
9781784930264,C:\Users\HP USER\.cache\kagglehub\datasets\thomaskonstantin\6000-children-and-teen-book-covers\versions\1\BookCovers\9781784930264.jpg
9781786075833,C:\Users\HP USER\.cache\kagglehub\datasets\thomaskonstantin\6000-children-and-teen-book-covers\versions\1\BookCovers\9781786075833.jpg
9781786282002,C:\Users\HP USER\.cache\kagglehub\datasets\thomaskonstantin\6000-children-and-teen-book-covers\versions\1\BookCovers\9781786282002.jpg
9781788004442,C:\Users\HP USER\.cache\kagglehub\datasets\thomaskonstantin\6000-children-and-teen-book-covers\versions\1\BookCovers\9781788004442.jpg
9781840111545-1-,C:\Users\HP USER\.cache\kagglehub\datasets\thomaskonstantin\6000-children-and-teen-book-covers\versions\1\BookCovers\9781840111545-1-.jpg
9781841676234-1-,C:\Users\HP USER\.cache\kagglehub\datasets\thomaskonstantin\6000-children-and-teen-book-covers\versions\1\BookCovers\9781841676234-1-.jpg
9781842700549-1-,C:\Users\HP USER\.cache\kagglehub\datasets\thomaskonstantin\6000-children-and-teen-book-covers\versions\1\BookCovers\9781842700549-1-.jpg
9781842705834-1-,C:\Users\HP USER\.cache\kagglehub\datasets\thomaskonstantin\6000-children-and-teen-book-covers\versions\1\BookCovers\9781842705834-1-.jpg
9781842706053-1-,C:\Users\HP USER\.cache\kagglehub\datasets\thomaskonstantin\6000-children-and-teen-book-covers\versions\1\BookCovers\9781842706053-1-.jpg
9781842706060-1-,C:\Users\HP USER\.cache\kagglehub\datasets\thomaskonstantin\6000-children-and-teen-book-covers\versions\1\BookCovers\9781842706060-1-.jpg
9781842707258-1-,C:\Users\HP USER\.cache\kagglehub\datasets\thomaskonstantin\6000-children-and-teen-book-covers\versions\1\BookCovers\9781842707258-1-.jpg
9781842707579-1-,C:\Users\HP USER\.cache\kagglehub\datasets\thomaskonstantin\6000-children-and-teen-book-covers\versions\1\BookCovers\9781842707579-1-.jpg
9781842708354-1-,C:\Users\HP USER\.cache\kagglehub\datasets\thomaskonstantin\6000-children-and-teen-book-covers\versions\1\BookCovers\9781842708354-1-.jpg
9781842709382-1-,C:\Users\HP USER\.cache\kagglehub\datasets\thomaskonstantin\6000-children-and-teen-book-covers\versions\1\BookCovers\9781842709382-1-.jpg
9781842709870,C:\Users\HP USER\.cache\kagglehub\datasets\thomaskonstantin\6000-children-and-teen-book-covers\versions\1\BookCovers\9781842709870.jpg
9781842709894-1-,C:\Users\HP USER\.cache\kagglehub\datasets\thomaskonstantin\6000-children-and-teen-book-covers\versions\1\BookCovers\9781842709894-1-.jpg
9781842997642-1-,C:\Users\HP USER\.cache\kagglehub\datasets\thomaskonstantin\6000-children-and-teen-book-covers\versions\1\BookCovers\9781842997642-1-.jpg
9781842999080-1-,C:\Users\HP USER\.cache\kagglehub\datasets\thomaskonstantin\6000-children-and-teen-book-covers\versions\1\BookCovers\9781842999080-1-.jpg
9781842999394-1-,C:\Users\HP USER\.cache\kagglehub\datasets\thomaskonstantin\6000-children-and-teen-book-covers\versions\1\BookCovers\9781842999394-1-.jpg
9781842999462-1-,C:\Users\HP USER\.cache\kagglehub\datasets\thomaskonstantin\6000-children-and-teen-book-covers\versions\1\BookCovers\9781842999462-1-.jpg
9781842999554-1-,C:\Users\HP USER\.cache\kagglehub\datasets\thomaskonstantin\6000-children-and-teen-book-covers\versions\1\BookCovers\9781842999554-1-.jpg
9781843100980-1-,C:\Users\HP USER\.cache\kagglehub\datasets\thomaskonstantin\6000-children-and-teen-book-covers\versions\1\BookCovers\9781843100980-1-.jpg
9781843651635-1-,C:\Users\HP USER\.cache\kagglehub\datasets\thomaskonstantin\6000-children-and-teen-book-covers\versions\1\BookCovers\9781843651635-1-.jpg
9781843914747-1-,C:\Users\HP USER\.cache\kagglehub\datasets\thomaskonstantin\6000-children-and-teen-book-covers\versions\1\BookCovers\9781843914747-1-.jpg
9781844089888-1-,C:\Users\HP USER\.cache\kagglehub\datasets\thomaskonstantin\6000-children-and-teen-book-covers\versions\1\BookCovers\9781844089888-1-.jpg
9781844286348-1-,C:\Users\HP USER\.cache\kagglehub\datasets\thomaskonstantin\6000-children-and-teen-book-covers\versions\1\BookCovers\9781844286348-1-.jpg
9781844287758-1-,C:\Users\HP USER\.cache\kagglehub\datasets\thomaskonstantin\6000-children-and-teen-book-covers\versions\1\BookCovers\9781844287758-1-.jpg
9781845023706-1-,C:\Users\HP USER\.cache\kagglehub\datasets\thomaskonstantin\6000-children-and-teen-book-covers\versions\1\BookCovers\9781845023706-1-.jpg
9781845064006-1-,C:\Users\HP USER\.cache\kagglehub\datasets\thomaskonstantin\6000-children-and-teen-book-covers\versions\1\BookCovers\9781845064006-1-.jpg
9781845077495-1-,C:\Users\HP USER\.cache\kagglehub\datasets\thomaskonstantin\6000-children-and-teen-book-covers\versions\1\BookCovers\9781845077495-1-.jpg
9781845079130-1-,C:\Users\HP USER\.cache\kagglehub\datasets\thomaskonstantin\6000-children-and-teen-book-covers\versions\1\BookCovers\9781845079130-1-.jpg
9781845079871-1-,C:\Users\HP USER\.cache\kagglehub\datasets\thomaskonstantin\6000-children-and-teen-book-covers\versions\1\BookCovers\9781845079871-1-.jpg
9781846165252-1-,C:\Users\HP USER\.cache\kagglehub\datasets\thomaskonstantin\6000-children-and-teen-book-covers\versions\1\BookCovers\9781846165252-1-.jpg
9781846433412-1-,C:\Users\HP USER\.cache\kagglehub\datasets\thomaskonstantin\6000-children-and-teen-book-covers\versions\1\BookCovers\9781846433412-1-.jpg
9781846433672-1-,C:\Users\HP USER\.cache\kagglehub\datasets\thomaskonstantin\6000-children-and-teen-book-covers\versions\1\BookCovers\9781846433672-1-.jpg
9781846433726-1-,C:\Users\HP USER\.cache\kagglehub\datasets\thomaskonstantin\6000-children-and-teen-book-covers\versions\1\BookCovers\9781846433726-1-.jpg
9781846433733-1-,C:\Users\HP USER\.cache\kagglehub\datasets\thomaskonstantin\6000-children-and-teen-book-covers\versions\1\BookCovers\9781846433733-1-.jpg
9781846434167-1-,C:\Users\HP USER\.cache\kagglehub\datasets\thomaskonstantin\6000-children-and-teen-book-covers\versions\1\BookCovers\9781846434167-1-.jpg
9781846434174-1-,C:\Users\HP USER\.cache\kagglehub\datasets\thomaskonstantin\6000-children-and-teen-book-covers\versions\1\BookCovers\9781846434174-1-.jpg
9781846435010-mary-had-a-li,C:\Users\HP USER\.cache\kagglehub\datasets\thomaskonstantin\6000-children-and-teen-book-covers\versions\1\BookCovers\9781846435010-mary-had-a-li.jpg
9781846471162-1-,C:\Users\HP USER\.cache\kagglehub\datasets\thomaskonstantin\6000-children-and-teen-book-covers\versions\1\BookCovers\9781846471162-1-.jpg
9781846860621-1-,C:\Users\HP USER\.cache\kagglehub\datasets\thomaskonstantin\6000-children-and-teen-book-covers\versions\1\BookCovers\9781846860621-1-.jpg
9781846863325-1-,C:\Users\HP USER\.cache\kagglehub\datasets\thomaskonstantin\6000-children-and-teen-book-covers\versions\1\BookCovers\9781846863325-1-.jpg
9781847152312-1-,C:\Users\HP USER\.cache\kagglehub\datasets\thomaskonstantin\6000-children-and-teen-book-covers\versions\1\BookCovers\9781847152312-1-.jpg
9781847154576,C:\Users\HP USER\.cache\kagglehub\datasets\thomaskonstantin\6000-children-and-teen-book-covers\versions\1\BookCovers\9781847154576.jpg
9781847156440,C:\Users\HP USER\.cache\kagglehub\datasets\thomaskonstantin\6000-children-and-teen-book-covers\versions\1\BookCovers\9781847156440.jpg
9781847177407,C:\Users\HP USER\.cache\kagglehub\datasets\thomaskonstantin\6000-children-and-teen-book-covers\versions\1\BookCovers\9781847177407.jpg
9781847384744-1-,C:\Users\HP USER\.cache\kagglehub\datasets\thomaskonstantin\6000-children-and-teen-book-covers\versions\1\BookCovers\9781847384744-1-.jpg
9781847388742-1-,C:\Users\HP USER\.cache\kagglehub\datasets\thomaskonstantin\6000-children-and-teen-book-covers\versions\1\BookCovers\9781847388742-1-.jpg
9781847389039-1-,C:\Users\HP USER\.cache\kagglehub\datasets\thomaskonstantin\6000-children-and-teen-book-covers\versions\1\BookCovers\9781847389039-1-.jpg
9781847389565-1-,C:\Users\HP USER\.cache\kagglehub\datasets\thomaskonstantin\6000-children-and-teen-book-covers\versions\1\BookCovers\9781847389565-1-.jpg
9781847800060-1-,C:\Users\HP USER\.cache\kagglehub\datasets\thomaskonstantin\6000-children-and-teen-book-covers\versions\1\BookCovers\9781847800060-1-.jpg
9781847800756-1-,C:\Users\HP USER\.cache\kagglehub\datasets\thomaskonstantin\6000-children-and-teen-book-covers\versions\1\BookCovers\9781847800756-1-.jpg
9781847801050-1-,C:\Users\HP USER\.cache\kagglehub\datasets\thomaskonstantin\6000-children-and-teen-book-covers\versions\1\BookCovers\9781847801050-1-.jpg
9781847801166,C:\Users\HP USER\.cache\kagglehub\datasets\thomaskonstantin\6000-children-and-teen-book-covers\versions\1\BookCovers\9781847801166.jpg
9781847801357,C:\Users\HP USER\.cache\kagglehub\datasets\thomaskonstantin\6000-children-and-teen-book-covers\versions\1\BookCovers\9781847801357.jpg
9781847801470-1-,C:\Users\HP USER\.cache\kagglehub\datasets\thomaskonstantin\6000-children-and-teen-book-covers\versions\1\BookCovers\9781847801470-1-.jpg
9781847801531-1-,C:\Users\HP USER\.cache\kagglehub\datasets\thomaskonstantin\6000-children-and-teen-book-covers\versions\1\BookCovers\9781847801531-1-.jpg
9781847801661-1-,C:\Users\HP USER\.cache\kagglehub\datasets\thomaskonstantin\6000-children-and-teen-book-covers\versions\1\BookCovers\9781847801661-1-.jpg
9781847801692-1-,C:\Users\HP USER\.cache\kagglehub\datasets\thomaskonstantin\6000-children-and-teen-book-covers\versions\1\BookCovers\9781847801692-1-.jpg
9781847801876-1-,C:\Users\HP USER\.cache\kagglehub\datasets\thomaskonstantin\6000-children-and-teen-book-covers\versions\1\BookCovers\9781847801876-1-.jpg
9781847801982-1-,C:\Users\HP USER\.cache\kagglehub\datasets\thomaskonstantin\6000-children-and-teen-book-covers\versions\1\BookCovers\9781847801982-1-.jpg
9781847802088-1-,C:\Users\HP USER\.cache\kagglehub\datasets\thomaskonstantin\6000-children-and-teen-book-covers\versions\1\BookCovers\9781847802088-1-.jpg
9781847802149-1-,C:\Users\HP USER\.cache\kagglehub\datasets\thomaskonstantin\6000-children-and-teen-book-covers\versions\1\BookCovers\9781847802149-1-.jpg
9781847802170,C:\Users\HP USER\.cache\kagglehub\datasets\thomaskonstantin\6000-children-and-teen-book-covers\versions\1\BookCovers\9781847802170.jpg
9781847802255-1-,C:\Users\HP USER\.cache\kagglehub\datasets\thomaskonstantin\6000-children-and-teen-book-covers\versions\1\BookCovers\9781847802255-1-.jpg
9781847802262-1-,C:\Users\HP USER\.cache\kagglehub\datasets\thomaskonstantin\6000-children-and-teen-book-covers\versions\1\BookCovers\9781847802262-1-.jpg
9781847802293-1-,C:\Users\HP USER\.cache\kagglehub\datasets\thomaskonstantin\6000-children-and-teen-book-covers\versions\1\BookCovers\9781847802293-1-.jpg
9781847802354,C:\Users\HP USER\.cache\kagglehub\datasets\thomaskonstantin\6000-children-and-teen-book-covers\versions\1\BookCovers\9781847802354.jpg
9781847802361-1-,C:\Users\HP USER\.cache\kagglehub\datasets\thomaskonstantin\6000-children-and-teen-book-covers\versions\1\BookCovers\9781847802361-1-.jpg
9781847802491-1-,C:\Users\HP USER\.cache\kagglehub\datasets\thomaskonstantin\6000-children-and-teen-book-covers\versions\1\BookCovers\9781847802491-1-.jpg
9781847802507-1-,C:\Users\HP USER\.cache\kagglehub\datasets\thomaskonstantin\6000-children-and-teen-book-covers\versions\1\BookCovers\9781847802507-1-.jpg
9781847802538-1-,C:\Users\HP USER\.cache\kagglehub\datasets\thomaskonstantin\6000-children-and-teen-book-covers\versions\1\BookCovers\9781847802538-1-.jpg
9781847802552-1-,C:\Users\HP USER\.cache\kagglehub\datasets\thomaskonstantin\6000-children-and-teen-book-covers\versions\1\BookCovers\9781847802552-1-.jpg
9781847802811-1-,C:\Users\HP USER\.cache\kagglehub\datasets\thomaskonstantin\6000-children-and-teen-book-covers\versions\1\BookCovers\9781847802811-1-.jpg
9781847802866-1-,C:\Users\HP USER\.cache\kagglehub\datasets\thomaskonstantin\6000-children-and-teen-book-covers\versions\1\BookCovers\9781847802866-1-.jpg
9781847802880-1-,C:\Users\HP USER\.cache\kagglehub\datasets\thomaskonstantin\6000-children-and-teen-book-covers\versions\1\BookCovers\9781847802880-1-.jpg
9781847803238,C:\Users\HP USER\.cache\kagglehub\datasets\thomaskonstantin\6000-children-and-teen-book-covers\versions\1\BookCovers\9781847803238.jpg
9781847803382-1-,C:\Users\HP USER\.cache\kagglehub\datasets\thomaskonstantin\6000-children-and-teen-book-covers\versions\1\BookCovers\9781847803382-1-.jpg
9781847803405-1-,C:\Users\HP USER\.cache\kagglehub\datasets\thomaskonstantin\6000-children-and-teen-book-covers\versions\1\BookCovers\9781847803405-1-.jpg
9781847803573-1-,C:\Users\HP USER\.cache\kagglehub\datasets\thomaskonstantin\6000-children-and-teen-book-covers\versions\1\BookCovers\9781847803573-1-.jpg
9781847803887-1-,C:\Users\HP USER\.cache\kagglehub\datasets\thomaskonstantin\6000-children-and-teen-book-covers\versions\1\BookCovers\9781847803887-1-.jpg
9781847804594,C:\Users\HP USER\.cache\kagglehub\datasets\thomaskonstantin\6000-children-and-teen-book-covers\versions\1\BookCovers\9781847804594.jpg
9781847806680,C:\Users\HP USER\.cache\kagglehub\datasets\thomaskonstantin\6000-children-and-teen-book-covers\versions\1\BookCovers\9781847806680.jpg
9781847807496,C:\Users\HP USER\.cache\kagglehub\datasets\thomaskonstantin\6000-children-and-teen-book-covers\versions\1\BookCovers\9781847807496.jpg
9781847808240,C:\Users\HP USER\.cache\kagglehub\datasets\thomaskonstantin\6000-children-and-teen-book-covers\versions\1\BookCovers\9781847808240.jpg
9781847808868,C:\Users\HP USER\.cache\kagglehub\datasets\thomaskonstantin\6000-children-and-teen-book-covers\versions\1\BookCovers\9781847808868.jpg
9781847808905,C:\Users\HP USER\.cache\kagglehub\datasets\thomaskonstantin\6000-children-and-teen-book-covers\versions\1\BookCovers\9781847808905.jpg
9781848120419-1-,C:\Users\HP USER\.cache\kagglehub\datasets\thomaskonstantin\6000-children-and-teen-book-covers\versions\1\BookCovers\9781848120419-1-.jpg
9781848121645-1-,C:\Users\HP USER\.cache\kagglehub\datasets\thomaskonstantin\6000-children-and-teen-book-covers\versions\1\BookCovers\9781848121645-1-.jpg
9781848121683-1-,C:\Users\HP USER\.cache\kagglehub\datasets\thomaskonstantin\6000-children-and-teen-book-covers\versions\1\BookCovers\9781848121683-1-.jpg
9781848122406-1-,C:\Users\HP USER\.cache\kagglehub\datasets\thomaskonstantin\6000-children-and-teen-book-covers\versions\1\BookCovers\9781848122406-1-.jpg
9781848122482-1-,C:\Users\HP USER\.cache\kagglehub\datasets\thomaskonstantin\6000-children-and-teen-book-covers\versions\1\BookCovers\9781848122482-1-.jpg
9781848122505,C:\Users\HP USER\.cache\kagglehub\datasets\thomaskonstantin\6000-children-and-teen-book-covers\versions\1\BookCovers\9781848122505.jpg
9781848122673-1-,C:\Users\HP USER\.cache\kagglehub\datasets\thomaskonstantin\6000-children-and-teen-book-covers\versions\1\BookCovers\9781848122673-1-.jpg
9781848123076,C:\Users\HP USER\.cache\kagglehub\datasets\thomaskonstantin\6000-children-and-teen-book-covers\versions\1\BookCovers\9781848123076.jpg
9781848530836-1-,C:\Users\HP USER\.cache\kagglehub\datasets\thomaskonstantin\6000-children-and-teen-book-covers\versions\1\BookCovers\9781848530836-1-.jpg
9781848530898,C:\Users\HP USER\.cache\kagglehub\datasets\thomaskonstantin\6000-children-and-teen-book-covers\versions\1\BookCovers\9781848530898.jpg
9781848531062-1-,C:\Users\HP USER\.cache\kagglehub\datasets\thomaskonstantin\6000-children-and-teen-book-covers\versions\1\BookCovers\9781848531062-1-.jpg
9781848663428,C:\Users\HP USER\.cache\kagglehub\datasets\thomaskonstantin\6000-children-and-teen-book-covers\versions\1\BookCovers\9781848663428.jpg
9781848668614,C:\Users\HP USER\.cache\kagglehub\datasets\thomaskonstantin\6000-children-and-teen-book-covers\versions\1\BookCovers\9781848668614.jpg
9781848668621,C:\Users\HP USER\.cache\kagglehub\datasets\thomaskonstantin\6000-children-and-teen-book-covers\versions\1\BookCovers\9781848668621.jpg
9781848691292,C:\Users\HP USER\.cache\kagglehub\datasets\thomaskonstantin\6000-children-and-teen-book-covers\versions\1\BookCovers\9781848691292.jpg
9781848691384,C:\Users\HP USER\.cache\kagglehub\datasets\thomaskonstantin\6000-children-and-teen-book-covers\versions\1\BookCovers\9781848691384.jpg
9781848691414,C:\Users\HP USER\.cache\kagglehub\datasets\thomaskonstantin\6000-children-and-teen-book-covers\versions\1\BookCovers\9781848691414.jpg
9781848692886,C:\Users\HP USER\.cache\kagglehub\datasets\thomaskonstantin\6000-children-and-teen-book-covers\versions\1\BookCovers\9781848692886.jpg
9781848770522-1-,C:\Users\HP USER\.cache\kagglehub\datasets\thomaskonstantin\6000-children-and-teen-book-covers\versions\1\BookCovers\9781848770522-1-.jpg
9781848771260-1-,C:\Users\HP USER\.cache\kagglehub\datasets\thomaskonstantin\6000-children-and-teen-book-covers\versions\1\BookCovers\9781848771260-1-.jpg
9781848772106-1-,C:\Users\HP USER\.cache\kagglehub\datasets\thomaskonstantin\6000-children-and-teen-book-covers\versions\1\BookCovers\9781848772106-1-.jpg
9781848772137-1-,C:\Users\HP USER\.cache\kagglehub\datasets\thomaskonstantin\6000-children-and-teen-book-covers\versions\1\BookCovers\9781848772137-1-.jpg
9781848772151-1-,C:\Users\HP USER\.cache\kagglehub\datasets\thomaskonstantin\6000-children-and-teen-book-covers\versions\1\BookCovers\9781848772151-1-.jpg
9781848772236-1-,C:\Users\HP USER\.cache\kagglehub\datasets\thomaskonstantin\6000-children-and-teen-book-covers\versions\1\BookCovers\9781848772236-1-.jpg
9781848772410,C:\Users\HP USER\.cache\kagglehub\datasets\thomaskonstantin\6000-children-and-teen-book-covers\versions\1\BookCovers\9781848772410.jpg
9781848772533-1-,C:\Users\HP USER\.cache\kagglehub\datasets\thomaskonstantin\6000-children-and-teen-book-covers\versions\1\BookCovers\9781848772533-1-.jpg
9781848772885-1-,C:\Users\HP USER\.cache\kagglehub\datasets\thomaskonstantin\6000-children-and-teen-book-covers\versions\1\BookCovers\9781848772885-1-.jpg
9781848772960-1-,C:\Users\HP USER\.cache\kagglehub\datasets\thomaskonstantin\6000-children-and-teen-book-covers\versions\1\BookCovers\9781848772960-1-.jpg
9781848773028-1-,C:\Users\HP USER\.cache\kagglehub\datasets\thomaskonstantin\6000-children-and-teen-book-covers\versions\1\BookCovers\9781848773028-1-.jpg
9781848773233,C:\Users\HP USER\.cache\kagglehub\datasets\thomaskonstantin\6000-children-and-teen-book-covers\versions\1\BookCovers\9781848773233.jpg
9781848773455-1-,C:\Users\HP USER\.cache\kagglehub\datasets\thomaskonstantin\6000-children-and-teen-book-covers\versions\1\BookCovers\9781848773455-1-.jpg
9781848773981-1-,C:\Users\HP USER\.cache\kagglehub\datasets\thomaskonstantin\6000-children-and-teen-book-covers\versions\1\BookCovers\9781848773981-1-.jpg
9781848774995-1-,C:\Users\HP USER\.cache\kagglehub\datasets\thomaskonstantin\6000-children-and-teen-book-covers\versions\1\BookCovers\9781848774995-1-.jpg
9781848775558-1-,C:\Users\HP USER\.cache\kagglehub\datasets\thomaskonstantin\6000-children-and-teen-book-covers\versions\1\BookCovers\9781848775558-1-.jpg
9781848775565-1-,C:\Users\HP USER\.cache\kagglehub\datasets\thomaskonstantin\6000-children-and-teen-book-covers\versions\1\BookCovers\9781848775565-1-.jpg
9781848775701-1-,C:\Users\HP USER\.cache\kagglehub\datasets\thomaskonstantin\6000-children-and-teen-book-covers\versions\1\BookCovers\9781848775701-1-.jpg
9781848776289-1-,C:\Users\HP USER\.cache\kagglehub\datasets\thomaskonstantin\6000-children-and-teen-book-covers\versions\1\BookCovers\9781848776289-1-.jpg
9781848776920-1-,C:\Users\HP USER\.cache\kagglehub\datasets\thomaskonstantin\6000-children-and-teen-book-covers\versions\1\BookCovers\9781848776920-1-.jpg
9781848777170,C:\Users\HP USER\.cache\kagglehub\datasets\thomaskonstantin\6000-children-and-teen-book-covers\versions\1\BookCovers\9781848777170.jpg
9781848777491-1-,C:\Users\HP USER\.cache\kagglehub\datasets\thomaskonstantin\6000-children-and-teen-book-covers\versions\1\BookCovers\9781848777491-1-.jpg
9781848777828-1-,C:\Users\HP USER\.cache\kagglehub\datasets\thomaskonstantin\6000-children-and-teen-book-covers\versions\1\BookCovers\9781848777828-1-.jpg
9781848778245-1-,C:\Users\HP USER\.cache\kagglehub\datasets\thomaskonstantin\6000-children-and-teen-book-covers\versions\1\BookCovers\9781848778245-1-.jpg
9781848778580,C:\Users\HP USER\.cache\kagglehub\datasets\thomaskonstantin\6000-children-and-teen-book-covers\versions\1\BookCovers\9781848778580.jpg
9781848779280-1-,C:\Users\HP USER\.cache\kagglehub\datasets\thomaskonstantin\6000-children-and-teen-book-covers\versions\1\BookCovers\9781848779280-1-.jpg
9781848779433,C:\Users\HP USER\.cache\kagglehub\datasets\thomaskonstantin\6000-children-and-teen-book-covers\versions\1\BookCovers\9781848779433.jpg
9781848860667-1-,C:\Users\HP USER\.cache\kagglehub\datasets\thomaskonstantin\6000-children-and-teen-book-covers\versions\1\BookCovers\9781848860667-1-.jpg
9781848959040,C:\Users\HP USER\.cache\kagglehub\datasets\thomaskonstantin\6000-children-and-teen-book-covers\versions\1\BookCovers\9781848959040.jpg
9781849390064-1-,C:\Users\HP USER\.cache\kagglehub\datasets\thomaskonstantin\6000-children-and-teen-book-covers\versions\1\BookCovers\9781849390064-1-.jpg
9781849390156-1-,C:\Users\HP USER\.cache\kagglehub\datasets\thomaskonstantin\6000-children-and-teen-book-covers\versions\1\BookCovers\9781849390156-1-.jpg
9781849390309-1-,C:\Users\HP USER\.cache\kagglehub\datasets\thomaskonstantin\6000-children-and-teen-book-covers\versions\1\BookCovers\9781849390309-1-.jpg
9781849390767-1-,C:\Users\HP USER\.cache\kagglehub\datasets\thomaskonstantin\6000-children-and-teen-book-covers\versions\1\BookCovers\9781849390767-1-.jpg
9781849390927-1-,C:\Users\HP USER\.cache\kagglehub\datasets\thomaskonstantin\6000-children-and-teen-book-covers\versions\1\BookCovers\9781849390927-1-.jpg
9781849391221-1-,C:\Users\HP USER\.cache\kagglehub\datasets\thomaskonstantin\6000-children-and-teen-book-covers\versions\1\BookCovers\9781849391221-1-.jpg
9781849391474-1-,C:\Users\HP USER\.cache\kagglehub\datasets\thomaskonstantin\6000-children-and-teen-book-covers\versions\1\BookCovers\9781849391474-1-.jpg
9781849392075-1-,C:\Users\HP USER\.cache\kagglehub\datasets\thomaskonstantin\6000-children-and-teen-book-covers\versions\1\BookCovers\9781849392075-1-.jpg
9781849392198-1-,C:\Users\HP USER\.cache\kagglehub\datasets\thomaskonstantin\6000-children-and-teen-book-covers\versions\1\BookCovers\9781849392198-1-.jpg
9781849392723-1-,C:\Users\HP USER\.cache\kagglehub\datasets\thomaskonstantin\6000-children-and-teen-book-covers\versions\1\BookCovers\9781849392723-1-.jpg
9781849392938-1-,C:\Users\HP USER\.cache\kagglehub\datasets\thomaskonstantin\6000-children-and-teen-book-covers\versions\1\BookCovers\9781849392938-1-.jpg
9781849392983-1-,C:\Users\HP USER\.cache\kagglehub\datasets\thomaskonstantin\6000-children-and-teen-book-covers\versions\1\BookCovers\9781849392983-1-.jpg
9781849393003-1-,C:\Users\HP USER\.cache\kagglehub\datasets\thomaskonstantin\6000-children-and-teen-book-covers\versions\1\BookCovers\9781849393003-1-.jpg
9781849393089-1-,C:\Users\HP USER\.cache\kagglehub\datasets\thomaskonstantin\6000-children-and-teen-book-covers\versions\1\BookCovers\9781849393089-1-.jpg
9781849393218-1-,C:\Users\HP USER\.cache\kagglehub\datasets\thomaskonstantin\6000-children-and-teen-book-covers\versions\1\BookCovers\9781849393218-1-.jpg
9781849393232-1-,C:\Users\HP USER\.cache\kagglehub\datasets\thomaskonstantin\6000-children-and-teen-book-covers\versions\1\BookCovers\9781849393232-1-.jpg
9781849393348-1-,C:\Users\HP USER\.cache\kagglehub\datasets\thomaskonstantin\6000-children-and-teen-book-covers\versions\1\BookCovers\9781849393348-1-.jpg
9781849393355-1-,C:\Users\HP USER\.cache\kagglehub\datasets\thomaskonstantin\6000-children-and-teen-book-covers\versions\1\BookCovers\9781849393355-1-.jpg
9781849393447-1-,C:\Users\HP USER\.cache\kagglehub\datasets\thomaskonstantin\6000-children-and-teen-book-covers\versions\1\BookCovers\9781849393447-1-.jpg
9781849393553-1-,C:\Users\HP USER\.cache\kagglehub\datasets\thomaskonstantin\6000-children-and-teen-book-covers\versions\1\BookCovers\9781849393553-1-.jpg
9781849393720-1-,C:\Users\HP USER\.cache\kagglehub\datasets\thomaskonstantin\6000-children-and-teen-book-covers\versions\1\BookCovers\9781849393720-1-.jpg
9781849393782-1-,C:\Users\HP USER\.cache\kagglehub\datasets\thomaskonstantin\6000-children-and-teen-book-covers\versions\1\BookCovers\9781849393782-1-.jpg
9781849393898-1-,C:\Users\HP USER\.cache\kagglehub\datasets\thomaskonstantin\6000-children-and-teen-book-covers\versions\1\BookCovers\9781849393898-1-.jpg
9781849393904-1-,C:\Users\HP USER\.cache\kagglehub\datasets\thomaskonstantin\6000-children-and-teen-book-covers\versions\1\BookCovers\9781849393904-1-.jpg
9781849393966-1-,C:\Users\HP USER\.cache\kagglehub\datasets\thomaskonstantin\6000-children-and-teen-book-covers\versions\1\BookCovers\9781849393966-1-.jpg
9781849393997-1-,C:\Users\HP USER\.cache\kagglehub\datasets\thomaskonstantin\6000-children-and-teen-book-covers\versions\1\BookCovers\9781849393997-1-.jpg
9781849394017-1-,C:\Users\HP USER\.cache\kagglehub\datasets\thomaskonstantin\6000-children-and-teen-book-covers\versions\1\BookCovers\9781849394017-1-.jpg
9781849394024-1-,C:\Users\HP USER\.cache\kagglehub\datasets\thomaskonstantin\6000-children-and-teen-book-covers\versions\1\BookCovers\9781849394024-1-.jpg
9781849394031-1-,C:\Users\HP USER\.cache\kagglehub\datasets\thomaskonstantin\6000-children-and-teen-book-covers\versions\1\BookCovers\9781849394031-1-.jpg
9781849394116-1-,C:\Users\HP USER\.cache\kagglehub\datasets\thomaskonstantin\6000-children-and-teen-book-covers\versions\1\BookCovers\9781849394116-1-.jpg
9781849394130-1-,C:\Users\HP USER\.cache\kagglehub\datasets\thomaskonstantin\6000-children-and-teen-book-covers\versions\1\BookCovers\9781849394130-1-.jpg
9781849394192-1-,C:\Users\HP USER\.cache\kagglehub\datasets\thomaskonstantin\6000-children-and-teen-book-covers\versions\1\BookCovers\9781849394192-1-.jpg
9781849394215-1-,C:\Users\HP USER\.cache\kagglehub\datasets\thomaskonstantin\6000-children-and-teen-book-covers\versions\1\BookCovers\9781849394215-1-.jpg
9781849394390-1-,C:\Users\HP USER\.cache\kagglehub\datasets\thomaskonstantin\6000-children-and-teen-book-covers\versions\1\BookCovers\9781849394390-1-.jpg
9781849394475-1-,C:\Users\HP USER\.cache\kagglehub\datasets\thomaskonstantin\6000-children-and-teen-book-covers\versions\1\BookCovers\9781849394475-1-.jpg
9781849394499-1-,C:\Users\HP USER\.cache\kagglehub\datasets\thomaskonstantin\6000-children-and-teen-book-covers\versions\1\BookCovers\9781849394499-1-.jpg
9781849394512-1-,C:\Users\HP USER\.cache\kagglehub\datasets\thomaskonstantin\6000-children-and-teen-book-covers\versions\1\BookCovers\9781849394512-1-.jpg
9781849394529,C:\Users\HP USER\.cache\kagglehub\datasets\thomaskonstantin\6000-children-and-teen-book-covers\versions\1\BookCovers\9781849394529.jpg
9781849394543,C:\Users\HP USER\.cache\kagglehub\datasets\thomaskonstantin\6000-children-and-teen-book-covers\versions\1\BookCovers\9781849394543.jpg
9781849394604-1-,C:\Users\HP USER\.cache\kagglehub\datasets\thomaskonstantin\6000-children-and-teen-book-covers\versions\1\BookCovers\9781849394604-1-.jpg
9781849394826-1-,C:\Users\HP USER\.cache\kagglehub\datasets\thomaskonstantin\6000-children-and-teen-book-covers\versions\1\BookCovers\9781849394826-1-.jpg
9781849395069-1-,C:\Users\HP USER\.cache\kagglehub\datasets\thomaskonstantin\6000-children-and-teen-book-covers\versions\1\BookCovers\9781849395069-1-.jpg
9781849395120,C:\Users\HP USER\.cache\kagglehub\datasets\thomaskonstantin\6000-children-and-teen-book-covers\versions\1\BookCovers\9781849395120.jpg
9781849395137,C:\Users\HP USER\.cache\kagglehub\datasets\thomaskonstantin\6000-children-and-teen-book-covers\versions\1\BookCovers\9781849395137.jpg
9781849395182,C:\Users\HP USER\.cache\kagglehub\datasets\thomaskonstantin\6000-children-and-teen-book-covers\versions\1\BookCovers\9781849395182.jpg
9781849395557-1-,C:\Users\HP USER\.cache\kagglehub\datasets\thomaskonstantin\6000-children-and-teen-book-covers\versions\1\BookCovers\9781849395557-1-.jpg
9781849395601-1-,C:\Users\HP USER\.cache\kagglehub\datasets\thomaskonstantin\6000-children-and-teen-book-covers\versions\1\BookCovers\9781849395601-1-.jpg
9781849395618,C:\Users\HP USER\.cache\kagglehub\datasets\thomaskonstantin\6000-children-and-teen-book-covers\versions\1\BookCovers\9781849395618.jpg
9781849395816,C:\Users\HP USER\.cache\kagglehub\datasets\thomaskonstantin\6000-children-and-teen-book-covers\versions\1\BookCovers\9781849395816.jpg
9781849396264,C:\Users\HP USER\.cache\kagglehub\datasets\thomaskonstantin\6000-children-and-teen-book-covers\versions\1\BookCovers\9781849396264.jpg
9781849396943,C:\Users\HP USER\.cache\kagglehub\datasets\thomaskonstantin\6000-children-and-teen-book-covers\versions\1\BookCovers\9781849396943.jpg
9781849397278,C:\Users\HP USER\.cache\kagglehub\datasets\thomaskonstantin\6000-children-and-teen-book-covers\versions\1\BookCovers\9781849397278.jpg
9781849411110-1-,C:\Users\HP USER\.cache\kagglehub\datasets\thomaskonstantin\6000-children-and-teen-book-covers\versions\1\BookCovers\9781849411110-1-.jpg
9781849412889-1-,C:\Users\HP USER\.cache\kagglehub\datasets\thomaskonstantin\6000-children-and-teen-book-covers\versions\1\BookCovers\9781849412889-1-.jpg
9781849415026-1-,C:\Users\HP USER\.cache\kagglehub\datasets\thomaskonstantin\6000-children-and-teen-book-covers\versions\1\BookCovers\9781849415026-1-.jpg
9781849415118-1-,C:\Users\HP USER\.cache\kagglehub\datasets\thomaskonstantin\6000-children-and-teen-book-covers\versions\1\BookCovers\9781849415118-1-.jpg
9781849415279-1-,C:\Users\HP USER\.cache\kagglehub\datasets\thomaskonstantin\6000-children-and-teen-book-covers\versions\1\BookCovers\9781849415279-1-.jpg
9781849415569-1-,C:\Users\HP USER\.cache\kagglehub\datasets\thomaskonstantin\6000-children-and-teen-book-covers\versions\1\BookCovers\9781849415569-1-.jpg
9781849416177-1-,C:\Users\HP USER\.cache\kagglehub\datasets\thomaskonstantin\6000-children-and-teen-book-covers\versions\1\BookCovers\9781849416177-1-.jpg
9781849416535-1-,C:\Users\HP USER\.cache\kagglehub\datasets\thomaskonstantin\6000-children-and-teen-book-covers\versions\1\BookCovers\9781849416535-1-.jpg
9781849416887-1-,C:\Users\HP USER\.cache\kagglehub\datasets\thomaskonstantin\6000-children-and-teen-book-covers\versions\1\BookCovers\9781849416887-1-.jpg
9781849416894-1-,C:\Users\HP USER\.cache\kagglehub\datasets\thomaskonstantin\6000-children-and-teen-book-covers\versions\1\BookCovers\9781849416894-1-.jpg
9781849416900-1-,C:\Users\HP USER\.cache\kagglehub\datasets\thomaskonstantin\6000-children-and-teen-book-covers\versions\1\BookCovers\9781849416900-1-.jpg
9781849920490-1-,C:\Users\HP USER\.cache\kagglehub\datasets\thomaskonstantin\6000-children-and-teen-book-covers\versions\1\BookCovers\9781849920490-1-.jpg
9781849921732-1-,C:\Users\HP USER\.cache\kagglehub\datasets\thomaskonstantin\6000-children-and-teen-book-covers\versions\1\BookCovers\9781849921732-1-.jpg
9781851776580-1-,C:\Users\HP USER\.cache\kagglehub\datasets\thomaskonstantin\6000-children-and-teen-book-covers\versions\1\BookCovers\9781851776580-1-.jpg
9781854379429-1-,C:\Users\HP USER\.cache\kagglehub\datasets\thomaskonstantin\6000-children-and-teen-book-covers\versions\1\BookCovers\9781854379429-1-.jpg
9781854379436-1-,C:\Users\HP USER\.cache\kagglehub\datasets\thomaskonstantin\6000-children-and-teen-book-covers\versions\1\BookCovers\9781854379436-1-.jpg
9781862306523-1-,C:\Users\HP USER\.cache\kagglehub\datasets\thomaskonstantin\6000-children-and-teen-book-covers\versions\1\BookCovers\9781862306523-1-.jpg
9781862307797-1-,C:\Users\HP USER\.cache\kagglehub\datasets\thomaskonstantin\6000-children-and-teen-book-covers\versions\1\BookCovers\9781862307797-1-.jpg
9781862307858-1-,C:\Users\HP USER\.cache\kagglehub\datasets\thomaskonstantin\6000-children-and-teen-book-covers\versions\1\BookCovers\9781862307858-1-.jpg
9781862308053-1-,C:\Users\HP USER\.cache\kagglehub\datasets\thomaskonstantin\6000-children-and-teen-book-covers\versions\1\BookCovers\9781862308053-1-.jpg
9781862308077-1-,C:\Users\HP USER\.cache\kagglehub\datasets\thomaskonstantin\6000-children-and-teen-book-covers\versions\1\BookCovers\9781862308077-1-.jpg
9781877467431-1-,C:\Users\HP USER\.cache\kagglehub\datasets\thomaskonstantin\6000-children-and-teen-book-covers\versions\1\BookCovers\9781877467431-1-.jpg
9781877467806,C:\Users\HP USER\.cache\kagglehub\datasets\thomaskonstantin\6000-children-and-teen-book-covers\versions\1\BookCovers\9781877467806.jpg
9781877467912,C:\Users\HP USER\.cache\kagglehub\datasets\thomaskonstantin\6000-children-and-teen-book-covers\versions\1\BookCovers\9781877467912.jpg
9781877579127-1-,C:\Users\HP USER\.cache\kagglehub\datasets\thomaskonstantin\6000-children-and-teen-book-covers\versions\1\BookCovers\9781877579127-1-.jpg
9781877579264,C:\Users\HP USER\.cache\kagglehub\datasets\thomaskonstantin\6000-children-and-teen-book-covers\versions\1\BookCovers\9781877579264.jpg
9781877579318,C:\Users\HP USER\.cache\kagglehub\datasets\thomaskonstantin\6000-children-and-teen-book-covers\versions\1\BookCovers\9781877579318.jpg
9781877579349,C:\Users\HP USER\.cache\kagglehub\datasets\thomaskonstantin\6000-children-and-teen-book-covers\versions\1\BookCovers\9781877579349.jpg
9781904513629-1-,C:\Users\HP USER\.cache\kagglehub\datasets\thomaskonstantin\6000-children-and-teen-book-covers\versions\1\BookCovers\9781904513629-1-.jpg
9781904550198-1-,C:\Users\HP USER\.cache\kagglehub\datasets\thomaskonstantin\6000-children-and-teen-book-covers\versions\1\BookCovers\9781904550198-1-.jpg
9781904550204-1-,C:\Users\HP USER\.cache\kagglehub\datasets\thomaskonstantin\6000-children-and-teen-book-covers\versions\1\BookCovers\9781904550204-1-.jpg
9781905117666-1-,C:\Users\HP USER\.cache\kagglehub\datasets\thomaskonstantin\6000-children-and-teen-book-covers\versions\1\BookCovers\9781905117666-1-.jpg
9781905236121-1-,C:\Users\HP USER\.cache\kagglehub\datasets\thomaskonstantin\6000-children-and-teen-book-covers\versions\1\BookCovers\9781905236121-1-.jpg
9781905294428-1-,C:\Users\HP USER\.cache\kagglehub\datasets\thomaskonstantin\6000-children-and-teen-book-covers\versions\1\BookCovers\9781905294428-1-.jpg
9781905294930-1-,C:\Users\HP USER\.cache\kagglehub\datasets\thomaskonstantin\6000-children-and-teen-book-covers\versions\1\BookCovers\9781905294930-1-.jpg
9781905417704-1-,C:\Users\HP USER\.cache\kagglehub\datasets\thomaskonstantin\6000-children-and-teen-book-covers\versions\1\BookCovers\9781905417704-1-.jpg
9781906427467-1-,C:\Users\HP USER\.cache\kagglehub\datasets\thomaskonstantin\6000-children-and-teen-book-covers\versions\1\BookCovers\9781906427467-1-.jpg
9781906427627-1-,C:\Users\HP USER\.cache\kagglehub\datasets\thomaskonstantin\6000-children-and-teen-book-covers\versions\1\BookCovers\9781906427627-1-.jpg
9781906427801-1-,C:\Users\HP USER\.cache\kagglehub\datasets\thomaskonstantin\6000-children-and-teen-book-covers\versions\1\BookCovers\9781906427801-1-.jpg
9781906427900-1-,C:\Users\HP USER\.cache\kagglehub\datasets\thomaskonstantin\6000-children-and-teen-book-covers\versions\1\BookCovers\9781906427900-1-.jpg
9781907152498-1-,C:\Users\HP USER\.cache\kagglehub\datasets\thomaskonstantin\6000-children-and-teen-book-covers\versions\1\BookCovers\9781907152498-1-.jpg
9781907411007-1-,C:\Users\HP USER\.cache\kagglehub\datasets\thomaskonstantin\6000-children-and-teen-book-covers\versions\1\BookCovers\9781907411007-1-.jpg
9781907411014,C:\Users\HP USER\.cache\kagglehub\datasets\thomaskonstantin\6000-children-and-teen-book-covers\versions\1\BookCovers\9781907411014.jpg
9781907411274-1-,C:\Users\HP USER\.cache\kagglehub\datasets\thomaskonstantin\6000-children-and-teen-book-covers\versions\1\BookCovers\9781907411274-1-.jpg
9781907411441-1-,C:\Users\HP USER\.cache\kagglehub\datasets\thomaskonstantin\6000-children-and-teen-book-covers\versions\1\BookCovers\9781907411441-1-.jpg
9781907411465-1-,C:\Users\HP USER\.cache\kagglehub\datasets\thomaskonstantin\6000-children-and-teen-book-covers\versions\1\BookCovers\9781907411465-1-.jpg
9781907411588-1-,C:\Users\HP USER\.cache\kagglehub\datasets\thomaskonstantin\6000-children-and-teen-book-covers\versions\1\BookCovers\9781907411588-1-.jpg
9781907411625-1-,C:\Users\HP USER\.cache\kagglehub\datasets\thomaskonstantin\6000-children-and-teen-book-covers\versions\1\BookCovers\9781907411625-1-.jpg
9781907411694,C:\Users\HP USER\.cache\kagglehub\datasets\thomaskonstantin\6000-children-and-teen-book-covers\versions\1\BookCovers\9781907411694.jpg
9781907825040-1-,C:\Users\HP USER\.cache\kagglehub\datasets\thomaskonstantin\6000-children-and-teen-book-covers\versions\1\BookCovers\9781907825040-1-.jpg
9781907912085-1-,C:\Users\HP USER\.cache\kagglehub\datasets\thomaskonstantin\6000-children-and-teen-book-covers\versions\1\BookCovers\9781907912085-1-.jpg
9781907912092-1-,C:\Users\HP USER\.cache\kagglehub\datasets\thomaskonstantin\6000-children-and-teen-book-covers\versions\1\BookCovers\9781907912092-1-.jpg
9781907912146-1-,C:\Users\HP USER\.cache\kagglehub\datasets\thomaskonstantin\6000-children-and-teen-book-covers\versions\1\BookCovers\9781907912146-1-.jpg
9781907912221,C:\Users\HP USER\.cache\kagglehub\datasets\thomaskonstantin\6000-children-and-teen-book-covers\versions\1\BookCovers\9781907912221.jpg
9781908435088-1-,C:\Users\HP USER\.cache\kagglehub\datasets\thomaskonstantin\6000-children-and-teen-book-covers\versions\1\BookCovers\9781908435088-1-.jpg
9781908435415-1-,C:\Users\HP USER\.cache\kagglehub\datasets\thomaskonstantin\6000-children-and-teen-book-covers\versions\1\BookCovers\9781908435415-1-.jpg
9781908435446-1-,C:\Users\HP USER\.cache\kagglehub\datasets\thomaskonstantin\6000-children-and-teen-book-covers\versions\1\BookCovers\9781908435446-1-.jpg
9781908435453-1-,C:\Users\HP USER\.cache\kagglehub\datasets\thomaskonstantin\6000-children-and-teen-book-covers\versions\1\BookCovers\9781908435453-1-.jpg
9781908446336,C:\Users\HP USER\.cache\kagglehub\datasets\thomaskonstantin\6000-children-and-teen-book-covers\versions\1\BookCovers\9781908446336.jpg
9781908446350,C:\Users\HP USER\.cache\kagglehub\datasets\thomaskonstantin\6000-children-and-teen-book-covers\versions\1\BookCovers\9781908446350.jpg
9781909263086-1-,C:\Users\HP USER\.cache\kagglehub\datasets\thomaskonstantin\6000-children-and-teen-book-covers\versions\1\BookCovers\9781909263086-1-.jpg
9781909263130-1-,C:\Users\HP USER\.cache\kagglehub\datasets\thomaskonstantin\6000-children-and-teen-book-covers\versions\1\BookCovers\9781909263130-1-.jpg
9781909263147-1-,C:\Users\HP USER\.cache\kagglehub\datasets\thomaskonstantin\6000-children-and-teen-book-covers\versions\1\BookCovers\9781909263147-1-.jpg
9781909263741,C:\Users\HP USER\.cache\kagglehub\datasets\thomaskonstantin\6000-children-and-teen-book-covers\versions\1\BookCovers\9781909263741.jpg
9781909263833,C:\Users\HP USER\.cache\kagglehub\datasets\thomaskonstantin\6000-children-and-teen-book-covers\versions\1\BookCovers\9781909263833.jpg
9781909263871,C:\Users\HP USER\.cache\kagglehub\datasets\thomaskonstantin\6000-children-and-teen-book-covers\versions\1\BookCovers\9781909263871.jpg
9781909263918,C:\Users\HP USER\.cache\kagglehub\datasets\thomaskonstantin\6000-children-and-teen-book-covers\versions\1\BookCovers\9781909263918.jpg
9781909489110,C:\Users\HP USER\.cache\kagglehub\datasets\thomaskonstantin\6000-children-and-teen-book-covers\versions\1\BookCovers\9781909489110.jpg
9781910002612,C:\Users\HP USER\.cache\kagglehub\datasets\thomaskonstantin\6000-children-and-teen-book-covers\versions\1\BookCovers\9781910002612.jpg
9781910200445,C:\Users\HP USER\.cache\kagglehub\datasets\thomaskonstantin\6000-children-and-teen-book-covers\versions\1\BookCovers\9781910200445.jpg
9781910655269,C:\Users\HP USER\.cache\kagglehub\datasets\thomaskonstantin\6000-children-and-teen-book-covers\versions\1\BookCovers\9781910655269.jpg
9781910959558,C:\Users\HP USER\.cache\kagglehub\datasets\thomaskonstantin\6000-children-and-teen-book-covers\versions\1\BookCovers\9781910959558.jpg
9781927271919,C:\Users\HP USER\.cache\kagglehub\datasets\thomaskonstantin\6000-children-and-teen-book-covers\versions\1\BookCovers\9781927271919.jpg
9789380340067-1-,C:\Users\HP USER\.cache\kagglehub\datasets\thomaskonstantin\6000-children-and-teen-book-covers\versions\1\BookCovers\9789380340067-1-.jpg
9789380340128-1-,C:\Users\HP USER\.cache\kagglehub\datasets\thomaskonstantin\6000-children-and-teen-book-covers\versions\1\BookCovers\9789380340128-1-.jpg
9789380340180-1-,C:\Users\HP USER\.cache\kagglehub\datasets\thomaskonstantin\6000-children-and-teen-book-covers\versions\1\BookCovers\9789380340180-1-.jpg
a-beautiful-lie,C:\Users\HP USER\.cache\kagglehub\datasets\thomaskonstantin\6000-children-and-teen-book-covers\versions\1\BookCovers\a-beautiful-lie.jpg
a-berlin-love-song-final,C:\Users\HP USER\.cache\kagglehub\datasets\thomaskonstantin\6000-children-and-teen-book-covers\versions\1\BookCovers\a-berlin-love-song-final.jpg
a-bird-like-himself,C:\Users\HP USER\.cache\kagglehub\datasets\thomaskonstantin\6000-children-and-teen-book-covers\versions\1\BookCovers\a-bird-like-himself.jpg
a-book-about-marley-bear-at-the-farm,C:\Users\HP USER\.cache\kagglehub\datasets\thomaskonstantin\6000-children-and-teen-book-covers\versions\1\BookCovers\a-book-about-marley-bear-at-the-farm.jpg
a-book-of-feelings,C:\Users\HP USER\.cache\kagglehub\datasets\thomaskonstantin\6000-children-and-teen-book-covers\versions\1\BookCovers\a-book-of-feelings.jpg
a-boy-and-a-bear-in-a-boat,C:\Users\HP USER\.cache\kagglehub\datasets\thomaskonstantin\6000-children-and-teen-book-covers\versions\1\BookCovers\a-boy-and-a-bear-in-a-boat.jpg
a-boy-called-christmas2,C:\Users\HP USER\.cache\kagglehub\datasets\thomaskonstantin\6000-children-and-teen-book-covers\versions\1\BookCovers\a-boy-called-christmas2.jpg
a-boy-called-hopes,C:\Users\HP USER\.cache\kagglehub\datasets\thomaskonstantin\6000-children-and-teen-book-covers\versions\1\BookCovers\a-boy-called-hopes.jpg
a-boys-best-friend,C:\Users\HP USER\.cache\kagglehub\datasets\thomaskonstantin\6000-children-and-teen-book-covers\versions\1\BookCovers\a-boys-best-friend.jpg
a-bus-called-heaven,C:\Users\HP USER\.cache\kagglehub\datasets\thomaskonstantin\6000-children-and-teen-book-covers\versions\1\BookCovers\a-bus-called-heaven.jpg
a-busy-day-for-birds,C:\Users\HP USER\.cache\kagglehub\datasets\thomaskonstantin\6000-children-and-teen-book-covers\versions\1\BookCovers\a-busy-day-for-birds.jpg
a-cats-christmas-carol,C:\Users\HP USER\.cache\kagglehub\datasets\thomaskonstantin\6000-children-and-teen-book-covers\versions\1\BookCovers\a-cats-christmas-carol.jpg
a-change-is-gonna-come,C:\Users\HP USER\.cache\kagglehub\datasets\thomaskonstantin\6000-children-and-teen-book-covers\versions\1\BookCovers\a-change-is-gonna-come.jpg
a-chase-in-time,C:\Users\HP USER\.cache\kagglehub\datasets\thomaskonstantin\6000-children-and-teen-book-covers\versions\1\BookCovers\a-chase-in-time.jpg
a-child-s-garden-a-story-of-hope,C:\Users\HP USER\.cache\kagglehub\datasets\thomaskonstantin\6000-children-and-teen-book-covers\versions\1\BookCovers\a-child-s-garden-a-story-of-hope.jpg
a-christmas-advent-story,C:\Users\HP USER\.cache\kagglehub\datasets\thomaskonstantin\6000-children-and-teen-book-covers\versions\1\BookCovers\a-christmas-advent-story.jpg
a-clock-of-stars-the-shadow-moth,C:\Users\HP USER\.cache\kagglehub\datasets\thomaskonstantin\6000-children-and-teen-book-covers\versions\1\BookCovers\a-clock-of-stars-the-shadow-moth.jpg
a-dancers-dream,C:\Users\HP USER\.cache\kagglehub\datasets\thomaskonstantin\6000-children-and-teen-book-covers\versions\1\BookCovers\a-dancers-dream.jpg
a-dangerous-crossing,C:\Users\HP USER\.cache\kagglehub\datasets\thomaskonstantin\6000-children-and-teen-book-covers\versions\1\BookCovers\a-dangerous-crossing.jpg
a-dangerous-game,C:\Users\HP USER\.cache\kagglehub\datasets\thomaskonstantin\6000-children-and-teen-book-covers\versions\1\BookCovers\a-dangerous-game.jpg
a-darkling-plains,C:\Users\HP USER\.cache\kagglehub\datasets\thomaskonstantin\6000-children-and-teen-book-covers\versions\1\BookCovers\a-darkling-plains.jpg
a-day-i-remember,C:\Users\HP USER\.cache\kagglehub\datasets\thomaskonstantin\6000-children-and-teen-book-covers\versions\1\BookCovers\a-day-i-remember.jpg
a-day-in-the-life-of-a-poo-a-gnu-and-you,C:\Users\HP USER\.cache\kagglehub\datasets\thomaskonstantin\6000-children-and-teen-book-covers\versions\1\BookCovers\a-day-in-the-life-of-a-poo-a-gnu-and-you.jpg
a-day-with-dogs,C:\Users\HP USER\.cache\kagglehub\datasets\thomaskonstantin\6000-children-and-teen-book-covers\versions\1\BookCovers\a-day-with-dogs.jpg
a-different-dog-cover,C:\Users\HP USER\.cache\kagglehub\datasets\thomaskonstantin\6000-children-and-teen-book-covers\versions\1\BookCovers\a-different-dog-cover.jpg
a-dog-with-nice-ears,C:\Users\HP USER\.cache\kagglehub\datasets\thomaskonstantin\6000-children-and-teen-book-covers\versions\1\BookCovers\a-dog-with-nice-ears.jpg
a-dose-of-dr-dog,C:\Users\HP USER\.cache\kagglehub\datasets\thomaskonstantin\6000-children-and-teen-book-covers\versions\1\BookCovers\a-dose-of-dr-dog.jpg
a-face-like-glasss,C:\Users\HP USER\.cache\kagglehub\datasets\thomaskonstantin\6000-children-and-teen-book-covers\versions\1\BookCovers\a-face-like-glasss.jpg
a-first-book-of-the-sea,C:\Users\HP USER\.cache\kagglehub\datasets\thomaskonstantin\6000-children-and-teen-book-covers\versions\1\BookCovers\a-first-book-of-the-sea.jpg
a-fox-called-herbert,C:\Users\HP USER\.cache\kagglehub\datasets\thomaskonstantin\6000-children-and-teen-book-covers\versions\1\BookCovers\a-fox-called-herbert.jpg
a-friend-for-henry,C:\Users\HP USER\.cache\kagglehub\datasets\thomaskonstantin\6000-children-and-teen-book-covers\versions\1\BookCovers\a-friend-for-henry.jpg
a-fun-abc,C:\Users\HP USER\.cache\kagglehub\datasets\thomaskonstantin\6000-children-and-teen-book-covers\versions\1\BookCovers\a-fun-abc.jpg
a-gathering-light,C:\Users\HP USER\.cache\kagglehub\datasets\thomaskonstantin\6000-children-and-teen-book-covers\versions\1\BookCovers\a-gathering-light.jpg
a-ghostlight-in-the-attic,C:\Users\HP USER\.cache\kagglehub\datasets\thomaskonstantin\6000-children-and-teen-book-covers\versions\1\BookCovers\a-ghostlight-in-the-attic.jpg
a-girl-a-raccoon-and-the-midnight-moon,C:\Users\HP USER\.cache\kagglehub\datasets\thomaskonstantin\6000-children-and-teen-book-covers\versions\1\BookCovers\a-girl-a-raccoon-and-the-midnight-moon.jpg
a-girl-called-justice---the-smugglers-secret,C:\Users\HP USER\.cache\kagglehub\datasets\thomaskonstantin\6000-children-and-teen-book-covers\versions\1\BookCovers\a-girl-called-justice---the-smugglers-secret.jpg
a-good-day-for-climbing-trees,C:\Users\HP USER\.cache\kagglehub\datasets\thomaskonstantin\6000-children-and-teen-book-covers\versions\1\BookCovers\a-good-day-for-climbing-trees.jpg
a-good-girls-guide-to-murder,C:\Users\HP USER\.cache\kagglehub\datasets\thomaskonstantin\6000-children-and-teen-book-covers\versions\1\BookCovers\a-good-girls-guide-to-murder.jpg
a-good-night-for-shooting-zombies,C:\Users\HP USER\.cache\kagglehub\datasets\thomaskonstantin\6000-children-and-teen-book-covers\versions\1\BookCovers\a-good-night-for-shooting-zombies.jpg
a-great-big-cuddle-front-cover,C:\Users\HP USER\.cache\kagglehub\datasets\thomaskonstantin\6000-children-and-teen-book-covers\versions\1\BookCovers\a-great-big-cuddle-front-cover.jpg
a-greyhound-of-a-girls,C:\Users\HP USER\.cache\kagglehub\datasets\thomaskonstantin\6000-children-and-teen-book-covers\versions\1\BookCovers\a-greyhound-of-a-girls.jpg
a-guide-to-sisters2,C:\Users\HP USER\.cache\kagglehub\datasets\thomaskonstantin\6000-children-and-teen-book-covers\versions\1\BookCovers\a-guide-to-sisters2.jpg
a-gyal-called-owl,C:\Users\HP USER\.cache\kagglehub\datasets\thomaskonstantin\6000-children-and-teen-book-covers\versions\1\BookCovers\a-gyal-called-owl.jpg
a-hollow-in-the-hills,C:\Users\HP USER\.cache\kagglehub\datasets\thomaskonstantin\6000-children-and-teen-book-covers\versions\1\BookCovers\a-hollow-in-the-hills.jpg
a-jigsaw-of-fire-and-stars,C:\Users\HP USER\.cache\kagglehub\datasets\thomaskonstantin\6000-children-and-teen-book-covers\versions\1\BookCovers\a-jigsaw-of-fire-and-stars.jpg
a-journey-through-the-human-body,C:\Users\HP USER\.cache\kagglehub\datasets\thomaskonstantin\6000-children-and-teen-book-covers\versions\1\BookCovers\a-journey-through-the-human-body.jpg
a-kid-in-my-class,C:\Users\HP USER\.cache\kagglehub\datasets\thomaskonstantin\6000-children-and-teen-book-covers\versions\1\BookCovers\a-kid-in-my-class.jpg
a-kind-of-spark,C:\Users\HP USER\.cache\kagglehub\datasets\thomaskonstantin\6000-children-and-teen-book-covers\versions\1\BookCovers\a-kind-of-spark.jpg
a-laureate-s-choice-cover-w,C:\Users\HP USER\.cache\kagglehub\datasets\thomaskonstantin\6000-children-and-teen-book-covers\versions\1\BookCovers\a-laureate-s-choice-cover-w.jpg
a-light-song-of-light,C:\Users\HP USER\.cache\kagglehub\datasets\thomaskonstantin\6000-children-and-teen-book-covers\versions\1\BookCovers\a-light-song-of-light.jpg
a-lion-is-a-lion,C:\Users\HP USER\.cache\kagglehub\datasets\thomaskonstantin\6000-children-and-teen-book-covers\versions\1\BookCovers\a-lion-is-a-lion.jpg
a-little-bit-different,C:\Users\HP USER\.cache\kagglehub\datasets\thomaskonstantin\6000-children-and-teen-book-covers\versions\1\BookCovers\a-little-bit-different.jpg
a-little-piece-of-ground,C:\Users\HP USER\.cache\kagglehub\datasets\thomaskonstantin\6000-children-and-teen-book-covers\versions\1\BookCovers\a-little-piece-of-ground.jpg
a-midsummer-night-s-dream,C:\Users\HP USER\.cache\kagglehub\datasets\thomaskonstantin\6000-children-and-teen-book-covers\versions\1\BookCovers\a-midsummer-night-s-dream.jpg
a-moon-girl-stole-my-friend,C:\Users\HP USER\.cache\kagglehub\datasets\thomaskonstantin\6000-children-and-teen-book-covers\versions\1\BookCovers\a-moon-girl-stole-my-friend.jpg
a-most-improper-magick,C:\Users\HP USER\.cache\kagglehub\datasets\thomaskonstantin\6000-children-and-teen-book-covers\versions\1\BookCovers\a-most-improper-magick.jpg
a-most-peculiar-toy-factory,C:\Users\HP USER\.cache\kagglehub\datasets\thomaskonstantin\6000-children-and-teen-book-covers\versions\1\BookCovers\a-most-peculiar-toy-factory.jpg
a-mouse-called-julian,C:\Users\HP USER\.cache\kagglehub\datasets\thomaskonstantin\6000-children-and-teen-book-covers\versions\1\BookCovers\a-mouse-called-julian.jpg
a-mummy-ate-my-homework,C:\Users\HP USER\.cache\kagglehub\datasets\thomaskonstantin\6000-children-and-teen-book-covers\versions\1\BookCovers\a-mummy-ate-my-homework.jpg
a-necklace-of-raindrops,C:\Users\HP USER\.cache\kagglehub\datasets\thomaskonstantin\6000-children-and-teen-book-covers\versions\1\BookCovers\a-necklace-of-raindrops.jpg
a-nest-of-vipers,C:\Users\HP USER\.cache\kagglehub\datasets\thomaskonstantin\6000-children-and-teen-book-covers\versions\1\BookCovers\a-nest-of-vipers.jpg
a-pinch-of-magic,C:\Users\HP USER\.cache\kagglehub\datasets\thomaskonstantin\6000-children-and-teen-book-covers\versions\1\BookCovers\a-pinch-of-magic.jpg
a-place-to-call-home,C:\Users\HP USER\.cache\kagglehub\datasets\thomaskonstantin\6000-children-and-teen-book-covers\versions\1\BookCovers\a-place-to-call-home.jpg
a-pocketful-of-stars,C:\Users\HP USER\.cache\kagglehub\datasets\thomaskonstantin\6000-children-and-teen-book-covers\versions\1\BookCovers\a-pocketful-of-stars.jpg
a-postcard-to-ollis,C:\Users\HP USER\.cache\kagglehub\datasets\thomaskonstantin\6000-children-and-teen-book-covers\versions\1\BookCovers\a-postcard-to-ollis.jpg
a-recipe-for-bedtime,C:\Users\HP USER\.cache\kagglehub\datasets\thomaskonstantin\6000-children-and-teen-book-covers\versions\1\BookCovers\a-recipe-for-bedtime.jpg
a-recipe-for-playtime,C:\Users\HP USER\.cache\kagglehub\datasets\thomaskonstantin\6000-children-and-teen-book-covers\versions\1\BookCovers\a-recipe-for-playtime.jpg
a-river,C:\Users\HP USER\.cache\kagglehub\datasets\thomaskonstantin\6000-children-and-teen-book-covers\versions\1\BookCovers\a-river.jpg
a-robot-girl-ruined-my-sleepover,C:\Users\HP USER\.cache\kagglehub\datasets\thomaskonstantin\6000-children-and-teen-book-covers\versions\1\BookCovers\a-robot-girl-ruined-my-sleepover.jpg
a-rocketful-of-space-poems,C:\Users\HP USER\.cache\kagglehub\datasets\thomaskonstantin\6000-children-and-teen-book-covers\versions\1\BookCovers\a-rocketful-of-space-poems.jpg
a-roman-rescue,C:\Users\HP USER\.cache\kagglehub\datasets\thomaskonstantin\6000-children-and-teen-book-covers\versions\1\BookCovers\a-roman-rescue.jpg
a-safe-place,C:\Users\HP USER\.cache\kagglehub\datasets\thomaskonstantin\6000-children-and-teen-book-covers\versions\1\BookCovers\a-safe-place.jpg
a-sea-of-stories,C:\Users\HP USER\.cache\kagglehub\datasets\thomaskonstantin\6000-children-and-teen-book-covers\versions\1\BookCovers\a-sea-of-stories.jpg
a-secret-of-birds-and-bone,C:\Users\HP USER\.cache\kagglehub\datasets\thomaskonstantin\6000-children-and-teen-book-covers\versions\1\BookCovers\a-secret-of-birds-and-bone.jpg
a-seven-letter-word,C:\Users\HP USER\.cache\kagglehub\datasets\thomaskonstantin\6000-children-and-teen-book-covers\versions\1\BookCovers\a-seven-letter-word.jpg
a-shame-to-miss,C:\Users\HP USER\.cache\kagglehub\datasets\thomaskonstantin\6000-children-and-teen-book-covers\versions\1\BookCovers\a-shame-to-miss.jpg
a-shiver-of-snow-and-sky,C:\Users\HP USER\.cache\kagglehub\datasets\thomaskonstantin\6000-children-and-teen-book-covers\versions\1\BookCovers\a-shiver-of-snow-and-sky.jpg
a-small-free-kiss-in-the-dark2,C:\Users\HP USER\.cache\kagglehub\datasets\thomaskonstantin\6000-children-and-teen-book-covers\versions\1\BookCovers\a-small-free-kiss-in-the-dark2.jpg
a-song-for-jamela,C:\Users\HP USER\.cache\kagglehub\datasets\thomaskonstantin\6000-children-and-teen-book-covers\versions\1\BookCovers\a-song-for-jamela.jpg
a-splendid-friend-indeed,C:\Users\HP USER\.cache\kagglehub\datasets\thomaskonstantin\6000-children-and-teen-book-covers\versions\1\BookCovers\a-splendid-friend-indeed.jpg
a-sprinkle-of-sorcery,C:\Users\HP USER\.cache\kagglehub\datasets\thomaskonstantin\6000-children-and-teen-book-covers\versions\1\BookCovers\a-sprinkle-of-sorcery.jpg
a-storm-of-strawberries,C:\Users\HP USER\.cache\kagglehub\datasets\thomaskonstantin\6000-children-and-teen-book-covers\versions\1\BookCovers\a-storm-of-strawberries.jpg
a-story-about-afiya,C:\Users\HP USER\.cache\kagglehub\datasets\thomaskonstantin\6000-children-and-teen-book-covers\versions\1\BookCovers\a-story-about-afiya.jpg
a-story-about-cancer,C:\Users\HP USER\.cache\kagglehub\datasets\thomaskonstantin\6000-children-and-teen-book-covers\versions\1\BookCovers\a-story-about-cancer.jpg
a-street-dog-named-pup,C:\Users\HP USER\.cache\kagglehub\datasets\thomaskonstantin\6000-children-and-teen-book-covers\versions\1\BookCovers\a-street-dog-named-pup.jpg
a-superhero-like-you,C:\Users\HP USER\.cache\kagglehub\datasets\thomaskonstantin\6000-children-and-teen-book-covers\versions\1\BookCovers\a-superhero-like-you.jpg
a-taste-of-the-world,C:\Users\HP USER\.cache\kagglehub\datasets\thomaskonstantin\6000-children-and-teen-book-covers\versions\1\BookCovers\a-taste-of-the-world.jpg
a-thousand-questions,C:\Users\HP USER\.cache\kagglehub\datasets\thomaskonstantin\6000-children-and-teen-book-covers\versions\1\BookCovers\a-thousand-questions.jpg
a-throne-of-swans,C:\Users\HP USER\.cache\kagglehub\datasets\thomaskonstantin\6000-children-and-teen-book-covers\versions\1\BookCovers\a-throne-of-swans.jpg
a-tiny-little-story,C:\Users\HP USER\.cache\kagglehub\datasets\thomaskonstantin\6000-children-and-teen-book-covers\versions\1\BookCovers\a-tiny-little-story.jpg
a-tudor-turk,C:\Users\HP USER\.cache\kagglehub\datasets\thomaskonstantin\6000-children-and-teen-book-covers\versions\1\BookCovers\a-tudor-turk.jpg
a-very-corgi-christmas,C:\Users\HP USER\.cache\kagglehub\datasets\thomaskonstantin\6000-children-and-teen-book-covers\versions\1\BookCovers\a-very-corgi-christmas.jpg
a-visit-to-city-farm,C:\Users\HP USER\.cache\kagglehub\datasets\thomaskonstantin\6000-children-and-teen-book-covers\versions\1\BookCovers\a-visit-to-city-farm.jpg
a-voice-in-the-distance,C:\Users\HP USER\.cache\kagglehub\datasets\thomaskonstantin\6000-children-and-teen-book-covers\versions\1\BookCovers\a-voice-in-the-distance.jpg
a-walk-in-london,C:\Users\HP USER\.cache\kagglehub\datasets\thomaskonstantin\6000-children-and-teen-book-covers\versions\1\BookCovers\a-walk-in-london.jpg
a-walk-in-new-york,C:\Users\HP USER\.cache\kagglehub\datasets\thomaskonstantin\6000-children-and-teen-book-covers\versions\1\BookCovers\a-walk-in-new-york.jpg
a-walk-on-the-wild-side,C:\Users\HP USER\.cache\kagglehub\datasets\thomaskonstantin\6000-children-and-teen-book-covers\versions\1\BookCovers\a-walk-on-the-wild-side.jpg
a-welcome-song-for-baby,C:\Users\HP USER\.cache\kagglehub\datasets\thomaskonstantin\6000-children-and-teen-book-covers\versions\1\BookCovers\a-welcome-song-for-baby.jpg
a-whisper-of-horses,C:\Users\HP USER\.cache\kagglehub\datasets\thomaskonstantin\6000-children-and-teen-book-covers\versions\1\BookCovers\a-whisper-of-horses.jpg
a-witch-alone,C:\Users\HP USER\.cache\kagglehub\datasets\thomaskonstantin\6000-children-and-teen-book-covers\versions\1\BookCovers\a-witch-alone.jpg
a-wizard-of-earthsea,C:\Users\HP USER\.cache\kagglehub\datasets\thomaskonstantin\6000-children-and-teen-book-covers\versions\1\BookCovers\a-wizard-of-earthsea.jpg
a-world-full-of-spooky-stories,C:\Users\HP USER\.cache\kagglehub\datasets\thomaskonstantin\6000-children-and-teen-book-covers\versions\1\BookCovers\a-world-full-of-spooky-stories.jpg
a-wrinkle-in-time,C:\Users\HP USER\.cache\kagglehub\datasets\thomaskonstantin\6000-children-and-teen-book-covers\versions\1\BookCovers\a-wrinkle-in-time.jpg
a-year-full-of-stories,C:\Users\HP USER\.cache\kagglehub\datasets\thomaskonstantin\6000-children-and-teen-book-covers\versions\1\BookCovers\a-year-full-of-stories.jpg
a-year-of-nature-poems,C:\Users\HP USER\.cache\kagglehub\datasets\thomaskonstantin\6000-children-and-teen-book-covers\versions\1\BookCovers\a-year-of-nature-poems.jpg
a-year-without-autumn,C:\Users\HP USER\.cache\kagglehub\datasets\thomaskonstantin\6000-children-and-teen-book-covers\versions\1\BookCovers\a-year-without-autumn.jpg
aalfred-and-aalbert,C:\Users\HP USER\.cache\kagglehub\datasets\thomaskonstantin\6000-children-and-teen-book-covers\versions\1\BookCovers\aalfred-and-aalbert.jpg
abandon,C:\Users\HP USER\.cache\kagglehub\datasets\thomaskonstantin\6000-children-and-teen-book-covers\versions\1\BookCovers\abandon.jpg
abc-dinosaurs-and-other-prehistoric-creatures,C:\Users\HP USER\.cache\kagglehub\datasets\thomaskonstantin\6000-children-and-teen-book-covers\versions\1\BookCovers\abc-dinosaurs-and-other-prehistoric-creatures.jpg
abc-mindful-me,C:\Users\HP USER\.cache\kagglehub\datasets\thomaskonstantin\6000-children-and-teen-book-covers\versions\1\BookCovers\abc-mindful-me.jpg
abc-walk-in-countryside,C:\Users\HP USER\.cache\kagglehub\datasets\thomaskonstantin\6000-children-and-teen-book-covers\versions\1\BookCovers\abc-walk-in-countryside.jpg
abidjan-to-gare-du-nord,C:\Users\HP USER\.cache\kagglehub\datasets\thomaskonstantin\6000-children-and-teen-book-covers\versions\1\BookCovers\abidjan-to-gare-du-nord.jpg
able-seacat-simon-2,C:\Users\HP USER\.cache\kagglehub\datasets\thomaskonstantin\6000-children-and-teen-book-covers\versions\1\BookCovers\able-seacat-simon-2.jpg
above-and-below,C:\Users\HP USER\.cache\kagglehub\datasets\thomaskonstantin\6000-children-and-teen-book-covers\versions\1\BookCovers\above-and-below.jpg
absolutely-everything,C:\Users\HP USER\.cache\kagglehub\datasets\thomaskonstantin\6000-children-and-teen-book-covers\versions\1\BookCovers\absolutely-everything.jpg
absurdia,C:\Users\HP USER\.cache\kagglehub\datasets\thomaskonstantin\6000-children-and-teen-book-covers\versions\1\BookCovers\absurdia.jpg
abudanceofkatherines,C:\Users\HP USER\.cache\kagglehub\datasets\thomaskonstantin\6000-children-and-teen-book-covers\versions\1\BookCovers\abudanceofkatherines.jpg
accident-season,C:\Users\HP USER\.cache\kagglehub\datasets\thomaskonstantin\6000-children-and-teen-book-covers\versions\1\BookCovers\accident-season.jpg
accidental-prime-minister,C:\Users\HP USER\.cache\kagglehub\datasets\thomaskonstantin\6000-children-and-teen-book-covers\versions\1\BookCovers\accidental-prime-minister.jpg
accidental-secret-agent,C:\Users\HP USER\.cache\kagglehub\datasets\thomaskonstantin\6000-children-and-teen-book-covers\versions\1\BookCovers\accidental-secret-agent.jpg
accidents-of-nature,C:\Users\HP USER\.cache\kagglehub\datasets\thomaskonstantin\6000-children-and-teen-book-covers\versions\1\BookCovers\accidents-of-nature.jpg
ace-ghosts,C:\Users\HP USER\.cache\kagglehub\datasets\thomaskonstantin\6000-children-and-teen-book-covers\versions\1\BookCovers\ace-ghosts.jpg
ace-of-spiders,C:\Users\HP USER\.cache\kagglehub\datasets\thomaskonstantin\6000-children-and-teen-book-covers\versions\1\BookCovers\ace-of-spiders.jpg
across-the-risen-sea,C:\Users\HP USER\.cache\kagglehub\datasets\thomaskonstantin\6000-children-and-teen-book-covers\versions\1\BookCovers\across-the-risen-sea.jpg
across-the-universe,C:\Users\HP USER\.cache\kagglehub\datasets\thomaskonstantin\6000-children-and-teen-book-covers\versions\1\BookCovers\across-the-universe.jpg
action-rhymes,C:\Users\HP USER\.cache\kagglehub\datasets\thomaskonstantin\6000-children-and-teen-book-covers\versions\1\BookCovers\action-rhymes.jpg
action-stan,C:\Users\HP USER\.cache\kagglehub\datasets\thomaskonstantin\6000-children-and-teen-book-covers\versions\1\BookCovers\action-stan.jpg
actual-size,C:\Users\HP USER\.cache\kagglehub\datasets\thomaskonstantin\6000-children-and-teen-book-covers\versions\1\BookCovers\actual-size.jpg
ada-twist-scientist,C:\Users\HP USER\.cache\kagglehub\datasets\thomaskonstantin\6000-children-and-teen-book-covers\versions\1\BookCovers\ada-twist-scientist.jpg
adelaide-s-secret-world,C:\Users\HP USER\.cache\kagglehub\datasets\thomaskonstantin\6000-children-and-teen-book-covers\versions\1\BookCovers\adelaide-s-secret-world.jpg
adventure-duck-vs-power-pug,C:\Users\HP USER\.cache\kagglehub\datasets\thomaskonstantin\6000-children-and-teen-book-covers\versions\1\BookCovers\adventure-duck-vs-power-pug.jpg
adventures-of-hermes,C:\Users\HP USER\.cache\kagglehub\datasets\thomaskonstantin\6000-children-and-teen-book-covers\versions\1\BookCovers\adventures-of-hermes.jpg
adventures-steampunk-slippery-sea-monster,C:\Users\HP USER\.cache\kagglehub\datasets\thomaskonstantin\6000-children-and-teen-book-covers\versions\1\BookCovers\adventures-steampunk-slippery-sea-monster.jpg
afraid-of-the-dark,C:\Users\HP USER\.cache\kagglehub\datasets\thomaskonstantin\6000-children-and-teen-book-covers\versions\1\BookCovers\afraid-of-the-dark.jpg
africa-amazing-africa,C:\Users\HP USER\.cache\kagglehub\datasets\thomaskonstantin\6000-children-and-teen-book-covers\versions\1\BookCovers\africa-amazing-africa.jpg
african-tales-a-barefoot-collection,C:\Users\HP USER\.cache\kagglehub\datasets\thomaskonstantin\6000-children-and-teen-book-covers\versions\1\BookCovers\african-tales-a-barefoot-collection.jpg
after-iriss,C:\Users\HP USER\.cache\kagglehub\datasets\thomaskonstantin\6000-children-and-teen-book-covers\versions\1\BookCovers\after-iriss.jpg
after-the-fall,C:\Users\HP USER\.cache\kagglehub\datasets\thomaskonstantin\6000-children-and-teen-book-covers\versions\1\BookCovers\after-the-fall.jpg
after,C:\Users\HP USER\.cache\kagglehub\datasets\thomaskonstantin\6000-children-and-teen-book-covers\versions\1\BookCovers\after.jpg
aftershock,C:\Users\HP USER\.cache\kagglehub\datasets\thomaskonstantin\6000-children-and-teen-book-covers\versions\1\BookCovers\aftershock.jpg
afterwalkers,C:\Users\HP USER\.cache\kagglehub\datasets\thomaskonstantin\6000-children-and-teen-book-covers\versions\1\BookCovers\afterwalkers.jpg
afterworlds,C:\Users\HP USER\.cache\kagglehub\datasets\thomaskonstantin\6000-children-and-teen-book-covers\versions\1\BookCovers\afterworlds.jpg
agent-zaiba-investigates-the-missing-diamonds,C:\Users\HP USER\.cache\kagglehub\datasets\thomaskonstantin\6000-children-and-teen-book-covers\versions\1\BookCovers\agent-zaiba-investigates-the-missing-diamonds.jpg
ahmed-and-the-feather-girl,C:\Users\HP USER\.cache\kagglehub\datasets\thomaskonstantin\6000-children-and-teen-book-covers\versions\1\BookCovers\ahmed-and-the-feather-girl.jpg
ake,C:\Users\HP USER\.cache\kagglehub\datasets\thomaskonstantin\6000-children-and-teen-book-covers\versions\1\BookCovers\ake.jpg
akissi-even-more-tales-of-mischief,C:\Users\HP USER\.cache\kagglehub\datasets\thomaskonstantin\6000-children-and-teen-book-covers\versions\1\BookCovers\akissi-even-more-tales-of-mischief.jpg
akissi-tales-of-mischief,C:\Users\HP USER\.cache\kagglehub\datasets\thomaskonstantin\6000-children-and-teen-book-covers\versions\1\BookCovers\akissi-tales-of-mischief.jpg
alana,C:\Users\HP USER\.cache\kagglehub\datasets\thomaskonstantin\6000-children-and-teen-book-covers\versions\1\BookCovers\alana.jpg
alastair-humphreys-great-adventurers,C:\Users\HP USER\.cache\kagglehub\datasets\thomaskonstantin\6000-children-and-teen-book-covers\versions\1\BookCovers\alastair-humphreys-great-adventurers.jpg
albert-s-tree,C:\Users\HP USER\.cache\kagglehub\datasets\thomaskonstantin\6000-children-and-teen-book-covers\versions\1\BookCovers\albert-s-tree.jpg
albert-talbot-master-of-disguise,C:\Users\HP USER\.cache\kagglehub\datasets\thomaskonstantin\6000-children-and-teen-book-covers\versions\1\BookCovers\albert-talbot-master-of-disguise.jpg
alex-as-well,C:\Users\HP USER\.cache\kagglehub\datasets\thomaskonstantin\6000-children-and-teen-book-covers\versions\1\BookCovers\alex-as-well.jpg
alex-sparrow-and-the-furry-fury,C:\Users\HP USER\.cache\kagglehub\datasets\thomaskonstantin\6000-children-and-teen-book-covers\versions\1\BookCovers\alex-sparrow-and-the-furry-fury.jpg
alex-sparrow-and-the-really-big-stink,C:\Users\HP USER\.cache\kagglehub\datasets\thomaskonstantin\6000-children-and-teen-book-covers\versions\1\BookCovers\alex-sparrow-and-the-really-big-stink.jpg
alex-sparrow-and-the-zumbie-apocalypse,C:\Users\HP USER\.cache\kagglehub\datasets\thomaskonstantin\6000-children-and-teen-book-covers\versions\1\BookCovers\alex-sparrow-and-the-zumbie-apocalypse.jpg
alfie-and-dad,C:\Users\HP USER\.cache\kagglehub\datasets\thomaskonstantin\6000-children-and-teen-book-covers\versions\1\BookCovers\alfie-and-dad.jpg
alfie-and-the-big-boys,C:\Users\HP USER\.cache\kagglehub\datasets\thomaskonstantin\6000-children-and-teen-book-covers\versions\1\BookCovers\alfie-and-the-big-boys.jpg
alfie-bloom,C:\Users\HP USER\.cache\kagglehub\datasets\thomaskonstantin\6000-children-and-teen-book-covers\versions\1\BookCovers\alfie-bloom.jpg
alfie-wins-a-prize,C:\Users\HP USER\.cache\kagglehub\datasets\thomaskonstantin\6000-children-and-teen-book-covers\versions\1\BookCovers\alfie-wins-a-prize.jpg
alice-dent-and-the-incredible-germs,C:\Users\HP USER\.cache\kagglehub\datasets\thomaskonstantin\6000-children-and-teen-book-covers\versions\1\BookCovers\alice-dent-and-the-incredible-germs.jpg
alice-in-sunderland,C:\Users\HP USER\.cache\kagglehub\datasets\thomaskonstantin\6000-children-and-teen-book-covers\versions\1\BookCovers\alice-in-sunderland.jpg
alice-in-wonderland,C:\Users\HP USER\.cache\kagglehub\datasets\thomaskonstantin\6000-children-and-teen-book-covers\versions\1\BookCovers\alice-in-wonderland.jpg
alice-miranda-on-holiday,C:\Users\HP USER\.cache\kagglehub\datasets\thomaskonstantin\6000-children-and-teen-book-covers\versions\1\BookCovers\alice-miranda-on-holiday.jpg
alien-invaders,C:\Users\HP USER\.cache\kagglehub\datasets\thomaskonstantin\6000-children-and-teen-book-covers\versions\1\BookCovers\alien-invaders.jpg
alien-superstar,C:\Users\HP USER\.cache\kagglehub\datasets\thomaskonstantin\6000-children-and-teen-book-covers\versions\1\BookCovers\alien-superstar.jpg
aliens-love-underpants,C:\Users\HP USER\.cache\kagglehub\datasets\thomaskonstantin\6000-children-and-teen-book-covers\versions\1\BookCovers\aliens-love-underpants.jpg
alive-again,C:\Users\HP USER\.cache\kagglehub\datasets\thomaskonstantin\6000-children-and-teen-book-covers\versions\1\BookCovers\alive-again.jpg
all-aboard-the-discovery-express,C:\Users\HP USER\.cache\kagglehub\datasets\thomaskonstantin\6000-children-and-teen-book-covers\versions\1\BookCovers\all-aboard-the-discovery-express.jpg
all-aboard-the-numbers-train,C:\Users\HP USER\.cache\kagglehub\datasets\thomaskonstantin\6000-children-and-teen-book-covers\versions\1\BookCovers\all-aboard-the-numbers-train.jpg
all-about-mia,C:\Users\HP USER\.cache\kagglehub\datasets\thomaskonstantin\6000-children-and-teen-book-covers\versions\1\BookCovers\all-about-mia.jpg
all-american-girl,C:\Users\HP USER\.cache\kagglehub\datasets\thomaskonstantin\6000-children-and-teen-book-covers\versions\1\BookCovers\all-american-girl.jpg
all-because-of-jackson,C:\Users\HP USER\.cache\kagglehub\datasets\thomaskonstantin\6000-children-and-teen-book-covers\versions\1\BookCovers\all-because-of-jackson.jpg
all-because-you-matter,C:\Users\HP USER\.cache\kagglehub\datasets\thomaskonstantin\6000-children-and-teen-book-covers\versions\1\BookCovers\all-because-you-matter.jpg
all-i-said-was,C:\Users\HP USER\.cache\kagglehub\datasets\thomaskonstantin\6000-children-and-teen-book-covers\versions\1\BookCovers\all-i-said-was.jpg
all-i-want-for-christmas,C:\Users\HP USER\.cache\kagglehub\datasets\thomaskonstantin\6000-children-and-teen-book-covers\versions\1\BookCovers\all-i-want-for-christmas.jpg
all-i-want-for-christmas2,C:\Users\HP USER\.cache\kagglehub\datasets\thomaskonstantin\6000-children-and-teen-book-covers\versions\1\BookCovers\all-i-want-for-christmas2.jpg
all-kinds-of-cars,C:\Users\HP USER\.cache\kagglehub\datasets\thomaskonstantin\6000-children-and-teen-book-covers\versions\1\BookCovers\all-kinds-of-cars.jpg
all-my-secrets,C:\Users\HP USER\.cache\kagglehub\datasets\thomaskonstantin\6000-children-and-teen-book-covers\versions\1\BookCovers\all-my-secrets.jpg
all-sorts-of-possibled,C:\Users\HP USER\.cache\kagglehub\datasets\thomaskonstantin\6000-children-and-teen-book-covers\versions\1\BookCovers\all-sorts-of-possibled.jpg
all-the-bright-places,C:\Users\HP USER\.cache\kagglehub\datasets\thomaskonstantin\6000-children-and-teen-book-covers\versions\1\BookCovers\all-the-bright-places.jpg
all-the-rage,C:\Users\HP USER\.cache\kagglehub\datasets\thomaskonstantin\6000-children-and-teen-book-covers\versions\1\BookCovers\all-the-rage.jpg
all-the-ways-to-be-smart,C:\Users\HP USER\.cache\kagglehub\datasets\thomaskonstantin\6000-children-and-teen-book-covers\versions\1\BookCovers\all-the-ways-to-be-smart.jpg
all-the-year-round,C:\Users\HP USER\.cache\kagglehub\datasets\thomaskonstantin\6000-children-and-teen-book-covers\versions\1\BookCovers\all-the-year-round.jpg
all-too-much,C:\Users\HP USER\.cache\kagglehub\datasets\thomaskonstantin\6000-children-and-teen-book-covers\versions\1\BookCovers\all-too-much.jpg
allafloatonnoahsboat,C:\Users\HP USER\.cache\kagglehub\datasets\thomaskonstantin\6000-children-and-teen-book-covers\versions\1\BookCovers\allafloatonnoahsboat.jpg
alley-cat-rally,C:\Users\HP USER\.cache\kagglehub\datasets\thomaskonstantin\6000-children-and-teen-book-covers\versions\1\BookCovers\alley-cat-rally.jpg
alliesandassassins,C:\Users\HP USER\.cache\kagglehub\datasets\thomaskonstantin\6000-children-and-teen-book-covers\versions\1\BookCovers\alliesandassassins.jpg
allthewonders,C:\Users\HP USER\.cache\kagglehub\datasets\thomaskonstantin\6000-children-and-teen-book-covers\versions\1\BookCovers\allthewonders.jpg
almost-anything,C:\Users\HP USER\.cache\kagglehub\datasets\thomaskonstantin\6000-children-and-teen-book-covers\versions\1\BookCovers\almost-anything.jpg
almost-everybody-farts,C:\Users\HP USER\.cache\kagglehub\datasets\thomaskonstantin\6000-children-and-teen-book-covers\versions\1\BookCovers\almost-everybody-farts.jpg
almost-fearless-hamilton-squidlegger,C:\Users\HP USER\.cache\kagglehub\datasets\thomaskonstantin\6000-children-and-teen-book-covers\versions\1\BookCovers\almost-fearless-hamilton-squidlegger.jpg
alone-in-the-forest,C:\Users\HP USER\.cache\kagglehub\datasets\thomaskonstantin\6000-children-and-teen-book-covers\versions\1\BookCovers\alone-in-the-forest.jpg
alone-on-a-wide-wide-sea,C:\Users\HP USER\.cache\kagglehub\datasets\thomaskonstantin\6000-children-and-teen-book-covers\versions\1\BookCovers\alone-on-a-wide-wide-sea.jpg
alone,C:\Users\HP USER\.cache\kagglehub\datasets\thomaskonstantin\6000-children-and-teen-book-covers\versions\1\BookCovers\alone.jpg
alongfortheride,C:\Users\HP USER\.cache\kagglehub\datasets\thomaskonstantin\6000-children-and-teen-book-covers\versions\1\BookCovers\alongfortheride.jpg
alphabet-street,C:\Users\HP USER\.cache\kagglehub\datasets\thomaskonstantin\6000-children-and-teen-book-covers\versions\1\BookCovers\alphabet-street.jpg
alphamals,C:\Users\HP USER\.cache\kagglehub\datasets\thomaskonstantin\6000-children-and-teen-book-covers\versions\1\BookCovers\alphamals.jpg
alphonse,C:\Users\HP USER\.cache\kagglehub\datasets\thomaskonstantin\6000-children-and-teen-book-covers\versions\1\BookCovers\alphonse.jpg
also-an-octopus,C:\Users\HP USER\.cache\kagglehub\datasets\thomaskonstantin\6000-children-and-teen-book-covers\versions\1\BookCovers\also-an-octopus.jpg
always-and-forever-lara-jean,C:\Users\HP USER\.cache\kagglehub\datasets\thomaskonstantin\6000-children-and-teen-book-covers\versions\1\BookCovers\always-and-forever-lara-jean.jpg
amal-unbound,C:\Users\HP USER\.cache\kagglehub\datasets\thomaskonstantin\6000-children-and-teen-book-covers\versions\1\BookCovers\amal-unbound.jpg
amari-and-the-night-brothers,C:\Users\HP USER\.cache\kagglehub\datasets\thomaskonstantin\6000-children-and-teen-book-covers\versions\1\BookCovers\amari-and-the-night-brothers.jpg
amaze-ing-minotaur,C:\Users\HP USER\.cache\kagglehub\datasets\thomaskonstantin\6000-children-and-teen-book-covers\versions\1\BookCovers\amaze-ing-minotaur.jpg
amazing-animal-babies,C:\Users\HP USER\.cache\kagglehub\datasets\thomaskonstantin\6000-children-and-teen-book-covers\versions\1\BookCovers\amazing-animal-babies.jpg
amazing-baby-black-and-white-by-emma-dodd,C:\Users\HP USER\.cache\kagglehub\datasets\thomaskonstantin\6000-children-and-teen-book-covers\versions\1\BookCovers\amazing-baby-black-and-white-by-emma-dodd.jpg
amazing-baby-mummy-baby,C:\Users\HP USER\.cache\kagglehub\datasets\thomaskonstantin\6000-children-and-teen-book-covers\versions\1\BookCovers\amazing-baby-mummy-baby.jpg
amazing-daddy,C:\Users\HP USER\.cache\kagglehub\datasets\thomaskonstantin\6000-children-and-teen-book-covers\versions\1\BookCovers\amazing-daddy.jpg
amazing-islands,C:\Users\HP USER\.cache\kagglehub\datasets\thomaskonstantin\6000-children-and-teen-book-covers\versions\1\BookCovers\amazing-islands.jpg
amazing-true-stories-about-animals-behaving-badly,C:\Users\HP USER\.cache\kagglehub\datasets\thomaskonstantin\6000-children-and-teen-book-covers\versions\1\BookCovers\amazing-true-stories-about-animals-behaving-badly.jpg
amazing,C:\Users\HP USER\.cache\kagglehub\datasets\thomaskonstantin\6000-children-and-teen-book-covers\versions\1\BookCovers\amazing.jpg
amber-undercover,C:\Users\HP USER\.cache\kagglehub\datasets\thomaskonstantin\6000-children-and-teen-book-covers\versions\1\BookCovers\amber-undercover.jpg
amberspyglass,C:\Users\HP USER\.cache\kagglehub\datasets\thomaskonstantin\6000-children-and-teen-book-covers\versions\1\BookCovers\amberspyglass.jpg
amelia-fang-and-the-barbaric-ball,C:\Users\HP USER\.cache\kagglehub\datasets\thomaskonstantin\6000-children-and-teen-book-covers\versions\1\BookCovers\amelia-fang-and-the-barbaric-ball.jpg
amelia-fang-and-the-unicorn-lords,C:\Users\HP USER\.cache\kagglehub\datasets\thomaskonstantin\6000-children-and-teen-book-covers\versions\1\BookCovers\amelia-fang-and-the-unicorn-lords.jpg
amelie-and-nanette-snowflakes-and-fairy-wishes,C:\Users\HP USER\.cache\kagglehub\datasets\thomaskonstantin\6000-children-and-teen-book-covers\versions\1\BookCovers\amelie-and-nanette-snowflakes-and-fairy-wishes.jpg
amina-through-my-eyes,C:\Users\HP USER\.cache\kagglehub\datasets\thomaskonstantin\6000-children-and-teen-book-covers\versions\1\BookCovers\amina-through-my-eyes.jpg
among-the-hoodsm,C:\Users\HP USER\.cache\kagglehub\datasets\thomaskonstantin\6000-children-and-teen-book-covers\versions\1\BookCovers\among-the-hoodsm.jpg
amonstercallsss,C:\Users\HP USER\.cache\kagglehub\datasets\thomaskonstantin\6000-children-and-teen-book-covers\versions\1\BookCovers\amonstercallsss.jpg
amy-and-matthew,C:\Users\HP USER\.cache\kagglehub\datasets\thomaskonstantin\6000-children-and-teen-book-covers\versions\1\BookCovers\amy-and-matthew.jpg
amy-roger-s-epic-detourd,C:\Users\HP USER\.cache\kagglehub\datasets\thomaskonstantin\6000-children-and-teen-book-covers\versions\1\BookCovers\amy-roger-s-epic-detourd.jpg
amy,C:\Users\HP USER\.cache\kagglehub\datasets\thomaskonstantin\6000-children-and-teen-book-covers\versions\1\BookCovers\amy.jpg
an-act-of-love,C:\Users\HP USER\.cache\kagglehub\datasets\thomaskonstantin\6000-children-and-teen-book-covers\versions\1\BookCovers\an-act-of-love.jpg
an-animal-abc,C:\Users\HP USER\.cache\kagglehub\datasets\thomaskonstantin\6000-children-and-teen-book-covers\versions\1\BookCovers\an-animal-abc.jpg
an-engineer-like-me,C:\Users\HP USER\.cache\kagglehub\datasets\thomaskonstantin\6000-children-and-teen-book-covers\versions\1\BookCovers\an-engineer-like-me.jpg
an-otter-called-pebble,C:\Users\HP USER\.cache\kagglehub\datasets\thomaskonstantin\6000-children-and-teen-book-covers\versions\1\BookCovers\an-otter-called-pebble.jpg
anastasia-krupnik,C:\Users\HP USER\.cache\kagglehub\datasets\thomaskonstantin\6000-children-and-teen-book-covers\versions\1\BookCovers\anastasia-krupnik.jpg
ancient-games,C:\Users\HP USER\.cache\kagglehub\datasets\thomaskonstantin\6000-children-and-teen-book-covers\versions\1\BookCovers\ancient-games.jpg
ancient-warriors,C:\Users\HP USER\.cache\kagglehub\datasets\thomaskonstantin\6000-children-and-teen-book-covers\versions\1\BookCovers\ancient-warriors.jpg
and-a-happy-new-year,C:\Users\HP USER\.cache\kagglehub\datasets\thomaskonstantin\6000-children-and-teen-book-covers\versions\1\BookCovers\and-a-happy-new-year.jpg
and-i-darkend,C:\Users\HP USER\.cache\kagglehub\datasets\thomaskonstantin\6000-children-and-teen-book-covers\versions\1\BookCovers\and-i-darkend.jpg
and-tango-makes-three,C:\Users\HP USER\.cache\kagglehub\datasets\thomaskonstantin\6000-children-and-teen-book-covers\versions\1\BookCovers\and-tango-makes-three.jpg
and-the-ocean-was-our-sky,C:\Users\HP USER\.cache\kagglehub\datasets\thomaskonstantin\6000-children-and-teen-book-covers\versions\1\BookCovers\and-the-ocean-was-our-sky.jpg
and-then-i-turned-into-a-mermaid,C:\Users\HP USER\.cache\kagglehub\datasets\thomaskonstantin\6000-children-and-teen-book-covers\versions\1\BookCovers\and-then-i-turned-into-a-mermaid.jpg
angel-on-the-roof,C:\Users\HP USER\.cache\kagglehub\datasets\thomaskonstantin\6000-children-and-teen-book-covers\versions\1\BookCovers\angel-on-the-roof.jpg
angel,C:\Users\HP USER\.cache\kagglehub\datasets\thomaskonstantin\6000-children-and-teen-book-covers\versions\1\BookCovers\angel.jpg
angela-nicely-cupcake-wars,C:\Users\HP USER\.cache\kagglehub\datasets\thomaskonstantin\6000-children-and-teen-book-covers\versions\1\BookCovers\angela-nicely-cupcake-wars.jpg
angelica-sprocket-s-pockets,C:\Users\HP USER\.cache\kagglehub\datasets\thomaskonstantin\6000-children-and-teen-book-covers\versions\1\BookCovers\angelica-sprocket-s-pockets.jpg
angelinasxmas,C:\Users\HP USER\.cache\kagglehub\datasets\thomaskonstantin\6000-children-and-teen-book-covers\versions\1\BookCovers\angelinasxmas.jpg
angels-next-door,C:\Users\HP USER\.cache\kagglehub\datasets\thomaskonstantin\6000-children-and-teen-book-covers\versions\1\BookCovers\angels-next-door.jpg
angry-arthur,C:\Users\HP USER\.cache\kagglehub\datasets\thomaskonstantin\6000-children-and-teen-book-covers\versions\1\BookCovers\angry-arthur.jpg
angry-cookie,C:\Users\HP USER\.cache\kagglehub\datasets\thomaskonstantin\6000-children-and-teen-book-covers\versions\1\BookCovers\angry-cookie.jpg
angus-thongs-and-full-frontal-snogging,C:\Users\HP USER\.cache\kagglehub\datasets\thomaskonstantin\6000-children-and-teen-book-covers\versions\1\BookCovers\angus-thongs-and-full-frontal-snogging.jpg
anifeiliaid,C:\Users\HP USER\.cache\kagglehub\datasets\thomaskonstantin\6000-children-and-teen-book-covers\versions\1\BookCovers\anifeiliaid.jpg
animal-abc,C:\Users\HP USER\.cache\kagglehub\datasets\thomaskonstantin\6000-children-and-teen-book-covers\versions\1\BookCovers\animal-abc.jpg
animal-babies,C:\Users\HP USER\.cache\kagglehub\datasets\thomaskonstantin\6000-children-and-teen-book-covers\versions\1\BookCovers\animal-babies.jpg
animal-friends-swimming-hole-party-,C:\Users\HP USER\.cache\kagglehub\datasets\thomaskonstantin\6000-children-and-teen-book-covers\versions\1\BookCovers\animal-friends-swimming-hole-party-.jpg
animal-homes,C:\Users\HP USER\.cache\kagglehub\datasets\thomaskonstantin\6000-children-and-teen-book-covers\versions\1\BookCovers\animal-homes.jpg
animal-journeys,C:\Users\HP USER\.cache\kagglehub\datasets\thomaskonstantin\6000-children-and-teen-book-covers\versions\1\BookCovers\animal-journeys.jpg
animal-lullabies,C:\Users\HP USER\.cache\kagglehub\datasets\thomaskonstantin\6000-children-and-teen-book-covers\versions\1\BookCovers\animal-lullabies.jpg
animal-record-breakers-cover,C:\Users\HP USER\.cache\kagglehub\datasets\thomaskonstantin\6000-children-and-teen-book-covers\versions\1\BookCovers\animal-record-breakers-cover.jpg
animal-records-cover-image,C:\Users\HP USER\.cache\kagglehub\datasets\thomaskonstantin\6000-children-and-teen-book-covers\versions\1\BookCovers\animal-records-cover-image.jpg
animalcolm,C:\Users\HP USER\.cache\kagglehub\datasets\thomaskonstantin\6000-children-and-teen-book-covers\versions\1\BookCovers\animalcolm.jpg
animalium,C:\Users\HP USER\.cache\kagglehub\datasets\thomaskonstantin\6000-children-and-teen-book-covers\versions\1\BookCovers\animalium.jpg
animals-are-delicious,C:\Users\HP USER\.cache\kagglehub\datasets\thomaskonstantin\6000-children-and-teen-book-covers\versions\1\BookCovers\animals-are-delicious.jpg
animals-in-the-sky,C:\Users\HP USER\.cache\kagglehub\datasets\thomaskonstantin\6000-children-and-teen-book-covers\versions\1\BookCovers\animals-in-the-sky.jpg
anisha-accidental-detective-schools-cancelled,C:\Users\HP USER\.cache\kagglehub\datasets\thomaskonstantin\6000-children-and-teen-book-covers\versions\1\BookCovers\anisha-accidental-detective-schools-cancelled.jpg
anisha-accidental-detective,C:\Users\HP USER\.cache\kagglehub\datasets\thomaskonstantin\6000-children-and-teen-book-covers\versions\1\BookCovers\anisha-accidental-detective.jpg
anita-and-the-dragons,C:\Users\HP USER\.cache\kagglehub\datasets\thomaskonstantin\6000-children-and-teen-book-covers\versions\1\BookCovers\anita-and-the-dragons.jpg
anna-and-otis,C:\Users\HP USER\.cache\kagglehub\datasets\thomaskonstantin\6000-children-and-teen-book-covers\versions\1\BookCovers\anna-and-otis.jpg
anne-frank-the-diary-of-a-young-girl,C:\Users\HP USER\.cache\kagglehub\datasets\thomaskonstantin\6000-children-and-teen-book-covers\versions\1\BookCovers\anne-frank-the-diary-of-a-young-girl.jpg
anne-frank,C:\Users\HP USER\.cache\kagglehub\datasets\thomaskonstantin\6000-children-and-teen-book-covers\versions\1\BookCovers\anne-frank.jpg
anneofgreengables,C:\Users\HP USER\.cache\kagglehub\datasets\thomaskonstantin\6000-children-and-teen-book-covers\versions\1\BookCovers\anneofgreengables.jpg
ants-in-your-pants,C:\Users\HP USER\.cache\kagglehub\datasets\thomaskonstantin\6000-children-and-teen-book-covers\versions\1\BookCovers\ants-in-your-pants.jpg
antur-fawr-panta-clos,C:\Users\HP USER\.cache\kagglehub\datasets\thomaskonstantin\6000-children-and-teen-book-covers\versions\1\BookCovers\antur-fawr-panta-clos.jpg
anyone-but-ivy-pocket,C:\Users\HP USER\.cache\kagglehub\datasets\thomaskonstantin\6000-children-and-teen-book-covers\versions\1\BookCovers\anyone-but-ivy-pocket.jpg
anywhere-farm,C:\Users\HP USER\.cache\kagglehub\datasets\thomaskonstantin\6000-children-and-teen-book-covers\versions\1\BookCovers\anywhere-farm.jpg
apache-,C:\Users\HP USER\.cache\kagglehub\datasets\thomaskonstantin\6000-children-and-teen-book-covers\versions\1\BookCovers\apache-.jpg
apes-a-go-go,C:\Users\HP USER\.cache\kagglehub\datasets\thomaskonstantin\6000-children-and-teen-book-covers\versions\1\BookCovers\apes-a-go-go.jpg
apple-and-rains,C:\Users\HP USER\.cache\kagglehub\datasets\thomaskonstantin\6000-children-and-teen-book-covers\versions\1\BookCovers\apple-and-rains.jpg
apple-pie-abc,C:\Users\HP USER\.cache\kagglehub\datasets\thomaskonstantin\6000-children-and-teen-book-covers\versions\1\BookCovers\apple-pie-abc.jpg
apple-tart-of-hope,C:\Users\HP USER\.cache\kagglehub\datasets\thomaskonstantin\6000-children-and-teen-book-covers\versions\1\BookCovers\apple-tart-of-hope.jpg
april-the-red-gold-fish,C:\Users\HP USER\.cache\kagglehub\datasets\thomaskonstantin\6000-children-and-teen-book-covers\versions\1\BookCovers\april-the-red-gold-fish.jpg
aptimized-jpg-339f36b540a19c218c308de69aa2f901-mzu0utyym6wwmtdg0q3qvdyvtyzrz8xnte8t1s9lsthp0bc0tza0mdc3ndgamoesa0mlm72sgnqa-41e2017e-1-,C:\Users\HP USER\.cache\kagglehub\datasets\thomaskonstantin\6000-children-and-teen-book-covers\versions\1\BookCovers\aptimized-jpg-339f36b540a19c218c308de69aa2f901-mzu0utyym6wwmtdg0q3qvdyvtyzrz8xnte8t1s9lsthp0bc0tza0mdc3ndgamoesa0mlm72sgnqa-41e2017e-1-.jpg
arabels-raven,C:\Users\HP USER\.cache\kagglehub\datasets\thomaskonstantin\6000-children-and-teen-book-covers\versions\1\BookCovers\arabels-raven.jpg
archie-green-magicians-secret,C:\Users\HP USER\.cache\kagglehub\datasets\thomaskonstantin\6000-children-and-teen-book-covers\versions\1\BookCovers\archie-green-magicians-secret.jpg
archieswar,C:\Users\HP USER\.cache\kagglehub\datasets\thomaskonstantin\6000-children-and-teen-book-covers\versions\1\BookCovers\archieswar.jpg
are-you-sitting-comfortably,C:\Users\HP USER\.cache\kagglehub\datasets\thomaskonstantin\6000-children-and-teen-book-covers\versions\1\BookCovers\are-you-sitting-comfortably.jpg
are-you-sleeping,C:\Users\HP USER\.cache\kagglehub\datasets\thomaskonstantin\6000-children-and-teen-book-covers\versions\1\BookCovers\are-you-sleeping.jpg
are-you-there-god-its-me-margaret,C:\Users\HP USER\.cache\kagglehub\datasets\thomaskonstantin\6000-children-and-teen-book-covers\versions\1\BookCovers\are-you-there-god-its-me-margaret.jpg
argh-theres-a-skeleton-inside-you,C:\Users\HP USER\.cache\kagglehub\datasets\thomaskonstantin\6000-children-and-teen-book-covers\versions\1\BookCovers\argh-theres-a-skeleton-inside-you.jpg
ariki-and-the-shark,C:\Users\HP USER\.cache\kagglehub\datasets\thomaskonstantin\6000-children-and-teen-book-covers\versions\1\BookCovers\ariki-and-the-shark.jpg
aristotle-,C:\Users\HP USER\.cache\kagglehub\datasets\thomaskonstantin\6000-children-and-teen-book-covers\versions\1\BookCovers\aristotle-.jpg
arkangel-,C:\Users\HP USER\.cache\kagglehub\datasets\thomaskonstantin\6000-children-and-teen-book-covers\versions\1\BookCovers\arkangel-.jpg
armadillo-and-hare,C:\Users\HP USER\.cache\kagglehub\datasets\thomaskonstantin\6000-children-and-teen-book-covers\versions\1\BookCovers\armadillo-and-hare.jpg
armistice-runner2,C:\Users\HP USER\.cache\kagglehub\datasets\thomaskonstantin\6000-children-and-teen-book-covers\versions\1\BookCovers\armistice-runner2.jpg
art-max,C:\Users\HP USER\.cache\kagglehub\datasets\thomaskonstantin\6000-children-and-teen-book-covers\versions\1\BookCovers\art-max.jpg
art-of-being-normal,C:\Users\HP USER\.cache\kagglehub\datasets\thomaskonstantin\6000-children-and-teen-book-covers\versions\1\BookCovers\art-of-being-normal.jpg
artemisfowl,C:\Users\HP USER\.cache\kagglehub\datasets\thomaskonstantin\6000-children-and-teen-book-covers\versions\1\BookCovers\artemisfowl.jpg
arthur-at-the-crossing-places,C:\Users\HP USER\.cache\kagglehub\datasets\thomaskonstantin\6000-children-and-teen-book-covers\versions\1\BookCovers\arthur-at-the-crossing-places.jpg
artichoke-hearts,C:\Users\HP USER\.cache\kagglehub\datasets\thomaskonstantin\6000-children-and-teen-book-covers\versions\1\BookCovers\artichoke-hearts.jpg
aru-shah-and-the-song-of-death,C:\Users\HP USER\.cache\kagglehub\datasets\thomaskonstantin\6000-children-and-teen-book-covers\versions\1\BookCovers\aru-shah-and-the-song-of-death.jpg
aru-shah-and-the-tree-of-wishes,C:\Users\HP USER\.cache\kagglehub\datasets\thomaskonstantin\6000-children-and-teen-book-covers\versions\1\BookCovers\aru-shah-and-the-tree-of-wishes.jpg
as-red-as-bloods,C:\Users\HP USER\.cache\kagglehub\datasets\thomaskonstantin\6000-children-and-teen-book-covers\versions\1\BookCovers\as-red-as-bloods.jpg
ash-dresses-her-friends,C:\Users\HP USER\.cache\kagglehub\datasets\thomaskonstantin\6000-children-and-teen-book-covers\versions\1\BookCovers\ash-dresses-her-friends.jpg
ash-mistry-and-the-city-of-death,C:\Users\HP USER\.cache\kagglehub\datasets\thomaskonstantin\6000-children-and-teen-book-covers\versions\1\BookCovers\ash-mistry-and-the-city-of-death.jpg
ash-mistry-and-the-savage-fortress,C:\Users\HP USER\.cache\kagglehub\datasets\thomaskonstantin\6000-children-and-teen-book-covers\versions\1\BookCovers\ash-mistry-and-the-savage-fortress.jpg
ash-mistry-and-the-world-of-darkness,C:\Users\HP USER\.cache\kagglehub\datasets\thomaskonstantin\6000-children-and-teen-book-covers\versions\1\BookCovers\ash-mistry-and-the-world-of-darkness.jpg
asha-and-the-spirit-bird,C:\Users\HP USER\.cache\kagglehub\datasets\thomaskonstantin\6000-children-and-teen-book-covers\versions\1\BookCovers\asha-and-the-spirit-bird.jpg
ask-amy-green-summer-secrets,C:\Users\HP USER\.cache\kagglehub\datasets\thomaskonstantin\6000-children-and-teen-book-covers\versions\1\BookCovers\ask-amy-green-summer-secrets.jpg
ask-oscar,C:\Users\HP USER\.cache\kagglehub\datasets\thomaskonstantin\6000-children-and-teen-book-covers\versions\1\BookCovers\ask-oscar.jpg
aska-answer,C:\Users\HP USER\.cache\kagglehub\datasets\thomaskonstantin\6000-children-and-teen-book-covers\versions\1\BookCovers\aska-answer.jpg
asking-for-a-friend,C:\Users\HP USER\.cache\kagglehub\datasets\thomaskonstantin\6000-children-and-teen-book-covers\versions\1\BookCovers\asking-for-a-friend.jpg
assassinating-shakespeare,C:\Users\HP USER\.cache\kagglehub\datasets\thomaskonstantin\6000-children-and-teen-book-covers\versions\1\BookCovers\assassinating-shakespeare.jpg
asterix,C:\Users\HP USER\.cache\kagglehub\datasets\thomaskonstantin\6000-children-and-teen-book-covers\versions\1\BookCovers\asterix.jpg
astounding-broccoli-boy,C:\Users\HP USER\.cache\kagglehub\datasets\thomaskonstantin\6000-children-and-teen-book-covers\versions\1\BookCovers\astounding-broccoli-boy.jpg
astro-cat-atomic-adventure,C:\Users\HP USER\.cache\kagglehub\datasets\thomaskonstantin\6000-children-and-teen-book-covers\versions\1\BookCovers\astro-cat-atomic-adventure.jpg
astro-girl,C:\Users\HP USER\.cache\kagglehub\datasets\thomaskonstantin\6000-children-and-teen-book-covers\versions\1\BookCovers\astro-girl.jpg
astronauts-handbook,C:\Users\HP USER\.cache\kagglehub\datasets\thomaskonstantin\6000-children-and-teen-book-covers\versions\1\BookCovers\astronauts-handbook.jpg
astrosaurs,C:\Users\HP USER\.cache\kagglehub\datasets\thomaskonstantin\6000-children-and-teen-book-covers\versions\1\BookCovers\astrosaurs.jpg
astrosaursperil,C:\Users\HP USER\.cache\kagglehub\datasets\thomaskonstantin\6000-children-and-teen-book-covers\versions\1\BookCovers\astrosaursperil.jpg
at-the-house-of-the-magician,C:\Users\HP USER\.cache\kagglehub\datasets\thomaskonstantin\6000-children-and-teen-book-covers\versions\1\BookCovers\at-the-house-of-the-magician.jpg
at-the-seaside,C:\Users\HP USER\.cache\kagglehub\datasets\thomaskonstantin\6000-children-and-teen-book-covers\versions\1\BookCovers\at-the-seaside.jpg
at-the-sign-of-the-sugared-plum-jacket,C:\Users\HP USER\.cache\kagglehub\datasets\thomaskonstantin\6000-children-and-teen-book-covers\versions\1\BookCovers\at-the-sign-of-the-sugared-plum-jacket.jpg
at-the-worlds-end,C:\Users\HP USER\.cache\kagglehub\datasets\thomaskonstantin\6000-children-and-teen-book-covers\versions\1\BookCovers\at-the-worlds-end.jpg
athena-the-story-of-a-goddess,C:\Users\HP USER\.cache\kagglehub\datasets\thomaskonstantin\6000-children-and-teen-book-covers\versions\1\BookCovers\athena-the-story-of-a-goddess.jpg
atlantia,C:\Users\HP USER\.cache\kagglehub\datasets\thomaskonstantin\6000-children-and-teen-book-covers\versions\1\BookCovers\atlantia.jpg
atlas-of-adventures-wonders-of-the-world,C:\Users\HP USER\.cache\kagglehub\datasets\thomaskonstantin\6000-children-and-teen-book-covers\versions\1\BookCovers\atlas-of-adventures-wonders-of-the-world.jpg
atlas-of-dinosaur-adventures,C:\Users\HP USER\.cache\kagglehub\datasets\thomaskonstantin\6000-children-and-teen-book-covers\versions\1\BookCovers\atlas-of-dinosaur-adventures.jpg
atlas-of-miniature-adventures,C:\Users\HP USER\.cache\kagglehub\datasets\thomaskonstantin\6000-children-and-teen-book-covers\versions\1\BookCovers\atlas-of-miniature-adventures.jpg
atonement,C:\Users\HP USER\.cache\kagglehub\datasets\thomaskonstantin\6000-children-and-teen-book-covers\versions\1\BookCovers\atonement.jpg
attack-of-the-necron,C:\Users\HP USER\.cache\kagglehub\datasets\thomaskonstantin\6000-children-and-teen-book-covers\versions\1\BookCovers\attack-of-the-necron.jpg
attack-of-the-not-so-virtual-monsters,C:\Users\HP USER\.cache\kagglehub\datasets\thomaskonstantin\6000-children-and-teen-book-covers\versions\1\BookCovers\attack-of-the-not-so-virtual-monsters.jpg
aubrey-and-the-terrible-yoot,C:\Users\HP USER\.cache\kagglehub\datasets\thomaskonstantin\6000-children-and-teen-book-covers\versions\1\BookCovers\aubrey-and-the-terrible-yoot.jpg
aubrey,C:\Users\HP USER\.cache\kagglehub\datasets\thomaskonstantin\6000-children-and-teen-book-covers\versions\1\BookCovers\aubrey.jpg
auslander,C:\Users\HP USER\.cache\kagglehub\datasets\thomaskonstantin\6000-children-and-teen-book-covers\versions\1\BookCovers\auslander.jpg
avalavender,C:\Users\HP USER\.cache\kagglehub\datasets\thomaskonstantin\6000-children-and-teen-book-covers\versions\1\BookCovers\avalavender.jpg
avas-spectacular-spectacles,C:\Users\HP USER\.cache\kagglehub\datasets\thomaskonstantin\6000-children-and-teen-book-covers\versions\1\BookCovers\avas-spectacular-spectacles.jpg
avery-mcshane,C:\Users\HP USER\.cache\kagglehub\datasets\thomaskonstantin\6000-children-and-teen-book-covers\versions\1\BookCovers\avery-mcshane.jpg
avocado-asks,C:\Users\HP USER\.cache\kagglehub\datasets\thomaskonstantin\6000-children-and-teen-book-covers\versions\1\BookCovers\avocado-asks.jpg
avocado-baby,C:\Users\HP USER\.cache\kagglehub\datasets\thomaskonstantin\6000-children-and-teen-book-covers\versions\1\BookCovers\avocado-baby.jpg
awesome-body-book,C:\Users\HP USER\.cache\kagglehub\datasets\thomaskonstantin\6000-children-and-teen-book-covers\versions\1\BookCovers\awesome-body-book.jpg
awful-auntie,C:\Users\HP USER\.cache\kagglehub\datasets\thomaskonstantin\6000-children-and-teen-book-covers\versions\1\BookCovers\awful-auntie.jpg
awkward,C:\Users\HP USER\.cache\kagglehub\datasets\thomaskonstantin\6000-children-and-teen-book-covers\versions\1\BookCovers\awkward.jpg
axel-scheffler-rhyming-stories-part1,C:\Users\HP USER\.cache\kagglehub\datasets\thomaskonstantin\6000-children-and-teen-book-covers\versions\1\BookCovers\axel-scheffler-rhyming-stories-part1.jpg
axel-scheffler-s-flip-flap-ocean,C:\Users\HP USER\.cache\kagglehub\datasets\thomaskonstantin\6000-children-and-teen-book-covers\versions\1\BookCovers\axel-scheffler-s-flip-flap-ocean.jpg
axel-schefflers-flip-flap-f,C:\Users\HP USER\.cache\kagglehub\datasets\thomaskonstantin\6000-children-and-teen-book-covers\versions\1\BookCovers\axel-schefflers-flip-flap-f.jpg
azizi-and-the-little-blue-bird,C:\Users\HP USER\.cache\kagglehub\datasets\thomaskonstantin\6000-children-and-teen-book-covers\versions\1\BookCovers\azizi-and-the-little-blue-bird.jpg
azzi-in-between,C:\Users\HP USER\.cache\kagglehub\datasets\thomaskonstantin\6000-children-and-teen-book-covers\versions\1\BookCovers\azzi-in-between.jpg
b-is-for-baby,C:\Users\HP USER\.cache\kagglehub\datasets\thomaskonstantin\6000-children-and-teen-book-covers\versions\1\BookCovers\b-is-for-baby.jpg
b9de6a4e-ed34-47fd-b33d-b8af47a880f7-img100,C:\Users\HP USER\.cache\kagglehub\datasets\thomaskonstantin\6000-children-and-teen-book-covers\versions\1\BookCovers\b9de6a4e-ed34-47fd-b33d-b8af47a880f7-img100.jpg
babies-can-sleep-anywhere,C:\Users\HP USER\.cache\kagglehub\datasets\thomaskonstantin\6000-children-and-teen-book-covers\versions\1\BookCovers\babies-can-sleep-anywhere.jpg
baby-fly-pie,C:\Users\HP USER\.cache\kagglehub\datasets\thomaskonstantin\6000-children-and-teen-book-covers\versions\1\BookCovers\baby-fly-pie.jpg
baby-goes-to-market,C:\Users\HP USER\.cache\kagglehub\datasets\thomaskonstantin\6000-children-and-teen-book-covers\versions\1\BookCovers\baby-goes-to-market.jpg
baby-loves-peekaboo,C:\Users\HP USER\.cache\kagglehub\datasets\thomaskonstantin\6000-children-and-teen-book-covers\versions\1\BookCovers\baby-loves-peekaboo.jpg
baby-on-board,C:\Users\HP USER\.cache\kagglehub\datasets\thomaskonstantin\6000-children-and-teen-book-covers\versions\1\BookCovers\baby-on-board.jpg
baby-play,C:\Users\HP USER\.cache\kagglehub\datasets\thomaskonstantin\6000-children-and-teen-book-covers\versions\1\BookCovers\baby-play.jpg
baby-ruby-bawled,C:\Users\HP USER\.cache\kagglehub\datasets\thomaskonstantin\6000-children-and-teen-book-covers\versions\1\BookCovers\baby-ruby-bawled.jpg
baby-s-catalogue,C:\Users\HP USER\.cache\kagglehub\datasets\thomaskonstantin\6000-children-and-teen-book-covers\versions\1\BookCovers\baby-s-catalogue.jpg
baby-s-very-first-black-and-white-book-of-babies,C:\Users\HP USER\.cache\kagglehub\datasets\thomaskonstantin\6000-children-and-teen-book-covers\versions\1\BookCovers\baby-s-very-first-black-and-white-book-of-babies.jpg
baby-shapes,C:\Users\HP USER\.cache\kagglehub\datasets\thomaskonstantin\6000-children-and-teen-book-covers\versions\1\BookCovers\baby-shapes.jpg
baby-sparkle-bedtime,C:\Users\HP USER\.cache\kagglehub\datasets\thomaskonstantin\6000-children-and-teen-book-covers\versions\1\BookCovers\baby-sparkle-bedtime.jpg
baby-surprises,C:\Users\HP USER\.cache\kagglehub\datasets\thomaskonstantin\6000-children-and-teen-book-covers\versions\1\BookCovers\baby-surprises.jpg
baby-touch-busy-baby-review,C:\Users\HP USER\.cache\kagglehub\datasets\thomaskonstantin\6000-children-and-teen-book-covers\versions\1\BookCovers\baby-touch-busy-baby-review.jpg
baby-touch-farm,C:\Users\HP USER\.cache\kagglehub\datasets\thomaskonstantin\6000-children-and-teen-book-covers\versions\1\BookCovers\baby-touch-farm.jpg
baby-touch-flip-flap,C:\Users\HP USER\.cache\kagglehub\datasets\thomaskonstantin\6000-children-and-teen-book-covers\versions\1\BookCovers\baby-touch-flip-flap.jpg
baby-touch-one-two-three,C:\Users\HP USER\.cache\kagglehub\datasets\thomaskonstantin\6000-children-and-teen-book-covers\versions\1\BookCovers\baby-touch-one-two-three.jpg
baby-touch-tummy-time,C:\Users\HP USER\.cache\kagglehub\datasets\thomaskonstantin\6000-children-and-teen-book-covers\versions\1\BookCovers\baby-touch-tummy-time.jpg
baby-young-gifted-and-black,C:\Users\HP USER\.cache\kagglehub\datasets\thomaskonstantin\6000-children-and-teen-book-covers\versions\1\BookCovers\baby-young-gifted-and-black.jpg
babyanimals,C:\Users\HP USER\.cache\kagglehub\datasets\thomaskonstantin\6000-children-and-teen-book-covers\versions\1\BookCovers\babyanimals.jpg
babys-bathtime,C:\Users\HP USER\.cache\kagglehub\datasets\thomaskonstantin\6000-children-and-teen-book-covers\versions\1\BookCovers\babys-bathtime.jpg
babys-day,C:\Users\HP USER\.cache\kagglehub\datasets\thomaskonstantin\6000-children-and-teen-book-covers\versions\1\BookCovers\babys-day.jpg
babys-first-days-on-the-move,C:\Users\HP USER\.cache\kagglehub\datasets\thomaskonstantin\6000-children-and-teen-book-covers\versions\1\BookCovers\babys-first-days-on-the-move.jpg
babys-first-words,C:\Users\HP USER\.cache\kagglehub\datasets\thomaskonstantin\6000-children-and-teen-book-covers\versions\1\BookCovers\babys-first-words.jpg
babys-treasure-hunt,C:\Users\HP USER\.cache\kagglehub\datasets\thomaskonstantin\6000-children-and-teen-book-covers\versions\1\BookCovers\babys-treasure-hunt.jpg
babysit-a-grandad,C:\Users\HP USER\.cache\kagglehub\datasets\thomaskonstantin\6000-children-and-teen-book-covers\versions\1\BookCovers\babysit-a-grandad.jpg
back-to-blackbricks,C:\Users\HP USER\.cache\kagglehub\datasets\thomaskonstantin\6000-children-and-teen-book-covers\versions\1\BookCovers\back-to-blackbricks.jpg
bad-girls,C:\Users\HP USER\.cache\kagglehub\datasets\thomaskonstantin\6000-children-and-teen-book-covers\versions\1\BookCovers\bad-girls.jpg
bad-mermaids,C:\Users\HP USER\.cache\kagglehub\datasets\thomaskonstantin\6000-children-and-teen-book-covers\versions\1\BookCovers\bad-mermaids.jpg
bad-nana-all-the-fun-of-the-fair,C:\Users\HP USER\.cache\kagglehub\datasets\thomaskonstantin\6000-children-and-teen-book-covers\versions\1\BookCovers\bad-nana-all-the-fun-of-the-fair.jpg
bad-nana-older-not-wiser,C:\Users\HP USER\.cache\kagglehub\datasets\thomaskonstantin\6000-children-and-teen-book-covers\versions\1\BookCovers\bad-nana-older-not-wiser.jpg
bad-nana-thats-snow-business,C:\Users\HP USER\.cache\kagglehub\datasets\thomaskonstantin\6000-children-and-teen-book-covers\versions\1\BookCovers\bad-nana-thats-snow-business.jpg
bad-trousers,C:\Users\HP USER\.cache\kagglehub\datasets\thomaskonstantin\6000-children-and-teen-book-covers\versions\1\BookCovers\bad-trousers.jpg
badbeginning,C:\Users\HP USER\.cache\kagglehub\datasets\thomaskonstantin\6000-children-and-teen-book-covers\versions\1\BookCovers\badbeginning.jpg
badgers-parting-gifts-35th-anniversary,C:\Users\HP USER\.cache\kagglehub\datasets\thomaskonstantin\6000-children-and-teen-book-covers\versions\1\BookCovers\badgers-parting-gifts-35th-anniversary.jpg
badly-drawn-beth-happy-bethday,C:\Users\HP USER\.cache\kagglehub\datasets\thomaskonstantin\6000-children-and-teen-book-covers\versions\1\BookCovers\badly-drawn-beth-happy-bethday.jpg
badly-drawn-beth,C:\Users\HP USER\.cache\kagglehub\datasets\thomaskonstantin\6000-children-and-teen-book-covers\versions\1\BookCovers\badly-drawn-beth.jpg
bake-me-a-festive-story,C:\Users\HP USER\.cache\kagglehub\datasets\thomaskonstantin\6000-children-and-teen-book-covers\versions\1\BookCovers\bake-me-a-festive-story.jpg
bakers-magic,C:\Users\HP USER\.cache\kagglehub\datasets\thomaskonstantin\6000-children-and-teen-book-covers\versions\1\BookCovers\bakers-magic.jpg
baking-life-amelie-day,C:\Users\HP USER\.cache\kagglehub\datasets\thomaskonstantin\6000-children-and-teen-book-covers\versions\1\BookCovers\baking-life-amelie-day.jpg
baller-boys,C:\Users\HP USER\.cache\kagglehub\datasets\thomaskonstantin\6000-children-and-teen-book-covers\versions\1\BookCovers\baller-boys.jpg
ballet-dreams,C:\Users\HP USER\.cache\kagglehub\datasets\thomaskonstantin\6000-children-and-teen-book-covers\versions\1\BookCovers\ballet-dreams.jpg
balletshoes,C:\Users\HP USER\.cache\kagglehub\datasets\thomaskonstantin\6000-children-and-teen-book-covers\versions\1\BookCovers\balletshoes.jpg
balloon-to-the-moon-the-story-of-the-human-journey-to-space,C:\Users\HP USER\.cache\kagglehub\datasets\thomaskonstantin\6000-children-and-teen-book-covers\versions\1\BookCovers\balloon-to-the-moon-the-story-of-the-human-journey-to-space.jpg
banana-sunday,C:\Users\HP USER\.cache\kagglehub\datasets\thomaskonstantin\6000-children-and-teen-book-covers\versions\1\BookCovers\banana-sunday.jpg
banana,C:\Users\HP USER\.cache\kagglehub\datasets\thomaskonstantin\6000-children-and-teen-book-covers\versions\1\BookCovers\banana.jpg
bang-bang-you-re-dead,C:\Users\HP USER\.cache\kagglehub\datasets\thomaskonstantin\6000-children-and-teen-book-covers\versions\1\BookCovers\bang-bang-you-re-dead.jpg
banner-1-,C:\Users\HP USER\.cache\kagglehub\datasets\thomaskonstantin\6000-children-and-teen-book-covers\versions\1\BookCovers\banner-1-.jpg
baranabygrimescurse,C:\Users\HP USER\.cache\kagglehub\datasets\thomaskonstantin\6000-children-and-teen-book-covers\versions\1\BookCovers\baranabygrimescurse.jpg
barefoot-book-of-children,C:\Users\HP USER\.cache\kagglehub\datasets\thomaskonstantin\6000-children-and-teen-book-covers\versions\1\BookCovers\barefoot-book-of-children.jpg
barefoot-on-the-wind,C:\Users\HP USER\.cache\kagglehub\datasets\thomaskonstantin\6000-children-and-teen-book-covers\versions\1\BookCovers\barefoot-on-the-wind.jpg
barking-for-bagels,C:\Users\HP USER\.cache\kagglehub\datasets\thomaskonstantin\6000-children-and-teen-book-covers\versions\1\BookCovers\barking-for-bagels.jpg
barney-the-boat-dog,C:\Users\HP USER\.cache\kagglehub\datasets\thomaskonstantin\6000-children-and-teen-book-covers\versions\1\BookCovers\barney-the-boat-dog.jpg
barry-loser-is-the-best-at-football-not,C:\Users\HP USER\.cache\kagglehub\datasets\thomaskonstantin\6000-children-and-teen-book-covers\versions\1\BookCovers\barry-loser-is-the-best-at-football-not.jpg
bartimaeus,C:\Users\HP USER\.cache\kagglehub\datasets\thomaskonstantin\6000-children-and-teen-book-covers\versions\1\BookCovers\bartimaeus.jpg
bathroom-boogie,C:\Users\HP USER\.cache\kagglehub\datasets\thomaskonstantin\6000-children-and-teen-book-covers\versions\1\BookCovers\bathroom-boogie.jpg
bathtime-for-little-rabbit,C:\Users\HP USER\.cache\kagglehub\datasets\thomaskonstantin\6000-children-and-teen-book-covers\versions\1\BookCovers\bathtime-for-little-rabbit.jpg
bathtime-peekaboo-,C:\Users\HP USER\.cache\kagglehub\datasets\thomaskonstantin\6000-children-and-teen-book-covers\versions\1\BookCovers\bathtime-peekaboo-.jpg
batpants,C:\Users\HP USER\.cache\kagglehub\datasets\thomaskonstantin\6000-children-and-teen-book-covers\versions\1\BookCovers\batpants.jpg
bats-cover-3,C:\Users\HP USER\.cache\kagglehub\datasets\thomaskonstantin\6000-children-and-teen-book-covers\versions\1\BookCovers\bats-cover-3.jpg
battle-of-the-beetles,C:\Users\HP USER\.cache\kagglehub\datasets\thomaskonstantin\6000-children-and-teen-book-covers\versions\1\BookCovers\battle-of-the-beetles.jpg
battle-of-the-sun,C:\Users\HP USER\.cache\kagglehub\datasets\thomaskonstantin\6000-children-and-teen-book-covers\versions\1\BookCovers\battle-of-the-sun.jpg
be-brave-little-penguin,C:\Users\HP USER\.cache\kagglehub\datasets\thomaskonstantin\6000-children-and-teen-book-covers\versions\1\BookCovers\be-brave-little-penguin.jpg
be-kind,C:\Users\HP USER\.cache\kagglehub\datasets\thomaskonstantin\6000-children-and-teen-book-covers\versions\1\BookCovers\be-kind.jpg
be-more-bernard,C:\Users\HP USER\.cache\kagglehub\datasets\thomaskonstantin\6000-children-and-teen-book-covers\versions\1\BookCovers\be-more-bernard.jpg
be-plastic-clever,C:\Users\HP USER\.cache\kagglehub\datasets\thomaskonstantin\6000-children-and-teen-book-covers\versions\1\BookCovers\be-plastic-clever.jpg
beaky-malone-worst-ever-school-trip,C:\Users\HP USER\.cache\kagglehub\datasets\thomaskonstantin\6000-children-and-teen-book-covers\versions\1\BookCovers\beaky-malone-worst-ever-school-trip.jpg
beaky-malone,C:\Users\HP USER\.cache\kagglehub\datasets\thomaskonstantin\6000-children-and-teen-book-covers\versions\1\BookCovers\beaky-malone.jpg
bear-bird-and-frog,C:\Users\HP USER\.cache\kagglehub\datasets\thomaskonstantin\6000-children-and-teen-book-covers\versions\1\BookCovers\bear-bird-and-frog.jpg
bear-cub-bakers,C:\Users\HP USER\.cache\kagglehub\datasets\thomaskonstantin\6000-children-and-teen-book-covers\versions\1\BookCovers\bear-cub-bakers.jpg
bear-hug-at-bedtime,C:\Users\HP USER\.cache\kagglehub\datasets\thomaskonstantin\6000-children-and-teen-book-covers\versions\1\BookCovers\bear-hug-at-bedtime.jpg
bear-moves,C:\Users\HP USER\.cache\kagglehub\datasets\thomaskonstantin\6000-children-and-teen-book-covers\versions\1\BookCovers\bear-moves.jpg
bear-on-a-bike,C:\Users\HP USER\.cache\kagglehub\datasets\thomaskonstantin\6000-children-and-teen-book-covers\versions\1\BookCovers\bear-on-a-bike.jpg
bear-shaped,C:\Users\HP USER\.cache\kagglehub\datasets\thomaskonstantin\6000-children-and-teen-book-covers\versions\1\BookCovers\bear-shaped.jpg
bear-whispers-to-me,C:\Users\HP USER\.cache\kagglehub\datasets\thomaskonstantin\6000-children-and-teen-book-covers\versions\1\BookCovers\bear-whispers-to-me.jpg
beards-from-outer-space,C:\Users\HP USER\.cache\kagglehub\datasets\thomaskonstantin\6000-children-and-teen-book-covers\versions\1\BookCovers\beards-from-outer-space.jpg
bearmouth,C:\Users\HP USER\.cache\kagglehub\datasets\thomaskonstantin\6000-children-and-teen-book-covers\versions\1\BookCovers\bearmouth.jpg
bears-dont-read,C:\Users\HP USER\.cache\kagglehub\datasets\thomaskonstantin\6000-children-and-teen-book-covers\versions\1\BookCovers\bears-dont-read.jpg
bears-sea-escape,C:\Users\HP USER\.cache\kagglehub\datasets\thomaskonstantin\6000-children-and-teen-book-covers\versions\1\BookCovers\bears-sea-escape.jpg
beast-,C:\Users\HP USER\.cache\kagglehub\datasets\thomaskonstantin\6000-children-and-teen-book-covers\versions\1\BookCovers\beast-.jpg
beast-quest-new-blood,C:\Users\HP USER\.cache\kagglehub\datasets\thomaskonstantin\6000-children-and-teen-book-covers\versions\1\BookCovers\beast-quest-new-blood.jpg
beast-quest-the-dark-cauldron-cover,C:\Users\HP USER\.cache\kagglehub\datasets\thomaskonstantin\6000-children-and-teen-book-covers\versions\1\BookCovers\beast-quest-the-dark-cauldron-cover.jpg
beastquestgreta,C:\Users\HP USER\.cache\kagglehub\datasets\thomaskonstantin\6000-children-and-teen-book-covers\versions\1\BookCovers\beastquestgreta.jpg
beasts-of-olympus-beast-keeper,C:\Users\HP USER\.cache\kagglehub\datasets\thomaskonstantin\6000-children-and-teen-book-covers\versions\1\BookCovers\beasts-of-olympus-beast-keeper.jpg
beasts-of-olympus-hound-of-hades,C:\Users\HP USER\.cache\kagglehub\datasets\thomaskonstantin\6000-children-and-teen-book-covers\versions\1\BookCovers\beasts-of-olympus-hound-of-hades.jpg
beatrice-s-dream,C:\Users\HP USER\.cache\kagglehub\datasets\thomaskonstantin\6000-children-and-teen-book-covers\versions\1\BookCovers\beatrice-s-dream.jpg
beautiful-oops,C:\Users\HP USER\.cache\kagglehub\datasets\thomaskonstantin\6000-children-and-teen-book-covers\versions\1\BookCovers\beautiful-oops.jpg
beauty-and-the-beast,C:\Users\HP USER\.cache\kagglehub\datasets\thomaskonstantin\6000-children-and-teen-book-covers\versions\1\BookCovers\beauty-and-the-beast.jpg
because-youll-never-meet-me,C:\Users\HP USER\.cache\kagglehub\datasets\thomaskonstantin\6000-children-and-teen-book-covers\versions\1\BookCovers\because-youll-never-meet-me.jpg
becoming-jo,C:\Users\HP USER\.cache\kagglehub\datasets\thomaskonstantin\6000-children-and-teen-book-covers\versions\1\BookCovers\becoming-jo.jpg
bedtime-for-monsters,C:\Users\HP USER\.cache\kagglehub\datasets\thomaskonstantin\6000-children-and-teen-book-covers\versions\1\BookCovers\bedtime-for-monsters.jpg
bedtime-with-ted,C:\Users\HP USER\.cache\kagglehub\datasets\thomaskonstantin\6000-children-and-teen-book-covers\versions\1\BookCovers\bedtime-with-ted.jpg
bee-boy---clash-of-the-killer-queens,C:\Users\HP USER\.cache\kagglehub\datasets\thomaskonstantin\6000-children-and-teen-book-covers\versions\1\BookCovers\bee-boy---clash-of-the-killer-queens.jpg
bee-boy-and-the-moonflowers,C:\Users\HP USER\.cache\kagglehub\datasets\thomaskonstantin\6000-children-and-teen-book-covers\versions\1\BookCovers\bee-boy-and-the-moonflowers.jpg
beegu,C:\Users\HP USER\.cache\kagglehub\datasets\thomaskonstantin\6000-children-and-teen-book-covers\versions\1\BookCovers\beegu.jpg
beekle,C:\Users\HP USER\.cache\kagglehub\datasets\thomaskonstantin\6000-children-and-teen-book-covers\versions\1\BookCovers\beekle.jpg
beep-beep-beep-time-for-sleep,C:\Users\HP USER\.cache\kagglehub\datasets\thomaskonstantin\6000-children-and-teen-book-covers\versions\1\BookCovers\beep-beep-beep-time-for-sleep.jpg
beep-beep-lets-go,C:\Users\HP USER\.cache\kagglehub\datasets\thomaskonstantin\6000-children-and-teen-book-covers\versions\1\BookCovers\beep-beep-lets-go.jpg
bees-knees,C:\Users\HP USER\.cache\kagglehub\datasets\thomaskonstantin\6000-children-and-teen-book-covers\versions\1\BookCovers\bees-knees.jpg
beetle-boy,C:\Users\HP USER\.cache\kagglehub\datasets\thomaskonstantin\6000-children-and-teen-book-covers\versions\1\BookCovers\beetle-boy.jpg
beetle-queen,C:\Users\HP USER\.cache\kagglehub\datasets\thomaskonstantin\6000-children-and-teen-book-covers\versions\1\BookCovers\beetle-queen.jpg
beezus-and-ramona,C:\Users\HP USER\.cache\kagglehub\datasets\thomaskonstantin\6000-children-and-teen-book-covers\versions\1\BookCovers\beezus-and-ramona.jpg
before-after,C:\Users\HP USER\.cache\kagglehub\datasets\thomaskonstantin\6000-children-and-teen-book-covers\versions\1\BookCovers\before-after.jpg
before-i-die,C:\Users\HP USER\.cache\kagglehub\datasets\thomaskonstantin\6000-children-and-teen-book-covers\versions\1\BookCovers\before-i-die.jpg
before-i-wake-up-,C:\Users\HP USER\.cache\kagglehub\datasets\thomaskonstantin\6000-children-and-teen-book-covers\versions\1\BookCovers\before-i-wake-up-.jpg
before-we-say-goodbye,C:\Users\HP USER\.cache\kagglehub\datasets\thomaskonstantin\6000-children-and-teen-book-covers\versions\1\BookCovers\before-we-say-goodbye.jpg
beginners-guide-to-philosophy-cover,C:\Users\HP USER\.cache\kagglehub\datasets\thomaskonstantin\6000-children-and-teen-book-covers\versions\1\BookCovers\beginners-guide-to-philosophy-cover.jpg
being-billy,C:\Users\HP USER\.cache\kagglehub\datasets\thomaskonstantin\6000-children-and-teen-book-covers\versions\1\BookCovers\being-billy.jpg
bella-broomstick,C:\Users\HP USER\.cache\kagglehub\datasets\thomaskonstantin\6000-children-and-teen-book-covers\versions\1\BookCovers\bella-broomstick.jpg
belle-and-sebastien,C:\Users\HP USER\.cache\kagglehub\datasets\thomaskonstantin\6000-children-and-teen-book-covers\versions\1\BookCovers\belle-and-sebastien.jpg
below-zero,C:\Users\HP USER\.cache\kagglehub\datasets\thomaskonstantin\6000-children-and-teen-book-covers\versions\1\BookCovers\below-zero.jpg
ben-a-betsan-y-faln-fawr--ben-and-betsan-the-big-balloon,C:\Users\HP USER\.cache\kagglehub\datasets\thomaskonstantin\6000-children-and-teen-book-covers\versions\1\BookCovers\ben-a-betsan-y-faln-fawr--ben-and-betsan-the-big-balloon.jpg
benjamin-spectacles-book-jacket,C:\Users\HP USER\.cache\kagglehub\datasets\thomaskonstantin\6000-children-and-teen-book-covers\versions\1\BookCovers\benjamin-spectacles-book-jacket.jpg
berserk-,C:\Users\HP USER\.cache\kagglehub\datasets\thomaskonstantin\6000-children-and-teen-book-covers\versions\1\BookCovers\berserk-.jpg
best-birthday-present-ever,C:\Users\HP USER\.cache\kagglehub\datasets\thomaskonstantin\6000-children-and-teen-book-covers\versions\1\BookCovers\best-birthday-present-ever.jpg
best-medicine,C:\Users\HP USER\.cache\kagglehub\datasets\thomaskonstantin\6000-children-and-teen-book-covers\versions\1\BookCovers\best-medicine.jpg
better-nate-than-ever,C:\Users\HP USER\.cache\kagglehub\datasets\thomaskonstantin\6000-children-and-teen-book-covers\versions\1\BookCovers\better-nate-than-ever.jpg
betty-goes-bananas-in-her-pyjamas,C:\Users\HP USER\.cache\kagglehub\datasets\thomaskonstantin\6000-children-and-teen-book-covers\versions\1\BookCovers\betty-goes-bananas-in-her-pyjamas.jpg
between-two-seas,C:\Users\HP USER\.cache\kagglehub\datasets\thomaskonstantin\6000-children-and-teen-book-covers\versions\1\BookCovers\between-two-seas.jpg
betweenshadesofgrey,C:\Users\HP USER\.cache\kagglehub\datasets\thomaskonstantin\6000-children-and-teen-book-covers\versions\1\BookCovers\betweenshadesofgrey.jpg
beverly-right-here-cover,C:\Users\HP USER\.cache\kagglehub\datasets\thomaskonstantin\6000-children-and-teen-book-covers\versions\1\BookCovers\beverly-right-here-cover.jpg
bewarestorybook-wolves,C:\Users\HP USER\.cache\kagglehub\datasets\thomaskonstantin\6000-children-and-teen-book-covers\versions\1\BookCovers\bewarestorybook-wolves.jpg
beyonce-queen-of-the-spotlight,C:\Users\HP USER\.cache\kagglehub\datasets\thomaskonstantin\6000-children-and-teen-book-covers\versions\1\BookCovers\beyonce-queen-of-the-spotlight.jpg
beyond-platform-13,C:\Users\HP USER\.cache\kagglehub\datasets\thomaskonstantin\6000-children-and-teen-book-covers\versions\1\BookCovers\beyond-platform-13.jpg
beyond-the-bright-sea,C:\Users\HP USER\.cache\kagglehub\datasets\thomaskonstantin\6000-children-and-teen-book-covers\versions\1\BookCovers\beyond-the-bright-sea.jpg
beyond-the-fence,C:\Users\HP USER\.cache\kagglehub\datasets\thomaskonstantin\6000-children-and-teen-book-covers\versions\1\BookCovers\beyond-the-fence.jpg
beyond-the-sky-you-and-the-universe,C:\Users\HP USER\.cache\kagglehub\datasets\thomaskonstantin\6000-children-and-teen-book-covers\versions\1\BookCovers\beyond-the-sky-you-and-the-universe.jpg
beyond-the-stars,C:\Users\HP USER\.cache\kagglehub\datasets\thomaskonstantin\6000-children-and-teen-book-covers\versions\1\BookCovers\beyond-the-stars.jpg
bfg,C:\Users\HP USER\.cache\kagglehub\datasets\thomaskonstantin\6000-children-and-teen-book-covers\versions\1\BookCovers\bfg.jpg
big-and-small,C:\Users\HP USER\.cache\kagglehub\datasets\thomaskonstantin\6000-children-and-teen-book-covers\versions\1\BookCovers\big-and-small.jpg
big-bad-bun,C:\Users\HP USER\.cache\kagglehub\datasets\thomaskonstantin\6000-children-and-teen-book-covers\versions\1\BookCovers\big-bad-bun.jpg
big-ben,C:\Users\HP USER\.cache\kagglehub\datasets\thomaskonstantin\6000-children-and-teen-book-covers\versions\1\BookCovers\big-ben.jpg
big-blue-train,C:\Users\HP USER\.cache\kagglehub\datasets\thomaskonstantin\6000-children-and-teen-book-covers\versions\1\BookCovers\big-blue-train.jpg
big-blue-whale,C:\Users\HP USER\.cache\kagglehub\datasets\thomaskonstantin\6000-children-and-teen-book-covers\versions\1\BookCovers\big-blue-whale.jpg
big-bones,C:\Users\HP USER\.cache\kagglehub\datasets\thomaskonstantin\6000-children-and-teen-book-covers\versions\1\BookCovers\big-bones.jpg
big-change-for-stuart,C:\Users\HP USER\.cache\kagglehub\datasets\thomaskonstantin\6000-children-and-teen-book-covers\versions\1\BookCovers\big-change-for-stuart.jpg
big-city-atlas,C:\Users\HP USER\.cache\kagglehub\datasets\thomaskonstantin\6000-children-and-teen-book-covers\versions\1\BookCovers\big-city-atlas.jpg
big-city-explorer,C:\Users\HP USER\.cache\kagglehub\datasets\thomaskonstantin\6000-children-and-teen-book-covers\versions\1\BookCovers\big-city-explorer.jpg
big-game,C:\Users\HP USER\.cache\kagglehub\datasets\thomaskonstantin\6000-children-and-teen-book-covers\versions\1\BookCovers\big-game.jpg
big-momma-makes-the-world,C:\Users\HP USER\.cache\kagglehub\datasets\thomaskonstantin\6000-children-and-teen-book-covers\versions\1\BookCovers\big-momma-makes-the-world.jpg
big-question,C:\Users\HP USER\.cache\kagglehub\datasets\thomaskonstantin\6000-children-and-teen-book-covers\versions\1\BookCovers\big-question.jpg
big-rock-and-the-masked-avenger,C:\Users\HP USER\.cache\kagglehub\datasets\thomaskonstantin\6000-children-and-teen-book-covers\versions\1\BookCovers\big-rock-and-the-masked-avenger.jpg
big-scary-monster,C:\Users\HP USER\.cache\kagglehub\datasets\thomaskonstantin\6000-children-and-teen-book-covers\versions\1\BookCovers\big-scary-monster.jpg
big-snuggle-up,C:\Users\HP USER\.cache\kagglehub\datasets\thomaskonstantin\6000-children-and-teen-book-covers\versions\1\BookCovers\big-snuggle-up.jpg
bigbadbook,C:\Users\HP USER\.cache\kagglehub\datasets\thomaskonstantin\6000-children-and-teen-book-covers\versions\1\BookCovers\bigbadbook.jpg
bigbluesofa,C:\Users\HP USER\.cache\kagglehub\datasets\thomaskonstantin\6000-children-and-teen-book-covers\versions\1\BookCovers\bigbluesofa.jpg
bigfoot-tobin-and-me,C:\Users\HP USER\.cache\kagglehub\datasets\thomaskonstantin\6000-children-and-teen-book-covers\versions\1\BookCovers\bigfoot-tobin-and-me.jpg
bikes-for-sale,C:\Users\HP USER\.cache\kagglehub\datasets\thomaskonstantin\6000-children-and-teen-book-covers\versions\1\BookCovers\bikes-for-sale.jpg
bilals-brilliant-bee,C:\Users\HP USER\.cache\kagglehub\datasets\thomaskonstantin\6000-children-and-teen-book-covers\versions\1\BookCovers\bilals-brilliant-bee.jpg
billy-and-the-beast,C:\Users\HP USER\.cache\kagglehub\datasets\thomaskonstantin\6000-children-and-teen-book-covers\versions\1\BookCovers\billy-and-the-beast.jpg
billy-and-the-dragon,C:\Users\HP USER\.cache\kagglehub\datasets\thomaskonstantin\6000-children-and-teen-book-covers\versions\1\BookCovers\billy-and-the-dragon.jpg
billy-and-the-mini-monsters,C:\Users\HP USER\.cache\kagglehub\datasets\thomaskonstantin\6000-children-and-teen-book-covers\versions\1\BookCovers\billy-and-the-mini-monsters.jpg
billy-bonkers,C:\Users\HP USER\.cache\kagglehub\datasets\thomaskonstantin\6000-children-and-teen-book-covers\versions\1\BookCovers\billy-bonkers.jpg
bindi-babes,C:\Users\HP USER\.cache\kagglehub\datasets\thomaskonstantin\6000-children-and-teen-book-covers\versions\1\BookCovers\bindi-babes.jpg
bingbed,C:\Users\HP USER\.cache\kagglehub\datasets\thomaskonstantin\6000-children-and-teen-book-covers\versions\1\BookCovers\bingbed.jpg
binkys-time-to-fly,C:\Users\HP USER\.cache\kagglehub\datasets\thomaskonstantin\6000-children-and-teen-book-covers\versions\1\BookCovers\binkys-time-to-fly.jpg
binny-for-short,C:\Users\HP USER\.cache\kagglehub\datasets\thomaskonstantin\6000-children-and-teen-book-covers\versions\1\BookCovers\binny-for-short.jpg
binnys-diwali,C:\Users\HP USER\.cache\kagglehub\datasets\thomaskonstantin\6000-children-and-teen-book-covers\versions\1\BookCovers\binnys-diwali.jpg
birdy--bou,C:\Users\HP USER\.cache\kagglehub\datasets\thomaskonstantin\6000-children-and-teen-book-covers\versions\1\BookCovers\birdy--bou.jpg
birth-of-a-killer,C:\Users\HP USER\.cache\kagglehub\datasets\thomaskonstantin\6000-children-and-teen-book-covers\versions\1\BookCovers\birth-of-a-killer.jpg
biscuit-bear,C:\Users\HP USER\.cache\kagglehub\datasets\thomaskonstantin\6000-children-and-teen-book-covers\versions\1\BookCovers\biscuit-bear.jpg
bitter-sixteens,C:\Users\HP USER\.cache\kagglehub\datasets\thomaskonstantin\6000-children-and-teen-book-covers\versions\1\BookCovers\bitter-sixteens.jpg
bizzy-bear-racing-driver,C:\Users\HP USER\.cache\kagglehub\datasets\thomaskonstantin\6000-children-and-teen-book-covers\versions\1\BookCovers\bizzy-bear-racing-driver.jpg
bizzy-bear-spooky-house,C:\Users\HP USER\.cache\kagglehub\datasets\thomaskonstantin\6000-children-and-teen-book-covers\versions\1\BookCovers\bizzy-bear-spooky-house.jpg
bizzy-bear-zoo-ranger,C:\Users\HP USER\.cache\kagglehub\datasets\thomaskonstantin\6000-children-and-teen-book-covers\versions\1\BookCovers\bizzy-bear-zoo-ranger.jpg
black-and-british-a-short-essential-history,C:\Users\HP USER\.cache\kagglehub\datasets\thomaskonstantin\6000-children-and-teen-book-covers\versions\1\BookCovers\black-and-british-a-short-essential-history.jpg
black-arts---the-books-of-pandemonium,C:\Users\HP USER\.cache\kagglehub\datasets\thomaskonstantin\6000-children-and-teen-book-covers\versions\1\BookCovers\black-arts---the-books-of-pandemonium.jpg
black-light-express,C:\Users\HP USER\.cache\kagglehub\datasets\thomaskonstantin\6000-children-and-teen-book-covers\versions\1\BookCovers\black-light-express.jpg
black-queen,C:\Users\HP USER\.cache\kagglehub\datasets\thomaskonstantin\6000-children-and-teen-book-covers\versions\1\BookCovers\black-queen.jpg
blackbird-blackbird-what-do-you-do,C:\Users\HP USER\.cache\kagglehub\datasets\thomaskonstantin\6000-children-and-teen-book-covers\versions\1\BookCovers\blackbird-blackbird-what-do-you-do.jpg
blackbird,C:\Users\HP USER\.cache\kagglehub\datasets\thomaskonstantin\6000-children-and-teen-book-covers\versions\1\BookCovers\blackbird.jpg
blackbookosecrets,C:\Users\HP USER\.cache\kagglehub\datasets\thomaskonstantin\6000-children-and-teen-book-covers\versions\1\BookCovers\blackbookosecrets.jpg
blackship,C:\Users\HP USER\.cache\kagglehub\datasets\thomaskonstantin\6000-children-and-teen-book-covers\versions\1\BookCovers\blackship.jpg
blame,C:\Users\HP USER\.cache\kagglehub\datasets\thomaskonstantin\6000-children-and-teen-book-covers\versions\1\BookCovers\blame.jpg
blankie,C:\Users\HP USER\.cache\kagglehub\datasets\thomaskonstantin\6000-children-and-teen-book-covers\versions\1\BookCovers\blankie.jpg
blart,C:\Users\HP USER\.cache\kagglehub\datasets\thomaskonstantin\6000-children-and-teen-book-covers\versions\1\BookCovers\blart.jpg
blindside,C:\Users\HP USER\.cache\kagglehub\datasets\thomaskonstantin\6000-children-and-teen-book-covers\versions\1\BookCovers\blindside.jpg
bling-blaine,C:\Users\HP USER\.cache\kagglehub\datasets\thomaskonstantin\6000-children-and-teen-book-covers\versions\1\BookCovers\bling-blaine.jpg
blink-and-you-died,C:\Users\HP USER\.cache\kagglehub\datasets\thomaskonstantin\6000-children-and-teen-book-covers\versions\1\BookCovers\blink-and-you-died.jpg
blitzcat,C:\Users\HP USER\.cache\kagglehub\datasets\thomaskonstantin\6000-children-and-teen-book-covers\versions\1\BookCovers\blitzcat.jpg
blksh-black-ships-before-troy,C:\Users\HP USER\.cache\kagglehub\datasets\thomaskonstantin\6000-children-and-teen-book-covers\versions\1\BookCovers\blksh-black-ships-before-troy.jpg
blobheds,C:\Users\HP USER\.cache\kagglehub\datasets\thomaskonstantin\6000-children-and-teen-book-covers\versions\1\BookCovers\blobheds.jpg
blocks-irene,C:\Users\HP USER\.cache\kagglehub\datasets\thomaskonstantin\6000-children-and-teen-book-covers\versions\1\BookCovers\blocks-irene.jpg
blood-and-ink,C:\Users\HP USER\.cache\kagglehub\datasets\thomaskonstantin\6000-children-and-teen-book-covers\versions\1\BookCovers\blood-and-ink.jpg
blood-red-snow-white,C:\Users\HP USER\.cache\kagglehub\datasets\thomaskonstantin\6000-children-and-teen-book-covers\versions\1\BookCovers\blood-red-snow-white.jpg
blood,C:\Users\HP USER\.cache\kagglehub\datasets\thomaskonstantin\6000-children-and-teen-book-covers\versions\1\BookCovers\blood.jpg
bloodfever,C:\Users\HP USER\.cache\kagglehub\datasets\thomaskonstantin\6000-children-and-teen-book-covers\versions\1\BookCovers\bloodfever.jpg
bloodline,C:\Users\HP USER\.cache\kagglehub\datasets\thomaskonstantin\6000-children-and-teen-book-covers\versions\1\BookCovers\bloodline.jpg
bloodlist,C:\Users\HP USER\.cache\kagglehub\datasets\thomaskonstantin\6000-children-and-teen-book-covers\versions\1\BookCovers\bloodlist.jpg
bloodredroadd,C:\Users\HP USER\.cache\kagglehub\datasets\thomaskonstantin\6000-children-and-teen-book-covers\versions\1\BookCovers\bloodredroadd.jpg
bloodtide,C:\Users\HP USER\.cache\kagglehub\datasets\thomaskonstantin\6000-children-and-teen-book-covers\versions\1\BookCovers\bloodtide.jpg
bloom,C:\Users\HP USER\.cache\kagglehub\datasets\thomaskonstantin\6000-children-and-teen-book-covers\versions\1\BookCovers\bloom.jpg
blown-away,C:\Users\HP USER\.cache\kagglehub\datasets\thomaskonstantin\6000-children-and-teen-book-covers\versions\1\BookCovers\blown-away.jpg
blue-and-other-colours,C:\Users\HP USER\.cache\kagglehub\datasets\thomaskonstantin\6000-children-and-teen-book-covers\versions\1\BookCovers\blue-and-other-colours.jpg
blue-chameleon,C:\Users\HP USER\.cache\kagglehub\datasets\thomaskonstantin\6000-children-and-teen-book-covers\versions\1\BookCovers\blue-chameleon.jpg
blue-john,C:\Users\HP USER\.cache\kagglehub\datasets\thomaskonstantin\6000-children-and-teen-book-covers\versions\1\BookCovers\blue-john.jpg
blue-monster-wants-it-all,C:\Users\HP USER\.cache\kagglehub\datasets\thomaskonstantin\6000-children-and-teen-book-covers\versions\1\BookCovers\blue-monster-wants-it-all.jpg
blue-moon-day,C:\Users\HP USER\.cache\kagglehub\datasets\thomaskonstantin\6000-children-and-teen-book-covers\versions\1\BookCovers\blue-moon-day.jpg
blue-penguin,C:\Users\HP USER\.cache\kagglehub\datasets\thomaskonstantin\6000-children-and-teen-book-covers\versions\1\BookCovers\blue-penguin.jpg
blue-sword,C:\Users\HP USER\.cache\kagglehub\datasets\thomaskonstantin\6000-children-and-teen-book-covers\versions\1\BookCovers\blue-sword.jpg
bluebeard,C:\Users\HP USER\.cache\kagglehub\datasets\thomaskonstantin\6000-children-and-teen-book-covers\versions\1\BookCovers\bluebeard.jpg
blueberry-girl,C:\Users\HP USER\.cache\kagglehub\datasets\thomaskonstantin\6000-children-and-teen-book-covers\versions\1\BookCovers\blueberry-girl.jpg
bmx-princess,C:\Users\HP USER\.cache\kagglehub\datasets\thomaskonstantin\6000-children-and-teen-book-covers\versions\1\BookCovers\bmx-princess.jpg
boas-bad-birthday,C:\Users\HP USER\.cache\kagglehub\datasets\thomaskonstantin\6000-children-and-teen-book-covers\versions\1\BookCovers\boas-bad-birthday.jpg
bob-flo-missing-bucket,C:\Users\HP USER\.cache\kagglehub\datasets\thomaskonstantin\6000-children-and-teen-book-covers\versions\1\BookCovers\bob-flo-missing-bucket.jpg
bob-s-best-ever-friend,C:\Users\HP USER\.cache\kagglehub\datasets\thomaskonstantin\6000-children-and-teen-book-covers\versions\1\BookCovers\bob-s-best-ever-friend.jpg
bocchi-pocchi-bird,C:\Users\HP USER\.cache\kagglehub\datasets\thomaskonstantin\6000-children-and-teen-book-covers\versions\1\BookCovers\bocchi-pocchi-bird.jpg
boffin-boy-and-the-deadly-swarm,C:\Users\HP USER\.cache\kagglehub\datasets\thomaskonstantin\6000-children-and-teen-book-covers\versions\1\BookCovers\boffin-boy-and-the-deadly-swarm.jpg
boffin-boy-ninja-jacket,C:\Users\HP USER\.cache\kagglehub\datasets\thomaskonstantin\6000-children-and-teen-book-covers\versions\1\BookCovers\boffin-boy-ninja-jacket.jpg
boffin-boy,C:\Users\HP USER\.cache\kagglehub\datasets\thomaskonstantin\6000-children-and-teen-book-covers\versions\1\BookCovers\boffin-boy.jpg
bogchild,C:\Users\HP USER\.cache\kagglehub\datasets\thomaskonstantin\6000-children-and-teen-book-covers\versions\1\BookCovers\bogchild.jpg
bollywood-babes,C:\Users\HP USER\.cache\kagglehub\datasets\thomaskonstantin\6000-children-and-teen-book-covers\versions\1\BookCovers\bollywood-babes.jpg
bone-gap,C:\Users\HP USER\.cache\kagglehub\datasets\thomaskonstantin\6000-children-and-teen-book-covers\versions\1\BookCovers\bone-gap.jpg
bone-talk,C:\Users\HP USER\.cache\kagglehub\datasets\thomaskonstantin\6000-children-and-teen-book-covers\versions\1\BookCovers\bone-talk.jpg
boo-,C:\Users\HP USER\.cache\kagglehub\datasets\thomaskonstantin\6000-children-and-teen-book-covers\versions\1\BookCovers\boo-.jpg
boo,C:\Users\HP USER\.cache\kagglehub\datasets\thomaskonstantin\6000-children-and-teen-book-covers\versions\1\BookCovers\boo.jpg
book-of-bones-10-record-breaking-animals,C:\Users\HP USER\.cache\kagglehub\datasets\thomaskonstantin\6000-children-and-teen-book-covers\versions\1\BookCovers\book-of-bones-10-record-breaking-animals.jpg
book-of-dust,C:\Users\HP USER\.cache\kagglehub\datasets\thomaskonstantin\6000-children-and-teen-book-covers\versions\1\BookCovers\book-of-dust.jpg
book-of-lies,C:\Users\HP USER\.cache\kagglehub\datasets\thomaskonstantin\6000-children-and-teen-book-covers\versions\1\BookCovers\book-of-lies.jpg
book-with-no-pictures,C:\Users\HP USER\.cache\kagglehub\datasets\thomaskonstantin\6000-children-and-teen-book-covers\versions\1\BookCovers\book-with-no-pictures.jpg
bookcover,C:\Users\HP USER\.cache\kagglehub\datasets\thomaskonstantin\6000-children-and-teen-book-covers\versions\1\BookCovers\bookcover.jpg
bookeating-boy,C:\Users\HP USER\.cache\kagglehub\datasets\thomaskonstantin\6000-children-and-teen-book-covers\versions\1\BookCovers\bookeating-boy.jpg
booked,C:\Users\HP USER\.cache\kagglehub\datasets\thomaskonstantin\6000-children-and-teen-book-covers\versions\1\BookCovers\booked.jpg
books-make-good-pets,C:\Users\HP USER\.cache\kagglehub\datasets\thomaskonstantin\6000-children-and-teen-book-covers\versions\1\BookCovers\books-make-good-pets.jpg
bookshop-girl,C:\Users\HP USER\.cache\kagglehub\datasets\thomaskonstantin\6000-children-and-teen-book-covers\versions\1\BookCovers\bookshop-girl.jpg
boonies,C:\Users\HP USER\.cache\kagglehub\datasets\thomaskonstantin\6000-children-and-teen-book-covers\versions\1\BookCovers\boonies.jpg
boot-small-robot-big-adventure,C:\Users\HP USER\.cache\kagglehub\datasets\thomaskonstantin\6000-children-and-teen-book-covers\versions\1\BookCovers\boot-small-robot-big-adventure.jpg
boot-the-rusty-rescue,C:\Users\HP USER\.cache\kagglehub\datasets\thomaskonstantin\6000-children-and-teen-book-covers\versions\1\BookCovers\boot-the-rusty-rescue.jpg
boris-babysits,C:\Users\HP USER\.cache\kagglehub\datasets\thomaskonstantin\6000-children-and-teen-book-covers\versions\1\BookCovers\boris-babysits.jpg
boris,C:\Users\HP USER\.cache\kagglehub\datasets\thomaskonstantin\6000-children-and-teen-book-covers\versions\1\BookCovers\boris.jpg
borka,C:\Users\HP USER\.cache\kagglehub\datasets\thomaskonstantin\6000-children-and-teen-book-covers\versions\1\BookCovers\borka.jpg
borrowers,C:\Users\HP USER\.cache\kagglehub\datasets\thomaskonstantin\6000-children-and-teen-book-covers\versions\1\BookCovers\borrowers.jpg
bottoms-up,C:\Users\HP USER\.cache\kagglehub\datasets\thomaskonstantin\6000-children-and-teen-book-covers\versions\1\BookCovers\bottoms-up.jpg
bounce-and-jiggle,C:\Users\HP USER\.cache\kagglehub\datasets\thomaskonstantin\6000-children-and-teen-book-covers\versions\1\BookCovers\bounce-and-jiggle.jpg
boundless-paperback-front,C:\Users\HP USER\.cache\kagglehub\datasets\thomaskonstantin\6000-children-and-teen-book-covers\versions\1\BookCovers\boundless-paperback-front.jpg
box-of-tricks,C:\Users\HP USER\.cache\kagglehub\datasets\thomaskonstantin\6000-children-and-teen-book-covers\versions\1\BookCovers\box-of-tricks.jpg
boy-87,C:\Users\HP USER\.cache\kagglehub\datasets\thomaskonstantin\6000-children-and-teen-book-covers\versions\1\BookCovers\boy-87.jpg
boy-and-the-globe,C:\Users\HP USER\.cache\kagglehub\datasets\thomaskonstantin\6000-children-and-teen-book-covers\versions\1\BookCovers\boy-and-the-globe.jpg
boy-bird-coffin,C:\Users\HP USER\.cache\kagglehub\datasets\thomaskonstantin\6000-children-and-teen-book-covers\versions\1\BookCovers\boy-bird-coffin.jpg
boy-everywhere,C:\Users\HP USER\.cache\kagglehub\datasets\thomaskonstantin\6000-children-and-teen-book-covers\versions\1\BookCovers\boy-everywhere.jpg
boy-giant,C:\Users\HP USER\.cache\kagglehub\datasets\thomaskonstantin\6000-children-and-teen-book-covers\versions\1\BookCovers\boy-giant.jpg
boy-in-the-tower,C:\Users\HP USER\.cache\kagglehub\datasets\thomaskonstantin\6000-children-and-teen-book-covers\versions\1\BookCovers\boy-in-the-tower.jpg
boy-nobodys,C:\Users\HP USER\.cache\kagglehub\datasets\thomaskonstantin\6000-children-and-teen-book-covers\versions\1\BookCovers\boy-nobodys.jpg
boy-oh-boy,C:\Users\HP USER\.cache\kagglehub\datasets\thomaskonstantin\6000-children-and-teen-book-covers\versions\1\BookCovers\boy-oh-boy.jpg
boy-on-the-wooden-box,C:\Users\HP USER\.cache\kagglehub\datasets\thomaskonstantin\6000-children-and-teen-book-covers\versions\1\BookCovers\boy-on-the-wooden-box.jpg
boy-underwater,C:\Users\HP USER\.cache\kagglehub\datasets\thomaskonstantin\6000-children-and-teen-book-covers\versions\1\BookCovers\boy-underwater.jpg
boy-who-switched-off-the-sun,C:\Users\HP USER\.cache\kagglehub\datasets\thomaskonstantin\6000-children-and-teen-book-covers\versions\1\BookCovers\boy-who-switched-off-the-sun.jpg
boy-with-the-tigers-heart,C:\Users\HP USER\.cache\kagglehub\datasets\thomaskonstantin\6000-children-and-teen-book-covers\versions\1\BookCovers\boy-with-the-tigers-heart.jpg
boy-zero,C:\Users\HP USER\.cache\kagglehub\datasets\thomaskonstantin\6000-children-and-teen-book-covers\versions\1\BookCovers\boy-zero.jpg
boy,C:\Users\HP USER\.cache\kagglehub\datasets\thomaskonstantin\6000-children-and-teen-book-covers\versions\1\BookCovers\boy.jpg
boyband-of-the-apocalypse,C:\Users\HP USER\.cache\kagglehub\datasets\thomaskonstantin\6000-children-and-teen-book-covers\versions\1\BookCovers\boyband-of-the-apocalypse.jpg
boykillsman,C:\Users\HP USER\.cache\kagglehub\datasets\thomaskonstantin\6000-children-and-teen-book-covers\versions\1\BookCovers\boykillsman.jpg
boys-dontcry,C:\Users\HP USER\.cache\kagglehub\datasets\thomaskonstantin\6000-children-and-teen-book-covers\versions\1\BookCovers\boys-dontcry.jpg
boywatching,C:\Users\HP USER\.cache\kagglehub\datasets\thomaskonstantin\6000-children-and-teen-book-covers\versions\1\BookCovers\boywatching.jpg
bracelet-of-bones,C:\Users\HP USER\.cache\kagglehub\datasets\thomaskonstantin\6000-children-and-teen-book-covers\versions\1\BookCovers\bracelet-of-bones.jpg
brambly-summer-story,C:\Users\HP USER\.cache\kagglehub\datasets\thomaskonstantin\6000-children-and-teen-book-covers\versions\1\BookCovers\brambly-summer-story.jpg
brand-new-boy,C:\Users\HP USER\.cache\kagglehub\datasets\thomaskonstantin\6000-children-and-teen-book-covers\versions\1\BookCovers\brand-new-boy.jpg
brave-as-can-be-a-book-of-courage,C:\Users\HP USER\.cache\kagglehub\datasets\thomaskonstantin\6000-children-and-teen-book-covers\versions\1\BookCovers\brave-as-can-be-a-book-of-courage.jpg
brave-molly,C:\Users\HP USER\.cache\kagglehub\datasets\thomaskonstantin\6000-children-and-teen-book-covers\versions\1\BookCovers\brave-molly.jpg
break-the-mould,C:\Users\HP USER\.cache\kagglehub\datasets\thomaskonstantin\6000-children-and-teen-book-covers\versions\1\BookCovers\break-the-mould.jpg
breaking-the-spell,C:\Users\HP USER\.cache\kagglehub\datasets\thomaskonstantin\6000-children-and-teen-book-covers\versions\1\BookCovers\breaking-the-spell.jpg
breath-of-frost,C:\Users\HP USER\.cache\kagglehub\datasets\thomaskonstantin\6000-children-and-teen-book-covers\versions\1\BookCovers\breath-of-frost.jpg
brenda-is-a-sheep,C:\Users\HP USER\.cache\kagglehub\datasets\thomaskonstantin\6000-children-and-teen-book-covers\versions\1\BookCovers\brenda-is-a-sheep.jpg
brian-moses,C:\Users\HP USER\.cache\kagglehub\datasets\thomaskonstantin\6000-children-and-teen-book-covers\versions\1\BookCovers\brian-moses.jpg
brickabreck,C:\Users\HP USER\.cache\kagglehub\datasets\thomaskonstantin\6000-children-and-teen-book-covers\versions\1\BookCovers\brickabreck.jpg
bright-bursts-of-colour,C:\Users\HP USER\.cache\kagglehub\datasets\thomaskonstantin\6000-children-and-teen-book-covers\versions\1\BookCovers\bright-bursts-of-colour.jpg
brightstorm,C:\Users\HP USER\.cache\kagglehub\datasets\thomaskonstantin\6000-children-and-teen-book-covers\versions\1\BookCovers\brightstorm.jpg
brilliants,C:\Users\HP USER\.cache\kagglehub\datasets\thomaskonstantin\6000-children-and-teen-book-covers\versions\1\BookCovers\brilliants.jpg
british-wildlife,C:\Users\HP USER\.cache\kagglehub\datasets\thomaskonstantin\6000-children-and-teen-book-covers\versions\1\BookCovers\british-wildlife.jpg
britten,C:\Users\HP USER\.cache\kagglehub\datasets\thomaskonstantin\6000-children-and-teen-book-covers\versions\1\BookCovers\britten.jpg
broccoli-cover,C:\Users\HP USER\.cache\kagglehub\datasets\thomaskonstantin\6000-children-and-teen-book-covers\versions\1\BookCovers\broccoli-cover.jpg
brockenspectre,C:\Users\HP USER\.cache\kagglehub\datasets\thomaskonstantin\6000-children-and-teen-book-covers\versions\1\BookCovers\brockenspectre.jpg
bronze-and-sunflower,C:\Users\HP USER\.cache\kagglehub\datasets\thomaskonstantin\6000-children-and-teen-book-covers\versions\1\BookCovers\bronze-and-sunflower.jpg
brown-bear,C:\Users\HP USER\.cache\kagglehub\datasets\thomaskonstantin\6000-children-and-teen-book-covers\versions\1\BookCovers\brown-bear.jpg
brownstone-s-mythical-collection,C:\Users\HP USER\.cache\kagglehub\datasets\thomaskonstantin\6000-children-and-teen-book-covers\versions\1\BookCovers\brownstone-s-mythical-collection.jpg
brownstones-mythical-collection,C:\Users\HP USER\.cache\kagglehub\datasets\thomaskonstantin\6000-children-and-teen-book-covers\versions\1\BookCovers\brownstones-mythical-collection.jpg
brrrr-a-book-of-winter,C:\Users\HP USER\.cache\kagglehub\datasets\thomaskonstantin\6000-children-and-teen-book-covers\versions\1\BookCovers\brrrr-a-book-of-winter.jpg
bruisedd,C:\Users\HP USER\.cache\kagglehub\datasets\thomaskonstantin\6000-children-and-teen-book-covers\versions\1\BookCovers\bruisedd.jpg
bubble-boy,C:\Users\HP USER\.cache\kagglehub\datasets\thomaskonstantin\6000-children-and-teen-book-covers\versions\1\BookCovers\bubble-boy.jpg
bubble-trouble,C:\Users\HP USER\.cache\kagglehub\datasets\thomaskonstantin\6000-children-and-teen-book-covers\versions\1\BookCovers\bubble-trouble.jpg
buffalo-soldier,C:\Users\HP USER\.cache\kagglehub\datasets\thomaskonstantin\6000-children-and-teen-book-covers\versions\1\BookCovers\buffalo-soldier.jpg
bug-hunt,C:\Users\HP USER\.cache\kagglehub\datasets\thomaskonstantin\6000-children-and-teen-book-covers\versions\1\BookCovers\bug-hunt.jpg
bug-school,C:\Users\HP USER\.cache\kagglehub\datasets\thomaskonstantin\6000-children-and-teen-book-covers\versions\1\BookCovers\bug-school.jpg
build-a-butterfly,C:\Users\HP USER\.cache\kagglehub\datasets\thomaskonstantin\6000-children-and-teen-book-covers\versions\1\BookCovers\build-a-butterfly.jpg
build-your-dream-team-my-greatest-football-team-ever,C:\Users\HP USER\.cache\kagglehub\datasets\thomaskonstantin\6000-children-and-teen-book-covers\versions\1\BookCovers\build-your-dream-team-my-greatest-football-team-ever.jpg
bully,C:\Users\HP USER\.cache\kagglehub\datasets\thomaskonstantin\6000-children-and-teen-book-covers\versions\1\BookCovers\bully.jpg
bumble-ardy,C:\Users\HP USER\.cache\kagglehub\datasets\thomaskonstantin\6000-children-and-teen-book-covers\versions\1\BookCovers\bumble-ardy.jpg
bumface,C:\Users\HP USER\.cache\kagglehub\datasets\thomaskonstantin\6000-children-and-teen-book-covers\versions\1\BookCovers\bumface.jpg
bunny-monkey,C:\Users\HP USER\.cache\kagglehub\datasets\thomaskonstantin\6000-children-and-teen-book-covers\versions\1\BookCovers\bunny-monkey.jpg
burger-boy,C:\Users\HP USER\.cache\kagglehub\datasets\thomaskonstantin\6000-children-and-teen-book-covers\versions\1\BookCovers\burger-boy.jpg
buried-alive,C:\Users\HP USER\.cache\kagglehub\datasets\thomaskonstantin\6000-children-and-teen-book-covers\versions\1\BookCovers\buried-alive.jpg
burma-chronicles,C:\Users\HP USER\.cache\kagglehub\datasets\thomaskonstantin\6000-children-and-teen-book-covers\versions\1\BookCovers\burma-chronicles.jpg
burning-issy,C:\Users\HP USER\.cache\kagglehub\datasets\thomaskonstantin\6000-children-and-teen-book-covers\versions\1\BookCovers\burning-issy.jpg
burning-magic,C:\Users\HP USER\.cache\kagglehub\datasets\thomaskonstantin\6000-children-and-teen-book-covers\versions\1\BookCovers\burning-magic.jpg
business-for-beginners,C:\Users\HP USER\.cache\kagglehub\datasets\thomaskonstantin\6000-children-and-teen-book-covers\versions\1\BookCovers\business-for-beginners.jpg
business-pig,C:\Users\HP USER\.cache\kagglehub\datasets\thomaskonstantin\6000-children-and-teen-book-covers\versions\1\BookCovers\business-pig.jpg
busy-beach,C:\Users\HP USER\.cache\kagglehub\datasets\thomaskonstantin\6000-children-and-teen-book-covers\versions\1\BookCovers\busy-beach.jpg
busy-easter,C:\Users\HP USER\.cache\kagglehub\datasets\thomaskonstantin\6000-children-and-teen-book-covers\versions\1\BookCovers\busy-easter.jpg
busy-grow,C:\Users\HP USER\.cache\kagglehub\datasets\thomaskonstantin\6000-children-and-teen-book-covers\versions\1\BookCovers\busy-grow.jpg
busy-storytime,C:\Users\HP USER\.cache\kagglehub\datasets\thomaskonstantin\6000-children-and-teen-book-covers\versions\1\BookCovers\busy-storytime.jpg
by-royal-command,C:\Users\HP USER\.cache\kagglehub\datasets\thomaskonstantin\6000-children-and-teen-book-covers\versions\1\BookCovers\by-royal-command.jpg
by-the-light-of-the-moon,C:\Users\HP USER\.cache\kagglehub\datasets\thomaskonstantin\6000-children-and-teen-book-covers\versions\1\BookCovers\by-the-light-of-the-moon.jpg
bzrkd,C:\Users\HP USER\.cache\kagglehub\datasets\thomaskonstantin\6000-children-and-teen-book-covers\versions\1\BookCovers\bzrkd.jpg
cage-of-root,C:\Users\HP USER\.cache\kagglehub\datasets\thomaskonstantin\6000-children-and-teen-book-covers\versions\1\BookCovers\cage-of-root.jpg
cake-girl,C:\Users\HP USER\.cache\kagglehub\datasets\thomaskonstantin\6000-children-and-teen-book-covers\versions\1\BookCovers\cake-girl.jpg
cake-the-wolf-and-the-witch,C:\Users\HP USER\.cache\kagglehub\datasets\thomaskonstantin\6000-children-and-teen-book-covers\versions\1\BookCovers\cake-the-wolf-and-the-witch.jpg
cake,C:\Users\HP USER\.cache\kagglehub\datasets\thomaskonstantin\6000-children-and-teen-book-covers\versions\1\BookCovers\cake.jpg
cakes-in-space,C:\Users\HP USER\.cache\kagglehub\datasets\thomaskonstantin\6000-children-and-teen-book-covers\versions\1\BookCovers\cakes-in-space.jpg
calamity-jack,C:\Users\HP USER\.cache\kagglehub\datasets\thomaskonstantin\6000-children-and-teen-book-covers\versions\1\BookCovers\calamity-jack.jpg
call-me-alastair,C:\Users\HP USER\.cache\kagglehub\datasets\thomaskonstantin\6000-children-and-teen-book-covers\versions\1\BookCovers\call-me-alastair.jpg
call-to-war,C:\Users\HP USER\.cache\kagglehub\datasets\thomaskonstantin\6000-children-and-teen-book-covers\versions\1\BookCovers\call-to-war.jpg
callback-take-two,C:\Users\HP USER\.cache\kagglehub\datasets\thomaskonstantin\6000-children-and-teen-book-covers\versions\1\BookCovers\callback-take-two.jpg
calmdownboris,C:\Users\HP USER\.cache\kagglehub\datasets\thomaskonstantin\6000-children-and-teen-book-covers\versions\1\BookCovers\calmdownboris.jpg
calming-colouring-for-kids,C:\Users\HP USER\.cache\kagglehub\datasets\thomaskonstantin\6000-children-and-teen-book-covers\versions\1\BookCovers\calming-colouring-for-kids.jpg
camille-and-the-sunflowers,C:\Users\HP USER\.cache\kagglehub\datasets\thomaskonstantin\6000-children-and-teen-book-covers\versions\1\BookCovers\camille-and-the-sunflowers.jpg
can-bears-ski,C:\Users\HP USER\.cache\kagglehub\datasets\thomaskonstantin\6000-children-and-teen-book-covers\versions\1\BookCovers\can-bears-ski.jpg
can-i-eat-that,C:\Users\HP USER\.cache\kagglehub\datasets\thomaskonstantin\6000-children-and-teen-book-covers\versions\1\BookCovers\can-i-eat-that.jpg
can-we-save-the-tiger2,C:\Users\HP USER\.cache\kagglehub\datasets\thomaskonstantin\6000-children-and-teen-book-covers\versions\1\BookCovers\can-we-save-the-tiger2.jpg
can-you-keep-a-secret,C:\Users\HP USER\.cache\kagglehub\datasets\thomaskonstantin\6000-children-and-teen-book-covers\versions\1\BookCovers\can-you-keep-a-secret.jpg
can-you-say-it-too-cheep-cheep,C:\Users\HP USER\.cache\kagglehub\datasets\thomaskonstantin\6000-children-and-teen-book-covers\versions\1\BookCovers\can-you-say-it-too-cheep-cheep.jpg
can-you-say-it-too,C:\Users\HP USER\.cache\kagglehub\datasets\thomaskonstantin\6000-children-and-teen-book-covers\versions\1\BookCovers\can-you-say-it-too.jpg
can-you-see-me,C:\Users\HP USER\.cache\kagglehub\datasets\thomaskonstantin\6000-children-and-teen-book-covers\versions\1\BookCovers\can-you-see-me.jpg
candle-man,C:\Users\HP USER\.cache\kagglehub\datasets\thomaskonstantin\6000-children-and-teen-book-covers\versions\1\BookCovers\candle-man.jpg
candyfloss-,C:\Users\HP USER\.cache\kagglehub\datasets\thomaskonstantin\6000-children-and-teen-book-covers\versions\1\BookCovers\candyfloss-.jpg
cane-warriors,C:\Users\HP USER\.cache\kagglehub\datasets\thomaskonstantin\6000-children-and-teen-book-covers\versions\1\BookCovers\cane-warriors.jpg
cannonball-coralie-and-the-lion,C:\Users\HP USER\.cache\kagglehub\datasets\thomaskonstantin\6000-children-and-teen-book-covers\versions\1\BookCovers\cannonball-coralie-and-the-lion.jpg
cant-take-an-elephant-on-the-bus,C:\Users\HP USER\.cache\kagglehub\datasets\thomaskonstantin\6000-children-and-teen-book-covers\versions\1\BookCovers\cant-take-an-elephant-on-the-bus.jpg
cantusleeplilbear,C:\Users\HP USER\.cache\kagglehub\datasets\thomaskonstantin\6000-children-and-teen-book-covers\versions\1\BookCovers\cantusleeplilbear.jpg
captain-cat-and-the-treasure-map,C:\Users\HP USER\.cache\kagglehub\datasets\thomaskonstantin\6000-children-and-teen-book-covers\versions\1\BookCovers\captain-cat-and-the-treasure-map.jpg
captain-flinn-and-the-pirate-dinosaurs,C:\Users\HP USER\.cache\kagglehub\datasets\thomaskonstantin\6000-children-and-teen-book-covers\versions\1\BookCovers\captain-flinn-and-the-pirate-dinosaurs.jpg
captain-pugwash,C:\Users\HP USER\.cache\kagglehub\datasets\thomaskonstantin\6000-children-and-teen-book-covers\versions\1\BookCovers\captain-pugwash.jpg
captain-small-pig,C:\Users\HP USER\.cache\kagglehub\datasets\thomaskonstantin\6000-children-and-teen-book-covers\versions\1\BookCovers\captain-small-pig.jpg
captive,C:\Users\HP USER\.cache\kagglehub\datasets\thomaskonstantin\6000-children-and-teen-book-covers\versions\1\BookCovers\captive.jpg
car-car-truck-jeep,C:\Users\HP USER\.cache\kagglehub\datasets\thomaskonstantin\6000-children-and-teen-book-covers\versions\1\BookCovers\car-car-truck-jeep.jpg
car-wash-wish,C:\Users\HP USER\.cache\kagglehub\datasets\thomaskonstantin\6000-children-and-teen-book-covers\versions\1\BookCovers\car-wash-wish.jpg
caramel-hearts,C:\Users\HP USER\.cache\kagglehub\datasets\thomaskonstantin\6000-children-and-teen-book-covers\versions\1\BookCovers\caramel-hearts.jpg
carhullanarmy,C:\Users\HP USER\.cache\kagglehub\datasets\thomaskonstantin\6000-children-and-teen-book-covers\versions\1\BookCovers\carhullanarmy.jpg
caribbean-tales,C:\Users\HP USER\.cache\kagglehub\datasets\thomaskonstantin\6000-children-and-teen-book-covers\versions\1\BookCovers\caribbean-tales.jpg
carnival-of-monsters,C:\Users\HP USER\.cache\kagglehub\datasets\thomaskonstantin\6000-children-and-teen-book-covers\versions\1\BookCovers\carnival-of-monsters.jpg
carries-war,C:\Users\HP USER\.cache\kagglehub\datasets\thomaskonstantin\6000-children-and-teen-book-covers\versions\1\BookCovers\carries-war.jpg
carrying-the-elephant,C:\Users\HP USER\.cache\kagglehub\datasets\thomaskonstantin\6000-children-and-teen-book-covers\versions\1\BookCovers\carrying-the-elephant.jpg
casino-royale,C:\Users\HP USER\.cache\kagglehub\datasets\thomaskonstantin\6000-children-and-teen-book-covers\versions\1\BookCovers\casino-royale.jpg
casting-the-godsadrfit,C:\Users\HP USER\.cache\kagglehub\datasets\thomaskonstantin\6000-children-and-teen-book-covers\versions\1\BookCovers\casting-the-godsadrfit.jpg
castlecorona,C:\Users\HP USER\.cache\kagglehub\datasets\thomaskonstantin\6000-children-and-teen-book-covers\versions\1\BookCovers\castlecorona.jpg
castles,C:\Users\HP USER\.cache\kagglehub\datasets\thomaskonstantin\6000-children-and-teen-book-covers\versions\1\BookCovers\castles.jpg
cat-is-sleepy,C:\Users\HP USER\.cache\kagglehub\datasets\thomaskonstantin\6000-children-and-teen-book-covers\versions\1\BookCovers\cat-is-sleepy.jpg
cat-kid-comic-club,C:\Users\HP USER\.cache\kagglehub\datasets\thomaskonstantin\6000-children-and-teen-book-covers\versions\1\BookCovers\cat-kid-comic-club.jpg
catch-that-egg,C:\Users\HP USER\.cache\kagglehub\datasets\thomaskonstantin\6000-children-and-teen-book-covers\versions\1\BookCovers\catch-that-egg.jpg
catch-your-death,C:\Users\HP USER\.cache\kagglehub\datasets\thomaskonstantin\6000-children-and-teen-book-covers\versions\1\BookCovers\catch-your-death.jpg
catchingfire,C:\Users\HP USER\.cache\kagglehub\datasets\thomaskonstantin\6000-children-and-teen-book-covers\versions\1\BookCovers\catchingfire.jpg
catchtahtcroc,C:\Users\HP USER\.cache\kagglehub\datasets\thomaskonstantin\6000-children-and-teen-book-covers\versions\1\BookCovers\catchtahtcroc.jpg
catherine-s-story,C:\Users\HP USER\.cache\kagglehub\datasets\thomaskonstantin\6000-children-and-teen-book-covers\versions\1\BookCovers\catherine-s-story.jpg
cats-and-curses,C:\Users\HP USER\.cache\kagglehub\datasets\thomaskonstantin\6000-children-and-teen-book-covers\versions\1\BookCovers\cats-and-curses.jpg
cats-react-to-science-facts,C:\Users\HP USER\.cache\kagglehub\datasets\thomaskonstantin\6000-children-and-teen-book-covers\versions\1\BookCovers\cats-react-to-science-facts.jpg
catwad,C:\Users\HP USER\.cache\kagglehub\datasets\thomaskonstantin\6000-children-and-teen-book-covers\versions\1\BookCovers\catwad.jpg
caught-in-the-crossfire,C:\Users\HP USER\.cache\kagglehub\datasets\thomaskonstantin\6000-children-and-teen-book-covers\versions\1\BookCovers\caught-in-the-crossfire.jpg
cave-baby,C:\Users\HP USER\.cache\kagglehub\datasets\thomaskonstantin\6000-children-and-teen-book-covers\versions\1\BookCovers\cave-baby.jpg
cawl-dathlu-,C:\Users\HP USER\.cache\kagglehub\datasets\thomaskonstantin\6000-children-and-teen-book-covers\versions\1\BookCovers\cawl-dathlu-.jpg
cb-that-s-me,C:\Users\HP USER\.cache\kagglehub\datasets\thomaskonstantin\6000-children-and-teen-book-covers\versions\1\BookCovers\cb-that-s-me.jpg
cbshadow,C:\Users\HP USER\.cache\kagglehub\datasets\thomaskonstantin\6000-children-and-teen-book-covers\versions\1\BookCovers\cbshadow.jpg
ceri--deri---the-very-smelly-telly-show,C:\Users\HP USER\.cache\kagglehub\datasets\thomaskonstantin\6000-children-and-teen-book-covers\versions\1\BookCovers\ceri--deri---the-very-smelly-telly-show.jpg
ceri--deri-the-treasure-map,C:\Users\HP USER\.cache\kagglehub\datasets\thomaskonstantin\6000-children-and-teen-book-covers\versions\1\BookCovers\ceri--deri-the-treasure-map.jpg
ceri-and-deri---young-whippersnapper,C:\Users\HP USER\.cache\kagglehub\datasets\thomaskonstantin\6000-children-and-teen-book-covers\versions\1\BookCovers\ceri-and-deri---young-whippersnapper.jpg
ceri-and-deri-no-time-for-clocks,C:\Users\HP USER\.cache\kagglehub\datasets\thomaskonstantin\6000-children-and-teen-book-covers\versions\1\BookCovers\ceri-and-deri-no-time-for-clocks.jpg
cezanne-and-the-apple-boy,C:\Users\HP USER\.cache\kagglehub\datasets\thomaskonstantin\6000-children-and-teen-book-covers\versions\1\BookCovers\cezanne-and-the-apple-boy.jpg
chain,C:\Users\HP USER\.cache\kagglehub\datasets\thomaskonstantin\6000-children-and-teen-book-covers\versions\1\BookCovers\chain.jpg
chains,C:\Users\HP USER\.cache\kagglehub\datasets\thomaskonstantin\6000-children-and-teen-book-covers\versions\1\BookCovers\chains.jpg
challenge-everything,C:\Users\HP USER\.cache\kagglehub\datasets\thomaskonstantin\6000-children-and-teen-book-covers\versions\1\BookCovers\challenge-everything.jpg
changes,C:\Users\HP USER\.cache\kagglehub\datasets\thomaskonstantin\6000-children-and-teen-book-covers\versions\1\BookCovers\changes.jpg
charles-darwins-on-the-origin-of-species,C:\Users\HP USER\.cache\kagglehub\datasets\thomaskonstantin\6000-children-and-teen-book-covers\versions\1\BookCovers\charles-darwins-on-the-origin-of-species.jpg
charlie-and-lola-numbers,C:\Users\HP USER\.cache\kagglehub\datasets\thomaskonstantin\6000-children-and-teen-book-covers\versions\1\BookCovers\charlie-and-lola-numbers.jpg
charlie-and-lola-opposites,C:\Users\HP USER\.cache\kagglehub\datasets\thomaskonstantin\6000-children-and-teen-book-covers\versions\1\BookCovers\charlie-and-lola-opposites.jpg
charlie-and-lola-shapes,C:\Users\HP USER\.cache\kagglehub\datasets\thomaskonstantin\6000-children-and-teen-book-covers\versions\1\BookCovers\charlie-and-lola-shapes.jpg
charlie-and-lola-things,C:\Users\HP USER\.cache\kagglehub\datasets\thomaskonstantin\6000-children-and-teen-book-covers\versions\1\BookCovers\charlie-and-lola-things.jpg
charlie-changes-into-a-chicken,C:\Users\HP USER\.cache\kagglehub\datasets\thomaskonstantin\6000-children-and-teen-book-covers\versions\1\BookCovers\charlie-changes-into-a-chicken.jpg
charlie-changes-into-a-t-rex,C:\Users\HP USER\.cache\kagglehub\datasets\thomaskonstantin\6000-children-and-teen-book-covers\versions\1\BookCovers\charlie-changes-into-a-t-rex.jpg
charlie-chocolatefactory,C:\Users\HP USER\.cache\kagglehub\datasets\thomaskonstantin\6000-children-and-teen-book-covers\versions\1\BookCovers\charlie-chocolatefactory.jpg
charlie-merrick,C:\Users\HP USER\.cache\kagglehub\datasets\thomaskonstantin\6000-children-and-teen-book-covers\versions\1\BookCovers\charlie-merrick.jpg
charlie-merrick2,C:\Users\HP USER\.cache\kagglehub\datasets\thomaskonstantin\6000-children-and-teen-book-covers\versions\1\BookCovers\charlie-merrick2.jpg
charlie-morphs-into-a-mammoth,C:\Users\HP USER\.cache\kagglehub\datasets\thomaskonstantin\6000-children-and-teen-book-covers\versions\1\BookCovers\charlie-morphs-into-a-mammoth.jpg
charlie,C:\Users\HP USER\.cache\kagglehub\datasets\thomaskonstantin\6000-children-and-teen-book-covers\versions\1\BookCovers\charlie.jpg
charliecooksfavbook,C:\Users\HP USER\.cache\kagglehub\datasets\thomaskonstantin\6000-children-and-teen-book-covers\versions\1\BookCovers\charliecooksfavbook.jpg
charlies-war,C:\Users\HP USER\.cache\kagglehub\datasets\thomaskonstantin\6000-children-and-teen-book-covers\versions\1\BookCovers\charlies-war.jpg
charlottes-web,C:\Users\HP USER\.cache\kagglehub\datasets\thomaskonstantin\6000-children-and-teen-book-covers\versions\1\BookCovers\charlottes-web.jpg
charm-and-stranges2,C:\Users\HP USER\.cache\kagglehub\datasets\thomaskonstantin\6000-children-and-teen-book-covers\versions\1\BookCovers\charm-and-stranges2.jpg
charm-school,C:\Users\HP USER\.cache\kagglehub\datasets\thomaskonstantin\6000-children-and-teen-book-covers\versions\1\BookCovers\charm-school.jpg
charmed-life,C:\Users\HP USER\.cache\kagglehub\datasets\thomaskonstantin\6000-children-and-teen-book-covers\versions\1\BookCovers\charmed-life.jpg
chasing-danger,C:\Users\HP USER\.cache\kagglehub\datasets\thomaskonstantin\6000-children-and-teen-book-covers\versions\1\BookCovers\chasing-danger.jpg
chasing-redbird,C:\Users\HP USER\.cache\kagglehub\datasets\thomaskonstantin\6000-children-and-teen-book-covers\versions\1\BookCovers\chasing-redbird.jpg
chasing-the-darks,C:\Users\HP USER\.cache\kagglehub\datasets\thomaskonstantin\6000-children-and-teen-book-covers\versions\1\BookCovers\chasing-the-darks.jpg
chasing-the-starss,C:\Users\HP USER\.cache\kagglehub\datasets\thomaskonstantin\6000-children-and-teen-book-covers\versions\1\BookCovers\chasing-the-starss.jpg
chatterbox-baby-farmyard-friends,C:\Users\HP USER\.cache\kagglehub\datasets\thomaskonstantin\6000-children-and-teen-book-covers\versions\1\BookCovers\chatterbox-baby-farmyard-friends.jpg
chatterbox-baby-go-car-go,C:\Users\HP USER\.cache\kagglehub\datasets\thomaskonstantin\6000-children-and-teen-book-covers\versions\1\BookCovers\chatterbox-baby-go-car-go.jpg
check-mates-cover,C:\Users\HP USER\.cache\kagglehub\datasets\thomaskonstantin\6000-children-and-teen-book-covers\versions\1\BookCovers\check-mates-cover.jpg
checkmate-,C:\Users\HP USER\.cache\kagglehub\datasets\thomaskonstantin\6000-children-and-teen-book-covers\versions\1\BookCovers\checkmate-.jpg
cheeky-monkey,C:\Users\HP USER\.cache\kagglehub\datasets\thomaskonstantin\6000-children-and-teen-book-covers\versions\1\BookCovers\cheeky-monkey.jpg
cheer-up-your-teddy-bear-emily-brown,C:\Users\HP USER\.cache\kagglehub\datasets\thomaskonstantin\6000-children-and-teen-book-covers\versions\1\BookCovers\cheer-up-your-teddy-bear-emily-brown.jpg
cherry-blossom-dreams,C:\Users\HP USER\.cache\kagglehub\datasets\thomaskonstantin\6000-children-and-teen-book-covers\versions\1\BookCovers\cherry-blossom-dreams.jpg
cherry-moon,C:\Users\HP USER\.cache\kagglehub\datasets\thomaskonstantin\6000-children-and-teen-book-covers\versions\1\BookCovers\cherry-moon.jpg
cherub,C:\Users\HP USER\.cache\kagglehub\datasets\thomaskonstantin\6000-children-and-teen-book-covers\versions\1\BookCovers\cherub.jpg
chester-parsons-is-not-a-gorilla,C:\Users\HP USER\.cache\kagglehub\datasets\thomaskonstantin\6000-children-and-teen-book-covers\versions\1\BookCovers\chester-parsons-is-not-a-gorilla.jpg
chibi-samurai-wants-a-pet,C:\Users\HP USER\.cache\kagglehub\datasets\thomaskonstantin\6000-children-and-teen-book-covers\versions\1\BookCovers\chibi-samurai-wants-a-pet.jpg
chicken-clickin,C:\Users\HP USER\.cache\kagglehub\datasets\thomaskonstantin\6000-children-and-teen-book-covers\versions\1\BookCovers\chicken-clickin.jpg
chicken-mission-danger,C:\Users\HP USER\.cache\kagglehub\datasets\thomaskonstantin\6000-children-and-teen-book-covers\versions\1\BookCovers\chicken-mission-danger.jpg
chicken-on-the-roof,C:\Users\HP USER\.cache\kagglehub\datasets\thomaskonstantin\6000-children-and-teen-book-covers\versions\1\BookCovers\chicken-on-the-roof.jpg
chicks-rule,C:\Users\HP USER\.cache\kagglehub\datasets\thomaskonstantin\6000-children-and-teen-book-covers\versions\1\BookCovers\chicks-rule.jpg
child-i,C:\Users\HP USER\.cache\kagglehub\datasets\thomaskonstantin\6000-children-and-teen-book-covers\versions\1\BookCovers\child-i.jpg
child-of-st-kilda,C:\Users\HP USER\.cache\kagglehub\datasets\thomaskonstantin\6000-children-and-teen-book-covers\versions\1\BookCovers\child-of-st-kilda.jpg
children-of-blood-and-bone,C:\Users\HP USER\.cache\kagglehub\datasets\thomaskonstantin\6000-children-and-teen-book-covers\versions\1\BookCovers\children-of-blood-and-bone.jpg
childrens-activity-atlas,C:\Users\HP USER\.cache\kagglehub\datasets\thomaskonstantin\6000-children-and-teen-book-covers\versions\1\BookCovers\childrens-activity-atlas.jpg
childrensmelledrat,C:\Users\HP USER\.cache\kagglehub\datasets\thomaskonstantin\6000-children-and-teen-book-covers\versions\1\BookCovers\childrensmelledrat.jpg
childx,C:\Users\HP USER\.cache\kagglehub\datasets\thomaskonstantin\6000-children-and-teen-book-covers\versions\1\BookCovers\childx.jpg
chimee,C:\Users\HP USER\.cache\kagglehub\datasets\thomaskonstantin\6000-children-and-teen-book-covers\versions\1\BookCovers\chimee.jpg
chimp-and-zee-and-the-big-storm,C:\Users\HP USER\.cache\kagglehub\datasets\thomaskonstantin\6000-children-and-teen-book-covers\versions\1\BookCovers\chimp-and-zee-and-the-big-storm.jpg
chimp-and-zee-s-first-words-and-pictures,C:\Users\HP USER\.cache\kagglehub\datasets\thomaskonstantin\6000-children-and-teen-book-covers\versions\1\BookCovers\chimp-and-zee-s-first-words-and-pictures.jpg
chimp-and-zee,C:\Users\HP USER\.cache\kagglehub\datasets\thomaskonstantin\6000-children-and-teen-book-covers\versions\1\BookCovers\chimp-and-zee.jpg
chinglish,C:\Users\HP USER\.cache\kagglehub\datasets\thomaskonstantin\6000-children-and-teen-book-covers\versions\1\BookCovers\chinglish.jpg
chips-beans-and-limousines,C:\Users\HP USER\.cache\kagglehub\datasets\thomaskonstantin\6000-children-and-teen-book-covers\versions\1\BookCovers\chips-beans-and-limousines.jpg
chocmoussegreedygoose,C:\Users\HP USER\.cache\kagglehub\datasets\thomaskonstantin\6000-children-and-teen-book-covers\versions\1\BookCovers\chocmoussegreedygoose.jpg
choo-choo,C:\Users\HP USER\.cache\kagglehub\datasets\thomaskonstantin\6000-children-and-teen-book-covers\versions\1\BookCovers\choo-choo.jpg
choosing-crumble,C:\Users\HP USER\.cache\kagglehub\datasets\thomaskonstantin\6000-children-and-teen-book-covers\versions\1\BookCovers\choosing-crumble.jpg
chris-riddell-s-doodle-a-day,C:\Users\HP USER\.cache\kagglehub\datasets\thomaskonstantin\6000-children-and-teen-book-covers\versions\1\BookCovers\chris-riddell-s-doodle-a-day.jpg
christmas-dinner-of-souls,C:\Users\HP USER\.cache\kagglehub\datasets\thomaskonstantin\6000-children-and-teen-book-covers\versions\1\BookCovers\christmas-dinner-of-souls.jpg
christmas-eve-at-the-mellops,C:\Users\HP USER\.cache\kagglehub\datasets\thomaskonstantin\6000-children-and-teen-book-covers\versions\1\BookCovers\christmas-eve-at-the-mellops.jpg
christmas-lights,C:\Users\HP USER\.cache\kagglehub\datasets\thomaskonstantin\6000-children-and-teen-book-covers\versions\1\BookCovers\christmas-lights.jpg
christmas-with-princess-mirror-belle,C:\Users\HP USER\.cache\kagglehub\datasets\thomaskonstantin\6000-children-and-teen-book-covers\versions\1\BookCovers\christmas-with-princess-mirror-belle.jpg
christmas,C:\Users\HP USER\.cache\kagglehub\datasets\thomaskonstantin\6000-children-and-teen-book-covers\versions\1\BookCovers\christmas.jpg
christopher-nibble,C:\Users\HP USER\.cache\kagglehub\datasets\thomaskonstantin\6000-children-and-teen-book-covers\versions\1\BookCovers\christopher-nibble.jpg
chus-first-day-at-school,C:\Users\HP USER\.cache\kagglehub\datasets\thomaskonstantin\6000-children-and-teen-book-covers\versions\1\BookCovers\chus-first-day-at-school.jpg
cinderella-of-the-nile,C:\Users\HP USER\.cache\kagglehub\datasets\thomaskonstantin\6000-children-and-teen-book-covers\versions\1\BookCovers\cinderella-of-the-nile.jpg
cinderella-s-sister,C:\Users\HP USER\.cache\kagglehub\datasets\thomaskonstantin\6000-children-and-teen-book-covers\versions\1\BookCovers\cinderella-s-sister.jpg
cinderella-the-fairytale-files,C:\Users\HP USER\.cache\kagglehub\datasets\thomaskonstantin\6000-children-and-teen-book-covers\versions\1\BookCovers\cinderella-the-fairytale-files.jpg
cinnamon,C:\Users\HP USER\.cache\kagglehub\datasets\thomaskonstantin\6000-children-and-teen-book-covers\versions\1\BookCovers\cinnamon.jpg
circle-rolls,C:\Users\HP USER\.cache\kagglehub\datasets\thomaskonstantin\6000-children-and-teen-book-covers\versions\1\BookCovers\circle-rolls.jpg
circle,C:\Users\HP USER\.cache\kagglehub\datasets\thomaskonstantin\6000-children-and-teen-book-covers\versions\1\BookCovers\circle.jpg
city-of-ashes,C:\Users\HP USER\.cache\kagglehub\datasets\thomaskonstantin\6000-children-and-teen-book-covers\versions\1\BookCovers\city-of-ashes.jpg
city-of-ghosts,C:\Users\HP USER\.cache\kagglehub\datasets\thomaskonstantin\6000-children-and-teen-book-covers\versions\1\BookCovers\city-of-ghosts.jpg
city-of-ghosts2,C:\Users\HP USER\.cache\kagglehub\datasets\thomaskonstantin\6000-children-and-teen-book-covers\versions\1\BookCovers\city-of-ghosts2.jpg
city-of-rust,C:\Users\HP USER\.cache\kagglehub\datasets\thomaskonstantin\6000-children-and-teen-book-covers\versions\1\BookCovers\city-of-rust.jpg
city-ofbones,C:\Users\HP USER\.cache\kagglehub\datasets\thomaskonstantin\6000-children-and-teen-book-covers\versions\1\BookCovers\city-ofbones.jpg
cl-tomato,C:\Users\HP USER\.cache\kagglehub\datasets\thomaskonstantin\6000-children-and-teen-book-covers\versions\1\BookCovers\cl-tomato.jpg
claire-justice-ninja,C:\Users\HP USER\.cache\kagglehub\datasets\thomaskonstantin\6000-children-and-teen-book-covers\versions\1\BookCovers\claire-justice-ninja.jpg
clare-and-her-captain,C:\Users\HP USER\.cache\kagglehub\datasets\thomaskonstantin\6000-children-and-teen-book-covers\versions\1\BookCovers\clare-and-her-captain.jpg
clarice-bean-don-t-look-now,C:\Users\HP USER\.cache\kagglehub\datasets\thomaskonstantin\6000-children-and-teen-book-covers\versions\1\BookCovers\clarice-bean-don-t-look-now.jpg
class-six-and-the-eel-of-fortune,C:\Users\HP USER\.cache\kagglehub\datasets\thomaskonstantin\6000-children-and-teen-book-covers\versions\1\BookCovers\class-six-and-the-eel-of-fortune.jpg
class-two-at-the-zoo,C:\Users\HP USER\.cache\kagglehub\datasets\thomaskonstantin\6000-children-and-teen-book-covers\versions\1\BookCovers\class-two-at-the-zoo.jpg
claude-all-at-sea,C:\Users\HP USER\.cache\kagglehub\datasets\thomaskonstantin\6000-children-and-teen-book-covers\versions\1\BookCovers\claude-all-at-sea.jpg
claude-going-for-gold,C:\Users\HP USER\.cache\kagglehub\datasets\thomaskonstantin\6000-children-and-teen-book-covers\versions\1\BookCovers\claude-going-for-gold.jpg
claude-in-the-city,C:\Users\HP USER\.cache\kagglehub\datasets\thomaskonstantin\6000-children-and-teen-book-covers\versions\1\BookCovers\claude-in-the-city.jpg
clawstone,C:\Users\HP USER\.cache\kagglehub\datasets\thomaskonstantin\6000-children-and-teen-book-covers\versions\1\BookCovers\clawstone.jpg
clayy,C:\Users\HP USER\.cache\kagglehub\datasets\thomaskonstantin\6000-children-and-teen-book-covers\versions\1\BookCovers\clayy.jpg
clean-getaway,C:\Users\HP USER\.cache\kagglehub\datasets\thomaskonstantin\6000-children-and-teen-book-covers\versions\1\BookCovers\clean-getaway.jpg
clean-up,C:\Users\HP USER\.cache\kagglehub\datasets\thomaskonstantin\6000-children-and-teen-book-covers\versions\1\BookCovers\clean-up.jpg
clem-and-crab,C:\Users\HP USER\.cache\kagglehub\datasets\thomaskonstantin\6000-children-and-teen-book-covers\versions\1\BookCovers\clem-and-crab.jpg
clementine-and-mungo,C:\Users\HP USER\.cache\kagglehub\datasets\thomaskonstantin\6000-children-and-teen-book-covers\versions\1\BookCovers\clementine-and-mungo.jpg
cleo-s-counting-pb,C:\Users\HP USER\.cache\kagglehub\datasets\thomaskonstantin\6000-children-and-teen-book-covers\versions\1\BookCovers\cleo-s-counting-pb.jpg
cleoabc,C:\Users\HP USER\.cache\kagglehub\datasets\thomaskonstantin\6000-children-and-teen-book-covers\versions\1\BookCovers\cleoabc.jpg
cliffhangerr,C:\Users\HP USER\.cache\kagglehub\datasets\thomaskonstantin\6000-children-and-teen-book-covers\versions\1\BookCovers\cliffhangerr.jpg
clifftoppers-the-arrowhead-moor-adventure,C:\Users\HP USER\.cache\kagglehub\datasets\thomaskonstantin\6000-children-and-teen-book-covers\versions\1\BookCovers\clifftoppers-the-arrowhead-moor-adventure.jpg
climate-rebels,C:\Users\HP USER\.cache\kagglehub\datasets\thomaskonstantin\6000-children-and-teen-book-covers\versions\1\BookCovers\climate-rebels.jpg
clive-and-his-hats,C:\Users\HP USER\.cache\kagglehub\datasets\thomaskonstantin\6000-children-and-teen-book-covers\versions\1\BookCovers\clive-and-his-hats.jpg
clockwork,C:\Users\HP USER\.cache\kagglehub\datasets\thomaskonstantin\6000-children-and-teen-book-covers\versions\1\BookCovers\clockwork.jpg
cloth-lullaby,C:\Users\HP USER\.cache\kagglehub\datasets\thomaskonstantin\6000-children-and-teen-book-covers\versions\1\BookCovers\cloth-lullaby.jpg
cloud-boy,C:\Users\HP USER\.cache\kagglehub\datasets\thomaskonstantin\6000-children-and-teen-book-covers\versions\1\BookCovers\cloud-boy.jpg
cloud-busting,C:\Users\HP USER\.cache\kagglehub\datasets\thomaskonstantin\6000-children-and-teen-book-covers\versions\1\BookCovers\cloud-busting.jpg
cloud-forest,C:\Users\HP USER\.cache\kagglehub\datasets\thomaskonstantin\6000-children-and-teen-book-covers\versions\1\BookCovers\cloud-forest.jpg
cloudland,C:\Users\HP USER\.cache\kagglehub\datasets\thomaskonstantin\6000-children-and-teen-book-covers\versions\1\BookCovers\cloudland.jpg
clover-moon,C:\Users\HP USER\.cache\kagglehub\datasets\thomaskonstantin\6000-children-and-teen-book-covers\versions\1\BookCovers\clover-moon.jpg
cock-a-doodle-doo-farmyard-hullabaloo,C:\Users\HP USER\.cache\kagglehub\datasets\thomaskonstantin\6000-children-and-teen-book-covers\versions\1\BookCovers\cock-a-doodle-doo-farmyard-hullabaloo.jpg
cockatoos,C:\Users\HP USER\.cache\kagglehub\datasets\thomaskonstantin\6000-children-and-teen-book-covers\versions\1\BookCovers\cockatoos.jpg
code-name-verityv,C:\Users\HP USER\.cache\kagglehub\datasets\thomaskonstantin\6000-children-and-teen-book-covers\versions\1\BookCovers\code-name-verityv.jpg
codebusters,C:\Users\HP USER\.cache\kagglehub\datasets\thomaskonstantin\6000-children-and-teen-book-covers\versions\1\BookCovers\codebusters.jpg
cogheart,C:\Users\HP USER\.cache\kagglehub\datasets\thomaskonstantin\6000-children-and-teen-book-covers\versions\1\BookCovers\cogheart.jpg
coldest,C:\Users\HP USER\.cache\kagglehub\datasets\thomaskonstantin\6000-children-and-teen-book-covers\versions\1\BookCovers\coldest.jpg
colin-and-lee-carrot-and-pea,C:\Users\HP USER\.cache\kagglehub\datasets\thomaskonstantin\6000-children-and-teen-book-covers\versions\1\BookCovers\colin-and-lee-carrot-and-pea.jpg
collins-pocket-dictionary,C:\Users\HP USER\.cache\kagglehub\datasets\thomaskonstantin\6000-children-and-teen-book-covers\versions\1\BookCovers\collins-pocket-dictionary.jpg
collins-world-atlas,C:\Users\HP USER\.cache\kagglehub\datasets\thomaskonstantin\6000-children-and-teen-book-covers\versions\1\BookCovers\collins-world-atlas.jpg
colour-away-your-worries,C:\Users\HP USER\.cache\kagglehub\datasets\thomaskonstantin\6000-children-and-teen-book-covers\versions\1\BookCovers\colour-away-your-worries.jpg
colours,C:\Users\HP USER\.cache\kagglehub\datasets\thomaskonstantin\6000-children-and-teen-book-covers\versions\1\BookCovers\colours.jpg
colourswalkincountry,C:\Users\HP USER\.cache\kagglehub\datasets\thomaskonstantin\6000-children-and-teen-book-covers\versions\1\BookCovers\colourswalkincountry.jpg
colourthief,C:\Users\HP USER\.cache\kagglehub\datasets\thomaskonstantin\6000-children-and-teen-book-covers\versions\1\BookCovers\colourthief.jpg
come-all-you-little-persons,C:\Users\HP USER\.cache\kagglehub\datasets\thomaskonstantin\6000-children-and-teen-book-covers\versions\1\BookCovers\come-all-you-little-persons.jpg
come-away-from-the-water-shirley,C:\Users\HP USER\.cache\kagglehub\datasets\thomaskonstantin\6000-children-and-teen-book-covers\versions\1\BookCovers\come-away-from-the-water-shirley.jpg
come-clean,C:\Users\HP USER\.cache\kagglehub\datasets\thomaskonstantin\6000-children-and-teen-book-covers\versions\1\BookCovers\come-clean.jpg
come-on-life,C:\Users\HP USER\.cache\kagglehub\datasets\thomaskonstantin\6000-children-and-teen-book-covers\versions\1\BookCovers\come-on-life.jpg
comic-adventures-b,C:\Users\HP USER\.cache\kagglehub\datasets\thomaskonstantin\6000-children-and-teen-book-covers\versions\1\BookCovers\comic-adventures-b.jpg
coming-to-england,C:\Users\HP USER\.cache\kagglehub\datasets\thomaskonstantin\6000-children-and-teen-book-covers\versions\1\BookCovers\coming-to-england.jpg
complete-short-fiction,C:\Users\HP USER\.cache\kagglehub\datasets\thomaskonstantin\6000-children-and-teen-book-covers\versions\1\BookCovers\complete-short-fiction.jpg
compton-valance,C:\Users\HP USER\.cache\kagglehub\datasets\thomaskonstantin\6000-children-and-teen-book-covers\versions\1\BookCovers\compton-valance.jpg
computer-ghost,C:\Users\HP USER\.cache\kagglehub\datasets\thomaskonstantin\6000-children-and-teen-book-covers\versions\1\BookCovers\computer-ghost.jpg
concentr8s,C:\Users\HP USER\.cache\kagglehub\datasets\thomaskonstantin\6000-children-and-teen-book-covers\versions\1\BookCovers\concentr8s.jpg
confessions-of-an-imaginary-friend,C:\Users\HP USER\.cache\kagglehub\datasets\thomaskonstantin\6000-children-and-teen-book-covers\versions\1\BookCovers\confessions-of-an-imaginary-friend.jpg
conquests,C:\Users\HP USER\.cache\kagglehub\datasets\thomaskonstantin\6000-children-and-teen-book-covers\versions\1\BookCovers\conquests.jpg
conspiracy-girl,C:\Users\HP USER\.cache\kagglehub\datasets\thomaskonstantin\6000-children-and-teen-book-covers\versions\1\BookCovers\conspiracy-girl.jpg
construction-vehicles,C:\Users\HP USER\.cache\kagglehub\datasets\thomaskonstantin\6000-children-and-teen-book-covers\versions\1\BookCovers\construction-vehicles.jpg
contender-the-chosen,C:\Users\HP USER\.cache\kagglehub\datasets\thomaskonstantin\6000-children-and-teen-book-covers\versions\1\BookCovers\contender-the-chosen.jpg
conversion,C:\Users\HP USER\.cache\kagglehub\datasets\thomaskonstantin\6000-children-and-teen-book-covers\versions\1\BookCovers\conversion.jpg
cookie,C:\Users\HP USER\.cache\kagglehub\datasets\thomaskonstantin\6000-children-and-teen-book-covers\versions\1\BookCovers\cookie.jpg
cool-nature,C:\Users\HP USER\.cache\kagglehub\datasets\thomaskonstantin\6000-children-and-teen-book-covers\versions\1\BookCovers\cool-nature.jpg
coping-with-chloe,C:\Users\HP USER\.cache\kagglehub\datasets\thomaskonstantin\6000-children-and-teen-book-covers\versions\1\BookCovers\coping-with-chloe.jpg
copycat-science,C:\Users\HP USER\.cache\kagglehub\datasets\thomaskonstantin\6000-children-and-teen-book-covers\versions\1\BookCovers\copycat-science.jpg
coraline-,C:\Users\HP USER\.cache\kagglehub\datasets\thomaskonstantin\6000-children-and-teen-book-covers\versions\1\BookCovers\coraline-.jpg
coram-boys,C:\Users\HP USER\.cache\kagglehub\datasets\thomaskonstantin\6000-children-and-teen-book-covers\versions\1\BookCovers\coram-boys.jpg
corby-flood,C:\Users\HP USER\.cache\kagglehub\datasets\thomaskonstantin\6000-children-and-teen-book-covers\versions\1\BookCovers\corby-flood.jpg
coreys-rock,C:\Users\HP USER\.cache\kagglehub\datasets\thomaskonstantin\6000-children-and-teen-book-covers\versions\1\BookCovers\coreys-rock.jpg
cornelia-and-the-jungle-machine,C:\Users\HP USER\.cache\kagglehub\datasets\thomaskonstantin\6000-children-and-teen-book-covers\versions\1\BookCovers\cornelia-and-the-jungle-machine.jpg
corpse-talk---ground-breaking-women,C:\Users\HP USER\.cache\kagglehub\datasets\thomaskonstantin\6000-children-and-teen-book-covers\versions\1\BookCovers\corpse-talk---ground-breaking-women.jpg
corpse-talk-ground-breaking-scientists,C:\Users\HP USER\.cache\kagglehub\datasets\thomaskonstantin\6000-children-and-teen-book-covers\versions\1\BookCovers\corpse-talk-ground-breaking-scientists.jpg
corpse-talk-season-1,C:\Users\HP USER\.cache\kagglehub\datasets\thomaskonstantin\6000-children-and-teen-book-covers\versions\1\BookCovers\corpse-talk-season-1.jpg
cosmic-,C:\Users\HP USER\.cache\kagglehub\datasets\thomaskonstantin\6000-children-and-teen-book-covers\versions\1\BookCovers\cosmic-.jpg
cosmic-disco,C:\Users\HP USER\.cache\kagglehub\datasets\thomaskonstantin\6000-children-and-teen-book-covers\versions\1\BookCovers\cosmic-disco.jpg
could-a-whale-swim-to-the-moon,C:\Users\HP USER\.cache\kagglehub\datasets\thomaskonstantin\6000-children-and-teen-book-covers\versions\1\BookCovers\could-a-whale-swim-to-the-moon.jpg
count-to-100,C:\Users\HP USER\.cache\kagglehub\datasets\thomaskonstantin\6000-children-and-teen-book-covers\versions\1\BookCovers\count-to-100.jpg
count-with-little-fish,C:\Users\HP USER\.cache\kagglehub\datasets\thomaskonstantin\6000-children-and-teen-book-covers\versions\1\BookCovers\count-with-little-fish.jpg
count-with-maisy,C:\Users\HP USER\.cache\kagglehub\datasets\thomaskonstantin\6000-children-and-teen-book-covers\versions\1\BookCovers\count-with-maisy.jpg
counting-birds,C:\Users\HP USER\.cache\kagglehub\datasets\thomaskonstantin\6000-children-and-teen-book-covers\versions\1\BookCovers\counting-birds.jpg
counting-by-7s,C:\Users\HP USER\.cache\kagglehub\datasets\thomaskonstantin\6000-children-and-teen-book-covers\versions\1\BookCovers\counting-by-7s.jpg
counting-chickens,C:\Users\HP USER\.cache\kagglehub\datasets\thomaskonstantin\6000-children-and-teen-book-covers\versions\1\BookCovers\counting-chickens.jpg
counting-on-katherine,C:\Users\HP USER\.cache\kagglehub\datasets\thomaskonstantin\6000-children-and-teen-book-covers\versions\1\BookCovers\counting-on-katherine.jpg
counting-with-a-ladybird,C:\Users\HP USER\.cache\kagglehub\datasets\thomaskonstantin\6000-children-and-teen-book-covers\versions\1\BookCovers\counting-with-a-ladybird.jpg
countingstars,C:\Users\HP USER\.cache\kagglehub\datasets\thomaskonstantin\6000-children-and-teen-book-covers\versions\1\BookCovers\countingstars.jpg
countingwithtinycat,C:\Users\HP USER\.cache\kagglehub\datasets\thomaskonstantin\6000-children-and-teen-book-covers\versions\1\BookCovers\countingwithtinycat.jpg
courtney,C:\Users\HP USER\.cache\kagglehub\datasets\thomaskonstantin\6000-children-and-teen-book-covers\versions\1\BookCovers\courtney.jpg
cover-1-,C:\Users\HP USER\.cache\kagglehub\datasets\thomaskonstantin\6000-children-and-teen-book-covers\versions\1\BookCovers\cover-1-.jpg
cover-boffin-boy-and-the-poison-garden,C:\Users\HP USER\.cache\kagglehub\datasets\thomaskonstantin\6000-children-and-teen-book-covers\versions\1\BookCovers\cover-boffin-boy-and-the-poison-garden.jpg
cover-high-res,C:\Users\HP USER\.cache\kagglehub\datasets\thomaskonstantin\6000-children-and-teen-book-covers\versions\1\BookCovers\cover-high-res.jpg
cover-image,C:\Users\HP USER\.cache\kagglehub\datasets\thomaskonstantin\6000-children-and-teen-book-covers\versions\1\BookCovers\cover-image.jpg
cover,C:\Users\HP USER\.cache\kagglehub\datasets\thomaskonstantin\6000-children-and-teen-book-covers\versions\1\BookCovers\cover.jpg
cowards-,C:\Users\HP USER\.cache\kagglehub\datasets\thomaskonstantin\6000-children-and-teen-book-covers\versions\1\BookCovers\cowards-.jpg
coyote-summer,C:\Users\HP USER\.cache\kagglehub\datasets\thomaskonstantin\6000-children-and-teen-book-covers\versions\1\BookCovers\coyote-summer.jpg
crater-lake,C:\Users\HP USER\.cache\kagglehub\datasets\thomaskonstantin\6000-children-and-teen-book-covers\versions\1\BookCovers\crater-lake.jpg
crayon,C:\Users\HP USER\.cache\kagglehub\datasets\thomaskonstantin\6000-children-and-teen-book-covers\versions\1\BookCovers\crayon.jpg
crazy-about-cats,C:\Users\HP USER\.cache\kagglehub\datasets\thomaskonstantin\6000-children-and-teen-book-covers\versions\1\BookCovers\crazy-about-cats.jpg
crazy-classrooms,C:\Users\HP USER\.cache\kagglehub\datasets\thomaskonstantin\6000-children-and-teen-book-covers\versions\1\BookCovers\crazy-classrooms.jpg
crazy-hair,C:\Users\HP USER\.cache\kagglehub\datasets\thomaskonstantin\6000-children-and-teen-book-covers\versions\1\BookCovers\crazy-hair.jpg
crazy,C:\Users\HP USER\.cache\kagglehub\datasets\thomaskonstantin\6000-children-and-teen-book-covers\versions\1\BookCovers\crazy.jpg
creature-features-dinosaurs,C:\Users\HP USER\.cache\kagglehub\datasets\thomaskonstantin\6000-children-and-teen-book-covers\versions\1\BookCovers\creature-features-dinosaurs.jpg
creature-features-oceans,C:\Users\HP USER\.cache\kagglehub\datasets\thomaskonstantin\6000-children-and-teen-book-covers\versions\1\BookCovers\creature-features-oceans.jpg
creature-features,C:\Users\HP USER\.cache\kagglehub\datasets\thomaskonstantin\6000-children-and-teen-book-covers\versions\1\BookCovers\creature-features.jpg
creature-of-the-night,C:\Users\HP USER\.cache\kagglehub\datasets\thomaskonstantin\6000-children-and-teen-book-covers\versions\1\BookCovers\creature-of-the-night.jpg
creaturepedia,C:\Users\HP USER\.cache\kagglehub\datasets\thomaskonstantin\6000-children-and-teen-book-covers\versions\1\BookCovers\creaturepedia.jpg
crescent-moons-and-pointed-minarets,C:\Users\HP USER\.cache\kagglehub\datasets\thomaskonstantin\6000-children-and-teen-book-covers\versions\1\BookCovers\crescent-moons-and-pointed-minarets.jpg
cress,C:\Users\HP USER\.cache\kagglehub\datasets\thomaskonstantin\6000-children-and-teen-book-covers\versions\1\BookCovers\cress.jpg
crimson-poison,C:\Users\HP USER\.cache\kagglehub\datasets\thomaskonstantin\6000-children-and-teen-book-covers\versions\1\BookCovers\crimson-poison.jpg
crisps,C:\Users\HP USER\.cache\kagglehub\datasets\thomaskonstantin\6000-children-and-teen-book-covers\versions\1\BookCovers\crisps.jpg
croc,C:\Users\HP USER\.cache\kagglehub\datasets\thomaskonstantin\6000-children-and-teen-book-covers\versions\1\BookCovers\croc.jpg
crocodile-tearsz,C:\Users\HP USER\.cache\kagglehub\datasets\thomaskonstantin\6000-children-and-teen-book-covers\versions\1\BookCovers\crocodile-tearsz.jpg
crocodilewhodidnt,C:\Users\HP USER\.cache\kagglehub\datasets\thomaskonstantin\6000-children-and-teen-book-covers\versions\1\BookCovers\crocodilewhodidnt.jpg
crongton-knights,C:\Users\HP USER\.cache\kagglehub\datasets\thomaskonstantin\6000-children-and-teen-book-covers\versions\1\BookCovers\crongton-knights.jpg
crow-moon,C:\Users\HP USER\.cache\kagglehub\datasets\thomaskonstantin\6000-children-and-teen-book-covers\versions\1\BookCovers\crow-moon.jpg
crow-s-tale,C:\Users\HP USER\.cache\kagglehub\datasets\thomaskonstantin\6000-children-and-teen-book-covers\versions\1\BookCovers\crow-s-tale.jpg
crowns-and-codebreakers,C:\Users\HP USER\.cache\kagglehub\datasets\thomaskonstantin\6000-children-and-teen-book-covers\versions\1\BookCovers\crowns-and-codebreakers.jpg
cruel-summer-juno-dawson,C:\Users\HP USER\.cache\kagglehub\datasets\thomaskonstantin\6000-children-and-teen-book-covers\versions\1\BookCovers\cruel-summer-juno-dawson.jpg
crusade-,C:\Users\HP USER\.cache\kagglehub\datasets\thomaskonstantin\6000-children-and-teen-book-covers\versions\1\BookCovers\crusade-.jpg
crusade,C:\Users\HP USER\.cache\kagglehub\datasets\thomaskonstantin\6000-children-and-teen-book-covers\versions\1\BookCovers\crusade.jpg
crush-svetlana-chmakova,C:\Users\HP USER\.cache\kagglehub\datasets\thomaskonstantin\6000-children-and-teen-book-covers\versions\1\BookCovers\crush-svetlana-chmakova.jpg
crush,C:\Users\HP USER\.cache\kagglehub\datasets\thomaskonstantin\6000-children-and-teen-book-covers\versions\1\BookCovers\crush.jpg
crushers,C:\Users\HP USER\.cache\kagglehub\datasets\thomaskonstantin\6000-children-and-teen-book-covers\versions\1\BookCovers\crushers.jpg
cuchoo-song,C:\Users\HP USER\.cache\kagglehub\datasets\thomaskonstantin\6000-children-and-teen-book-covers\versions\1\BookCovers\cuchoo-song.jpg
curiosity-house,C:\Users\HP USER\.cache\kagglehub\datasets\thomaskonstantin\6000-children-and-teen-book-covers\versions\1\BookCovers\curiosity-house.jpg
curiousincident,C:\Users\HP USER\.cache\kagglehub\datasets\thomaskonstantin\6000-children-and-teen-book-covers\versions\1\BookCovers\curiousincident.jpg
curse-of-the-werewolf-boy,C:\Users\HP USER\.cache\kagglehub\datasets\thomaskonstantin\6000-children-and-teen-book-covers\versions\1\BookCovers\curse-of-the-werewolf-boy.jpg
cutting-and-sticking,C:\Users\HP USER\.cache\kagglehub\datasets\thomaskonstantin\6000-children-and-teen-book-covers\versions\1\BookCovers\cutting-and-sticking.jpg
cvr-300dpi-,C:\Users\HP USER\.cache\kagglehub\datasets\thomaskonstantin\6000-children-and-teen-book-covers\versions\1\BookCovers\cvr-300dpi-.jpg
cvr,C:\Users\HP USER\.cache\kagglehub\datasets\thomaskonstantin\6000-children-and-teen-book-covers\versions\1\BookCovers\cvr.jpg
cvr300dpi,C:\Users\HP USER\.cache\kagglehub\datasets\thomaskonstantin\6000-children-and-teen-book-covers\versions\1\BookCovers\cvr300dpi.jpg
cyborg-cat-and-the-night-spider,C:\Users\HP USER\.cache\kagglehub\datasets\thomaskonstantin\6000-children-and-teen-book-covers\versions\1\BookCovers\cyborg-cat-and-the-night-spider.jpg
cyborg,C:\Users\HP USER\.cache\kagglehub\datasets\thomaskonstantin\6000-children-and-teen-book-covers\versions\1\BookCovers\cyborg.jpg
cycle-city,C:\Users\HP USER\.cache\kagglehub\datasets\thomaskonstantin\6000-children-and-teen-book-covers\versions\1\BookCovers\cycle-city.jpg
cyfres-maes-y-mes-rhoswen-ar-eira,C:\Users\HP USER\.cache\kagglehub\datasets\thomaskonstantin\6000-children-and-teen-book-covers\versions\1\BookCovers\cyfres-maes-y-mes-rhoswen-ar-eira.jpg
cymro-3,C:\Users\HP USER\.cache\kagglehub\datasets\thomaskonstantin\6000-children-and-teen-book-covers\versions\1\BookCovers\cymro-3.jpg
cyril-and-pat,C:\Users\HP USER\.cache\kagglehub\datasets\thomaskonstantin\6000-children-and-teen-book-covers\versions\1\BookCovers\cyril-and-pat.jpg
cyril-the-lonely-cloud,C:\Users\HP USER\.cache\kagglehub\datasets\thomaskonstantin\6000-children-and-teen-book-covers\versions\1\BookCovers\cyril-the-lonely-cloud.jpg
d1cdb8b0-267c-45f6-b850-24a176c015ea-img100-1-,C:\Users\HP USER\.cache\kagglehub\datasets\thomaskonstantin\6000-children-and-teen-book-covers\versions\1\BookCovers\d1cdb8b0-267c-45f6-b850-24a176c015ea-img100-1-.jpg
d340f618-ed9b-48fc-8aff-6b32b6502aba-img100-1-,C:\Users\HP USER\.cache\kagglehub\datasets\thomaskonstantin\6000-children-and-teen-book-covers\versions\1\BookCovers\d340f618-ed9b-48fc-8aff-6b32b6502aba-img100-1-.jpg
d63d468e-9d2c-4d23-8927-b431edf698ad-img100,C:\Users\HP USER\.cache\kagglehub\datasets\thomaskonstantin\6000-children-and-teen-book-covers\versions\1\BookCovers\d63d468e-9d2c-4d23-8927-b431edf698ad-img100.jpg
dad-used-to-be-so-cool,C:\Users\HP USER\.cache\kagglehub\datasets\thomaskonstantin\6000-children-and-teen-book-covers\versions\1\BookCovers\dad-used-to-be-so-cool.jpg
daddy-do-my-hair-hope,C:\Users\HP USER\.cache\kagglehub\datasets\thomaskonstantin\6000-children-and-teen-book-covers\versions\1\BookCovers\daddy-do-my-hair-hope.jpg
daddy-do-my-hair,C:\Users\HP USER\.cache\kagglehub\datasets\thomaskonstantin\6000-children-and-teen-book-covers\versions\1\BookCovers\daddy-do-my-hair.jpg
daddy-fartypants,C:\Users\HP USER\.cache\kagglehub\datasets\thomaskonstantin\6000-children-and-teen-book-covers\versions\1\BookCovers\daddy-fartypants.jpg
dadsabirdman,C:\Users\HP USER\.cache\kagglehub\datasets\thomaskonstantin\6000-children-and-teen-book-covers\versions\1\BookCovers\dadsabirdman.jpg
daft-bat,C:\Users\HP USER\.cache\kagglehub\datasets\thomaskonstantin\6000-children-and-teen-book-covers\versions\1\BookCovers\daft-bat.jpg
daisy-and-bear,C:\Users\HP USER\.cache\kagglehub\datasets\thomaskonstantin\6000-children-and-teen-book-covers\versions\1\BookCovers\daisy-and-bear.jpg
daisy-darling,C:\Users\HP USER\.cache\kagglehub\datasets\thomaskonstantin\6000-children-and-teen-book-covers\versions\1\BookCovers\daisy-darling.jpg
daisy-fitzjohn,C:\Users\HP USER\.cache\kagglehub\datasets\thomaskonstantin\6000-children-and-teen-book-covers\versions\1\BookCovers\daisy-fitzjohn.jpg
daisy-really-really,C:\Users\HP USER\.cache\kagglehub\datasets\thomaskonstantin\6000-children-and-teen-book-covers\versions\1\BookCovers\daisy-really-really.jpg
daizy-star,C:\Users\HP USER\.cache\kagglehub\datasets\thomaskonstantin\6000-children-and-teen-book-covers\versions\1\BookCovers\daizy-star.jpg
dalmatian-in-a-digger,C:\Users\HP USER\.cache\kagglehub\datasets\thomaskonstantin\6000-children-and-teen-book-covers\versions\1\BookCovers\dalmatian-in-a-digger.jpg
dan-deinosor-patrymau,C:\Users\HP USER\.cache\kagglehub\datasets\thomaskonstantin\6000-children-and-teen-book-covers\versions\1\BookCovers\dan-deinosor-patrymau.jpg
dance-is-for-everyone,C:\Users\HP USER\.cache\kagglehub\datasets\thomaskonstantin\6000-children-and-teen-book-covers\versions\1\BookCovers\dance-is-for-everyone.jpg
dancing-in-my-nuddy-pants,C:\Users\HP USER\.cache\kagglehub\datasets\thomaskonstantin\6000-children-and-teen-book-covers\versions\1\BookCovers\dancing-in-my-nuddy-pants.jpg
dancing-jax,C:\Users\HP USER\.cache\kagglehub\datasets\thomaskonstantin\6000-children-and-teen-book-covers\versions\1\BookCovers\dancing-jax.jpg
dandelion-clocks,C:\Users\HP USER\.cache\kagglehub\datasets\thomaskonstantin\6000-children-and-teen-book-covers\versions\1\BookCovers\dandelion-clocks.jpg
danger-at-donut-diner,C:\Users\HP USER\.cache\kagglehub\datasets\thomaskonstantin\6000-children-and-teen-book-covers\versions\1\BookCovers\danger-at-donut-diner.jpg
danger-really-is-everywhere,C:\Users\HP USER\.cache\kagglehub\datasets\thomaskonstantin\6000-children-and-teen-book-covers\versions\1\BookCovers\danger-really-is-everywhere.jpg
dangerous-lies,C:\Users\HP USER\.cache\kagglehub\datasets\thomaskonstantin\6000-children-and-teen-book-covers\versions\1\BookCovers\dangerous-lies.jpg
dangerous-reality,C:\Users\HP USER\.cache\kagglehub\datasets\thomaskonstantin\6000-children-and-teen-book-covers\versions\1\BookCovers\dangerous-reality.jpg
dangerous,C:\Users\HP USER\.cache\kagglehub\datasets\thomaskonstantin\6000-children-and-teen-book-covers\versions\1\BookCovers\dangerous.jpg
danny-dread,C:\Users\HP USER\.cache\kagglehub\datasets\thomaskonstantin\6000-children-and-teen-book-covers\versions\1\BookCovers\danny-dread.jpg
danny-mcgee-drinks-the-sea,C:\Users\HP USER\.cache\kagglehub\datasets\thomaskonstantin\6000-children-and-teen-book-covers\versions\1\BookCovers\danny-mcgee-drinks-the-sea.jpg
danny,C:\Users\HP USER\.cache\kagglehub\datasets\thomaskonstantin\6000-children-and-teen-book-covers\versions\1\BookCovers\danny.jpg
danza,C:\Users\HP USER\.cache\kagglehub\datasets\thomaskonstantin\6000-children-and-teen-book-covers\versions\1\BookCovers\danza.jpg
dara-palmer-major-drama,C:\Users\HP USER\.cache\kagglehub\datasets\thomaskonstantin\6000-children-and-teen-book-covers\versions\1\BookCovers\dara-palmer-major-drama.jpg
dark-inheritance,C:\Users\HP USER\.cache\kagglehub\datasets\thomaskonstantin\6000-children-and-teen-book-covers\versions\1\BookCovers\dark-inheritance.jpg
dark-lord-2,C:\Users\HP USER\.cache\kagglehub\datasets\thomaskonstantin\6000-children-and-teen-book-covers\versions\1\BookCovers\dark-lord-2.jpg
dark-lord,C:\Users\HP USER\.cache\kagglehub\datasets\thomaskonstantin\6000-children-and-teen-book-covers\versions\1\BookCovers\dark-lord.jpg
dark-ride,C:\Users\HP USER\.cache\kagglehub\datasets\thomaskonstantin\6000-children-and-teen-book-covers\versions\1\BookCovers\dark-ride.jpg
darkest-part-of-the-forest,C:\Users\HP USER\.cache\kagglehub\datasets\thomaskonstantin\6000-children-and-teen-book-covers\versions\1\BookCovers\darkest-part-of-the-forest.jpg
darkinsidee,C:\Users\HP USER\.cache\kagglehub\datasets\thomaskonstantin\6000-children-and-teen-book-covers\versions\1\BookCovers\darkinsidee.jpg
darkisrising,C:\Users\HP USER\.cache\kagglehub\datasets\thomaskonstantin\6000-children-and-teen-book-covers\versions\1\BookCovers\darkisrising.jpg
darkmere,C:\Users\HP USER\.cache\kagglehub\datasets\thomaskonstantin\6000-children-and-teen-book-covers\versions\1\BookCovers\darkmere.jpg
darkmouth,C:\Users\HP USER\.cache\kagglehub\datasets\thomaskonstantin\6000-children-and-teen-book-covers\versions\1\BookCovers\darkmouth.jpg
darwins-dragons,C:\Users\HP USER\.cache\kagglehub\datasets\thomaskonstantin\6000-children-and-teen-book-covers\versions\1\BookCovers\darwins-dragons.jpg
dau-mewn-cae,C:\Users\HP USER\.cache\kagglehub\datasets\thomaskonstantin\6000-children-and-teen-book-covers\versions\1\BookCovers\dau-mewn-cae.jpg
daughter-of-fire-and-ice,C:\Users\HP USER\.cache\kagglehub\datasets\thomaskonstantin\6000-children-and-teen-book-covers\versions\1\BookCovers\daughter-of-fire-and-ice.jpg
dave-and-the-tooth-fairy,C:\Users\HP USER\.cache\kagglehub\datasets\thomaskonstantin\6000-children-and-teen-book-covers\versions\1\BookCovers\dave-and-the-tooth-fairy.jpg
dave-pigeon-nuggets,C:\Users\HP USER\.cache\kagglehub\datasets\thomaskonstantin\6000-children-and-teen-book-covers\versions\1\BookCovers\dave-pigeon-nuggets.jpg
dave-pigeon-racer,C:\Users\HP USER\.cache\kagglehub\datasets\thomaskonstantin\6000-children-and-teen-book-covers\versions\1\BookCovers\dave-pigeon-racer.jpg
dave-pigeon-royal-coo,C:\Users\HP USER\.cache\kagglehub\datasets\thomaskonstantin\6000-children-and-teen-book-covers\versions\1\BookCovers\dave-pigeon-royal-coo.jpg
dave-pigeon,C:\Users\HP USER\.cache\kagglehub\datasets\thomaskonstantin\6000-children-and-teen-book-covers\versions\1\BookCovers\dave-pigeon.jpg
dave-s-cave,C:\Users\HP USER\.cache\kagglehub\datasets\thomaskonstantin\6000-children-and-teen-book-covers\versions\1\BookCovers\dave-s-cave.jpg
dave-s-rock,C:\Users\HP USER\.cache\kagglehub\datasets\thomaskonstantin\6000-children-and-teen-book-covers\versions\1\BookCovers\dave-s-rock.jpg
dave-the-lonely-monster,C:\Users\HP USER\.cache\kagglehub\datasets\thomaskonstantin\6000-children-and-teen-book-covers\versions\1\BookCovers\dave-the-lonely-monster.jpg
david-roberts-delightfully-different-fairy-tales,C:\Users\HP USER\.cache\kagglehub\datasets\thomaskonstantin\6000-children-and-teen-book-covers\versions\1\BookCovers\david-roberts-delightfully-different-fairy-tales.jpg
david,C:\Users\HP USER\.cache\kagglehub\datasets\thomaskonstantin\6000-children-and-teen-book-covers\versions\1\BookCovers\david.jpg
dawn-chorus,C:\Users\HP USER\.cache\kagglehub\datasets\thomaskonstantin\6000-children-and-teen-book-covers\versions\1\BookCovers\dawn-chorus.jpg
day-of-deliverance,C:\Users\HP USER\.cache\kagglehub\datasets\thomaskonstantin\6000-children-and-teen-book-covers\versions\1\BookCovers\day-of-deliverance.jpg
day-of-the-dinosaurs,C:\Users\HP USER\.cache\kagglehub\datasets\thomaskonstantin\6000-children-and-teen-book-covers\versions\1\BookCovers\day-of-the-dinosaurs.jpg
daydreams-and-diaries,C:\Users\HP USER\.cache\kagglehub\datasets\thomaskonstantin\6000-children-and-teen-book-covers\versions\1\BookCovers\daydreams-and-diaries.jpg
dc29fc72-f99d-41a0-9a62-95e6a31d041f-img100,C:\Users\HP USER\.cache\kagglehub\datasets\thomaskonstantin\6000-children-and-teen-book-covers\versions\1\BookCovers\dc29fc72-f99d-41a0-9a62-95e6a31d041f-img100.jpg
dead-end-kids,C:\Users\HP USER\.cache\kagglehub\datasets\thomaskonstantin\6000-children-and-teen-book-covers\versions\1\BookCovers\dead-end-kids.jpg
dead-ends,C:\Users\HP USER\.cache\kagglehub\datasets\thomaskonstantin\6000-children-and-teen-book-covers\versions\1\BookCovers\dead-ends.jpg
dead-or-alive,C:\Users\HP USER\.cache\kagglehub\datasets\thomaskonstantin\6000-children-and-teen-book-covers\versions\1\BookCovers\dead-or-alive.jpg
deadgorgeous,C:\Users\HP USER\.cache\kagglehub\datasets\thomaskonstantin\6000-children-and-teen-book-covers\versions\1\BookCovers\deadgorgeous.jpg
deadly-,C:\Users\HP USER\.cache\kagglehub\datasets\thomaskonstantin\6000-children-and-teen-book-covers\versions\1\BookCovers\deadly-.jpg
deadly-letter,C:\Users\HP USER\.cache\kagglehub\datasets\thomaskonstantin\6000-children-and-teen-book-covers\versions\1\BookCovers\deadly-letter.jpg
deadly-seven,C:\Users\HP USER\.cache\kagglehub\datasets\thomaskonstantin\6000-children-and-teen-book-covers\versions\1\BookCovers\deadly-seven.jpg
deadlydare,C:\Users\HP USER\.cache\kagglehub\datasets\thomaskonstantin\6000-children-and-teen-book-covers\versions\1\BookCovers\deadlydare.jpg
dear-bunny,C:\Users\HP USER\.cache\kagglehub\datasets\thomaskonstantin\6000-children-and-teen-book-covers\versions\1\BookCovers\dear-bunny.jpg
dear-dinosaur,C:\Users\HP USER\.cache\kagglehub\datasets\thomaskonstantin\6000-children-and-teen-book-covers\versions\1\BookCovers\dear-dinosaur.jpg
dear-greenpeace,C:\Users\HP USER\.cache\kagglehub\datasets\thomaskonstantin\6000-children-and-teen-book-covers\versions\1\BookCovers\dear-greenpeace.jpg
dear-hound,C:\Users\HP USER\.cache\kagglehub\datasets\thomaskonstantin\6000-children-and-teen-book-covers\versions\1\BookCovers\dear-hound.jpg
dear-jelly,C:\Users\HP USER\.cache\kagglehub\datasets\thomaskonstantin\6000-children-and-teen-book-covers\versions\1\BookCovers\dear-jelly.jpg
dear-tooth-fairy,C:\Users\HP USER\.cache\kagglehub\datasets\thomaskonstantin\6000-children-and-teen-book-covers\versions\1\BookCovers\dear-tooth-fairy.jpg
dear-ugly-sisters-and-other-poems,C:\Users\HP USER\.cache\kagglehub\datasets\thomaskonstantin\6000-children-and-teen-book-covers\versions\1\BookCovers\dear-ugly-sisters-and-other-poems.jpg
dear-zoo,C:\Users\HP USER\.cache\kagglehub\datasets\thomaskonstantin\6000-children-and-teen-book-covers\versions\1\BookCovers\dear-zoo.jpg
dearmermaid,C:\Users\HP USER\.cache\kagglehub\datasets\thomaskonstantin\6000-children-and-teen-book-covers\versions\1\BookCovers\dearmermaid.jpg
death-or-ice-cream,C:\Users\HP USER\.cache\kagglehub\datasets\thomaskonstantin\6000-children-and-teen-book-covers\versions\1\BookCovers\death-or-ice-cream.jpg
death-sets-sail,C:\Users\HP USER\.cache\kagglehub\datasets\thomaskonstantin\6000-children-and-teen-book-covers\versions\1\BookCovers\death-sets-sail.jpg
deathlyhallows,C:\Users\HP USER\.cache\kagglehub\datasets\thomaskonstantin\6000-children-and-teen-book-covers\versions\1\BookCovers\deathlyhallows.jpg
deathmatchh,C:\Users\HP USER\.cache\kagglehub\datasets\thomaskonstantin\6000-children-and-teen-book-covers\versions\1\BookCovers\deathmatchh.jpg
dechrau-cyfrif-sali-mali-2-1-,C:\Users\HP USER\.cache\kagglehub\datasets\thomaskonstantin\6000-children-and-teen-book-covers\versions\1\BookCovers\dechrau-cyfrif-sali-mali-2-1-.jpg
deep-blue-waterfire-saga-1,C:\Users\HP USER\.cache\kagglehub\datasets\thomaskonstantin\6000-children-and-teen-book-covers\versions\1\BookCovers\deep-blue-waterfire-saga-1.jpg
deep-dark-wood,C:\Users\HP USER\.cache\kagglehub\datasets\thomaskonstantin\6000-children-and-teen-book-covers\versions\1\BookCovers\deep-dark-wood.jpg
deep-secret22,C:\Users\HP USER\.cache\kagglehub\datasets\thomaskonstantin\6000-children-and-teen-book-covers\versions\1\BookCovers\deep-secret22.jpg
deep-water,C:\Users\HP USER\.cache\kagglehub\datasets\thomaskonstantin\6000-children-and-teen-book-covers\versions\1\BookCovers\deep-water.jpg
deepinforest,C:\Users\HP USER\.cache\kagglehub\datasets\thomaskonstantin\6000-children-and-teen-book-covers\versions\1\BookCovers\deepinforest.jpg
deeplight,C:\Users\HP USER\.cache\kagglehub\datasets\thomaskonstantin\6000-children-and-teen-book-covers\versions\1\BookCovers\deeplight.jpg
deg-deinosor-bach,C:\Users\HP USER\.cache\kagglehub\datasets\thomaskonstantin\6000-children-and-teen-book-covers\versions\1\BookCovers\deg-deinosor-bach.jpg
deg-plentyn-bychan,C:\Users\HP USER\.cache\kagglehub\datasets\thomaskonstantin\6000-children-and-teen-book-covers\versions\1\BookCovers\deg-plentyn-bychan.jpg
delicious,C:\Users\HP USER\.cache\kagglehub\datasets\thomaskonstantin\6000-children-and-teen-book-covers\versions\1\BookCovers\delicious.jpg
demelza-and-the-spectre-detectors,C:\Users\HP USER\.cache\kagglehub\datasets\thomaskonstantin\6000-children-and-teen-book-covers\versions\1\BookCovers\demelza-and-the-spectre-detectors.jpg
demolition-dad,C:\Users\HP USER\.cache\kagglehub\datasets\thomaskonstantin\6000-children-and-teen-book-covers\versions\1\BookCovers\demolition-dad.jpg
dereksheep,C:\Users\HP USER\.cache\kagglehub\datasets\thomaskonstantin\6000-children-and-teen-book-covers\versions\1\BookCovers\dereksheep.jpg
design-a-skyscraper,C:\Users\HP USER\.cache\kagglehub\datasets\thomaskonstantin\6000-children-and-teen-book-covers\versions\1\BookCovers\design-a-skyscraper.jpg
destination-planet-earth,C:\Users\HP USER\.cache\kagglehub\datasets\thomaskonstantin\6000-children-and-teen-book-covers\versions\1\BookCovers\destination-planet-earth.jpg
dialaghost,C:\Users\HP USER\.cache\kagglehub\datasets\thomaskonstantin\6000-children-and-teen-book-covers\versions\1\BookCovers\dialaghost.jpg
diamondgirls,C:\Users\HP USER\.cache\kagglehub\datasets\thomaskonstantin\6000-children-and-teen-book-covers\versions\1\BookCovers\diamondgirls.jpg
diamonds,C:\Users\HP USER\.cache\kagglehub\datasets\thomaskonstantin\6000-children-and-teen-book-covers\versions\1\BookCovers\diamonds.jpg
diary-of-a-trainee-rock-god,C:\Users\HP USER\.cache\kagglehub\datasets\thomaskonstantin\6000-children-and-teen-book-covers\versions\1\BookCovers\diary-of-a-trainee-rock-god.jpg
diary-of-a-wimpy-kid-dog-days,C:\Users\HP USER\.cache\kagglehub\datasets\thomaskonstantin\6000-children-and-teen-book-covers\versions\1\BookCovers\diary-of-a-wimpy-kid-dog-days.jpg
diary-of-a-wimpy-kid-hard-luck,C:\Users\HP USER\.cache\kagglehub\datasets\thomaskonstantin\6000-children-and-teen-book-covers\versions\1\BookCovers\diary-of-a-wimpy-kid-hard-luck.jpg
diary-of-a-wimpy-kid-the-last-straw,C:\Users\HP USER\.cache\kagglehub\datasets\thomaskonstantin\6000-children-and-teen-book-covers\versions\1\BookCovers\diary-of-a-wimpy-kid-the-last-straw.jpg
diary-of-a-wimpy,C:\Users\HP USER\.cache\kagglehub\datasets\thomaskonstantin\6000-children-and-teen-book-covers\versions\1\BookCovers\diary-of-a-wimpy.jpg
dig-dig-digging,C:\Users\HP USER\.cache\kagglehub\datasets\thomaskonstantin\6000-children-and-teen-book-covers\versions\1\BookCovers\dig-dig-digging.jpg
digby-dog-delivers,C:\Users\HP USER\.cache\kagglehub\datasets\thomaskonstantin\6000-children-and-teen-book-covers\versions\1\BookCovers\digby-dog-delivers.jpg
diggersaurs,C:\Users\HP USER\.cache\kagglehub\datasets\thomaskonstantin\6000-children-and-teen-book-covers\versions\1\BookCovers\diggersaurs.jpg
dinaane,C:\Users\HP USER\.cache\kagglehub\datasets\thomaskonstantin\6000-children-and-teen-book-covers\versions\1\BookCovers\dinaane.jpg
dinkin-dings-and-the-frightening-things,C:\Users\HP USER\.cache\kagglehub\datasets\thomaskonstantin\6000-children-and-teen-book-covers\versions\1\BookCovers\dinkin-dings-and-the-frightening-things.jpg
dinner-that-cooked-itself,C:\Users\HP USER\.cache\kagglehub\datasets\thomaskonstantin\6000-children-and-teen-book-covers\versions\1\BookCovers\dinner-that-cooked-itself.jpg
dinner-time,C:\Users\HP USER\.cache\kagglehub\datasets\thomaskonstantin\6000-children-and-teen-book-covers\versions\1\BookCovers\dinner-time.jpg
dino-dinners,C:\Users\HP USER\.cache\kagglehub\datasets\thomaskonstantin\6000-children-and-teen-book-covers\versions\1\BookCovers\dino-dinners.jpg
dino-dog,C:\Users\HP USER\.cache\kagglehub\datasets\thomaskonstantin\6000-children-and-teen-book-covers\versions\1\BookCovers\dino-dog.jpg
dino-fc-the-great-kit-catastrophe,C:\Users\HP USER\.cache\kagglehub\datasets\thomaskonstantin\6000-children-and-teen-book-covers\versions\1\BookCovers\dino-fc-the-great-kit-catastrophe.jpg
dino-mummy,C:\Users\HP USER\.cache\kagglehub\datasets\thomaskonstantin\6000-children-and-teen-book-covers\versions\1\BookCovers\dino-mummy.jpg
dinosaur-cove,C:\Users\HP USER\.cache\kagglehub\datasets\thomaskonstantin\6000-children-and-teen-book-covers\versions\1\BookCovers\dinosaur-cove.jpg
dinosaur-discovery,C:\Users\HP USER\.cache\kagglehub\datasets\thomaskonstantin\6000-children-and-teen-book-covers\versions\1\BookCovers\dinosaur-discovery.jpg
dinosaur-firefighters,C:\Users\HP USER\.cache\kagglehub\datasets\thomaskonstantin\6000-children-and-teen-book-covers\versions\1\BookCovers\dinosaur-firefighters.jpg
dinosaur-police,C:\Users\HP USER\.cache\kagglehub\datasets\thomaskonstantin\6000-children-and-teen-book-covers\versions\1\BookCovers\dinosaur-police.jpg
dinosaur-rhyme-time,C:\Users\HP USER\.cache\kagglehub\datasets\thomaskonstantin\6000-children-and-teen-book-covers\versions\1\BookCovers\dinosaur-rhyme-time.jpg
dinosaur,C:\Users\HP USER\.cache\kagglehub\datasets\thomaskonstantin\6000-children-and-teen-book-covers\versions\1\BookCovers\dinosaur.jpg
dinosaurroar,C:\Users\HP USER\.cache\kagglehub\datasets\thomaskonstantin\6000-children-and-teen-book-covers\versions\1\BookCovers\dinosaurroar.jpg
dinosaurs-and-all-that-rubbish,C:\Users\HP USER\.cache\kagglehub\datasets\thomaskonstantin\6000-children-and-teen-book-covers\versions\1\BookCovers\dinosaurs-and-all-that-rubbish.jpg
dinosaurs-and-other-prehistoric-creatures,C:\Users\HP USER\.cache\kagglehub\datasets\thomaskonstantin\6000-children-and-teen-book-covers\versions\1\BookCovers\dinosaurs-and-other-prehistoric-creatures.jpg
dinosaurs-do-too,C:\Users\HP USER\.cache\kagglehub\datasets\thomaskonstantin\6000-children-and-teen-book-covers\versions\1\BookCovers\dinosaurs-do-too.jpg
dirty-bertie-burptastic-body-book,C:\Users\HP USER\.cache\kagglehub\datasets\thomaskonstantin\6000-children-and-teen-book-covers\versions\1\BookCovers\dirty-bertie-burptastic-body-book.jpg
dirty-bertie,C:\Users\HP USER\.cache\kagglehub\datasets\thomaskonstantin\6000-children-and-teen-book-covers\versions\1\BookCovers\dirty-bertie.jpg
dirty-great-dinosaur,C:\Users\HP USER\.cache\kagglehub\datasets\thomaskonstantin\6000-children-and-teen-book-covers\versions\1\BookCovers\dirty-great-dinosaur.jpg
disappearing-children,C:\Users\HP USER\.cache\kagglehub\datasets\thomaskonstantin\6000-children-and-teen-book-covers\versions\1\BookCovers\disappearing-children.jpg
disney-princess-ariel-birthday-surprise-gail-herman-paperback-cover-art,C:\Users\HP USER\.cache\kagglehub\datasets\thomaskonstantin\6000-children-and-teen-book-covers\versions\1\BookCovers\disney-princess-ariel-birthday-surprise-gail-herman-paperback-cover-art.jpg
dive-in-ducky,C:\Users\HP USER\.cache\kagglehub\datasets\thomaskonstantin\6000-children-and-teen-book-covers\versions\1\BookCovers\dive-in-ducky.jpg
divergentt,C:\Users\HP USER\.cache\kagglehub\datasets\thomaskonstantin\6000-children-and-teen-book-covers\versions\1\BookCovers\divergentt.jpg
divers-daughter,C:\Users\HP USER\.cache\kagglehub\datasets\thomaskonstantin\6000-children-and-teen-book-covers\versions\1\BookCovers\divers-daughter.jpg
dixie-oday-diamond-robbery,C:\Users\HP USER\.cache\kagglehub\datasets\thomaskonstantin\6000-children-and-teen-book-covers\versions\1\BookCovers\dixie-oday-diamond-robbery.jpg
dixieoday,C:\Users\HP USER\.cache\kagglehub\datasets\thomaskonstantin\6000-children-and-teen-book-covers\versions\1\BookCovers\dixieoday.jpg
do-androids-dream-of-electric,C:\Users\HP USER\.cache\kagglehub\datasets\thomaskonstantin\6000-children-and-teen-book-covers\versions\1\BookCovers\do-androids-dream-of-electric.jpg
do-goalkeepers-wear-tiaras,C:\Users\HP USER\.cache\kagglehub\datasets\thomaskonstantin\6000-children-and-teen-book-covers\versions\1\BookCovers\do-goalkeepers-wear-tiaras.jpg
do-igloos-have-loos,C:\Users\HP USER\.cache\kagglehub\datasets\thomaskonstantin\6000-children-and-teen-book-covers\versions\1\BookCovers\do-igloos-have-loos.jpg
do-not-lick-this-book,C:\Users\HP USER\.cache\kagglehub\datasets\thomaskonstantin\6000-children-and-teen-book-covers\versions\1\BookCovers\do-not-lick-this-book.jpg
do-you-want-to-be-my-friend,C:\Users\HP USER\.cache\kagglehub\datasets\thomaskonstantin\6000-children-and-teen-book-covers\versions\1\BookCovers\do-you-want-to-be-my-friend.jpg
doctor-proctor-s-time-travel-bath-bomb,C:\Users\HP USER\.cache\kagglehub\datasets\thomaskonstantin\6000-children-and-teen-book-covers\versions\1\BookCovers\doctor-proctor-s-time-travel-bath-bomb.jpg
doctor-proctors-fart-powder-bb,C:\Users\HP USER\.cache\kagglehub\datasets\thomaskonstantin\6000-children-and-teen-book-covers\versions\1\BookCovers\doctor-proctors-fart-powder-bb.jpg
doctor-who---the-maze-of-doom,C:\Users\HP USER\.cache\kagglehub\datasets\thomaskonstantin\6000-children-and-teen-book-covers\versions\1\BookCovers\doctor-who---the-maze-of-doom.jpg
doctor-who-the-secret-in-vault-13,C:\Users\HP USER\.cache\kagglehub\datasets\thomaskonstantin\6000-children-and-teen-book-covers\versions\1\BookCovers\doctor-who-the-secret-in-vault-13.jpg
doesyourfacefit,C:\Users\HP USER\.cache\kagglehub\datasets\thomaskonstantin\6000-children-and-teen-book-covers\versions\1\BookCovers\doesyourfacefit.jpg
dog-called-flow,C:\Users\HP USER\.cache\kagglehub\datasets\thomaskonstantin\6000-children-and-teen-book-covers\versions\1\BookCovers\dog-called-flow.jpg
dog-gone,C:\Users\HP USER\.cache\kagglehub\datasets\thomaskonstantin\6000-children-and-teen-book-covers\versions\1\BookCovers\dog-gone.jpg
dog-loves-books,C:\Users\HP USER\.cache\kagglehub\datasets\thomaskonstantin\6000-children-and-teen-book-covers\versions\1\BookCovers\dog-loves-books.jpg
dog-man-a-tale-of-two-kittens,C:\Users\HP USER\.cache\kagglehub\datasets\thomaskonstantin\6000-children-and-teen-book-covers\versions\1\BookCovers\dog-man-a-tale-of-two-kittens.jpg
dog-man-brawl-of-the-wild,C:\Users\HP USER\.cache\kagglehub\datasets\thomaskonstantin\6000-children-and-teen-book-covers\versions\1\BookCovers\dog-man-brawl-of-the-wild.jpg
dog-man-lord-of-the-fleas,C:\Users\HP USER\.cache\kagglehub\datasets\thomaskonstantin\6000-children-and-teen-book-covers\versions\1\BookCovers\dog-man-lord-of-the-fleas.jpg
dog-man-unleashed,C:\Users\HP USER\.cache\kagglehub\datasets\thomaskonstantin\6000-children-and-teen-book-covers\versions\1\BookCovers\dog-man-unleashed.jpg
dog-on-a-broomstick,C:\Users\HP USER\.cache\kagglehub\datasets\thomaskonstantin\6000-children-and-teen-book-covers\versions\1\BookCovers\dog-on-a-broomstick.jpg
dog-on-a-digger,C:\Users\HP USER\.cache\kagglehub\datasets\thomaskonstantin\6000-children-and-teen-book-covers\versions\1\BookCovers\dog-on-a-digger.jpg
dog,C:\Users\HP USER\.cache\kagglehub\datasets\thomaskonstantin\6000-children-and-teen-book-covers\versions\1\BookCovers\dog.jpg
dogbird-and-other-mixed-up-tales,C:\Users\HP USER\.cache\kagglehub\datasets\thomaskonstantin\6000-children-and-teen-book-covers\versions\1\BookCovers\dogbird-and-other-mixed-up-tales.jpg
doggers-christmas,C:\Users\HP USER\.cache\kagglehub\datasets\thomaskonstantin\6000-children-and-teen-book-covers\versions\1\BookCovers\doggers-christmas.jpg
dogs-in-space,C:\Users\HP USER\.cache\kagglehub\datasets\thomaskonstantin\6000-children-and-teen-book-covers\versions\1\BookCovers\dogs-in-space.jpg
dogs,C:\Users\HP USER\.cache\kagglehub\datasets\thomaskonstantin\6000-children-and-teen-book-covers\versions\1\BookCovers\dogs.jpg
doingit,C:\Users\HP USER\.cache\kagglehub\datasets\thomaskonstantin\6000-children-and-teen-book-covers\versions\1\BookCovers\doingit.jpg
dolphin-boy,C:\Users\HP USER\.cache\kagglehub\datasets\thomaskonstantin\6000-children-and-teen-book-covers\versions\1\BookCovers\dolphin-boy.jpg
dolphin-song,C:\Users\HP USER\.cache\kagglehub\datasets\thomaskonstantin\6000-children-and-teen-book-covers\versions\1\BookCovers\dolphin-song.jpg
don-t-cook-cinderella,C:\Users\HP USER\.cache\kagglehub\datasets\thomaskonstantin\6000-children-and-teen-book-covers\versions\1\BookCovers\don-t-cook-cinderella.jpg
don-t-cross-the-line2,C:\Users\HP USER\.cache\kagglehub\datasets\thomaskonstantin\6000-children-and-teen-book-covers\versions\1\BookCovers\don-t-cross-the-line2.jpg
don-t-do-that,C:\Users\HP USER\.cache\kagglehub\datasets\thomaskonstantin\6000-children-and-teen-book-covers\versions\1\BookCovers\don-t-do-that.jpg
don-t-look-now-and-other-stories,C:\Users\HP USER\.cache\kagglehub\datasets\thomaskonstantin\6000-children-and-teen-book-covers\versions\1\BookCovers\don-t-look-now-and-other-stories.jpg
don-t-lose-pigley-wibbly-pig,C:\Users\HP USER\.cache\kagglehub\datasets\thomaskonstantin\6000-children-and-teen-book-covers\versions\1\BookCovers\don-t-lose-pigley-wibbly-pig.jpg
don-t-wake-up-tiger,C:\Users\HP USER\.cache\kagglehub\datasets\thomaskonstantin\6000-children-and-teen-book-covers\versions\1\BookCovers\don-t-wake-up-tiger.jpg
don-t-want-to-go,C:\Users\HP USER\.cache\kagglehub\datasets\thomaskonstantin\6000-children-and-teen-book-covers\versions\1\BookCovers\don-t-want-to-go.jpg
dont-call-me-grumpycorn,C:\Users\HP USER\.cache\kagglehub\datasets\thomaskonstantin\6000-children-and-teen-book-covers\versions\1\BookCovers\dont-call-me-grumpycorn.jpg
dont-call-me-special,C:\Users\HP USER\.cache\kagglehub\datasets\thomaskonstantin\6000-children-and-teen-book-covers\versions\1\BookCovers\dont-call-me-special.jpg
dont-call-me-sweet,C:\Users\HP USER\.cache\kagglehub\datasets\thomaskonstantin\6000-children-and-teen-book-covers\versions\1\BookCovers\dont-call-me-sweet.jpg
dont-go-there,C:\Users\HP USER\.cache\kagglehub\datasets\thomaskonstantin\6000-children-and-teen-book-covers\versions\1\BookCovers\dont-go-there.jpg
dont-hug-the-pug,C:\Users\HP USER\.cache\kagglehub\datasets\thomaskonstantin\6000-children-and-teen-book-covers\versions\1\BookCovers\dont-hug-the-pug.jpg
dont-make-me-cross,C:\Users\HP USER\.cache\kagglehub\datasets\thomaskonstantin\6000-children-and-teen-book-covers\versions\1\BookCovers\dont-make-me-cross.jpg
dont-tickle-the-hippo,C:\Users\HP USER\.cache\kagglehub\datasets\thomaskonstantin\6000-children-and-teen-book-covers\versions\1\BookCovers\dont-tickle-the-hippo.jpg
dont-want-to-go-to-bed,C:\Users\HP USER\.cache\kagglehub\datasets\thomaskonstantin\6000-children-and-teen-book-covers\versions\1\BookCovers\dont-want-to-go-to-bed.jpg
donut-the-destroyer,C:\Users\HP USER\.cache\kagglehub\datasets\thomaskonstantin\6000-children-and-teen-book-covers\versions\1\BookCovers\donut-the-destroyer.jpg
doodle-bites,C:\Users\HP USER\.cache\kagglehub\datasets\thomaskonstantin\6000-children-and-teen-book-covers\versions\1\BookCovers\doodle-bites.jpg
doodle-cat-is-bored,C:\Users\HP USER\.cache\kagglehub\datasets\thomaskonstantin\6000-children-and-teen-book-covers\versions\1\BookCovers\doodle-cat-is-bored.jpg
doodle-cat-wears-a-cape,C:\Users\HP USER\.cache\kagglehub\datasets\thomaskonstantin\6000-children-and-teen-book-covers\versions\1\BookCovers\doodle-cat-wears-a-cape.jpg
dory-fantasmagory,C:\Users\HP USER\.cache\kagglehub\datasets\thomaskonstantin\6000-children-and-teen-book-covers\versions\1\BookCovers\dory-fantasmagory.jpg
dosh,C:\Users\HP USER\.cache\kagglehub\datasets\thomaskonstantin\6000-children-and-teen-book-covers\versions\1\BookCovers\dosh.jpg
dot-and-anton,C:\Users\HP USER\.cache\kagglehub\datasets\thomaskonstantin\6000-children-and-teen-book-covers\versions\1\BookCovers\dot-and-anton.jpg
dotinthesnow,C:\Users\HP USER\.cache\kagglehub\datasets\thomaskonstantin\6000-children-and-teen-book-covers\versions\1\BookCovers\dotinthesnow.jpg
dotty-detective-midnight-mystery,C:\Users\HP USER\.cache\kagglehub\datasets\thomaskonstantin\6000-children-and-teen-book-covers\versions\1\BookCovers\dotty-detective-midnight-mystery.jpg
dotty-detective,C:\Users\HP USER\.cache\kagglehub\datasets\thomaskonstantin\6000-children-and-teen-book-covers\versions\1\BookCovers\dotty-detective.jpg
doublecross,C:\Users\HP USER\.cache\kagglehub\datasets\thomaskonstantin\6000-children-and-teen-book-covers\versions\1\BookCovers\doublecross.jpg
doubleordie,C:\Users\HP USER\.cache\kagglehub\datasets\thomaskonstantin\6000-children-and-teen-book-covers\versions\1\BookCovers\doubleordie.jpg
doubleshadoww,C:\Users\HP USER\.cache\kagglehub\datasets\thomaskonstantin\6000-children-and-teen-book-covers\versions\1\BookCovers\doubleshadoww.jpg
down-by-the-river,C:\Users\HP USER\.cache\kagglehub\datasets\thomaskonstantin\6000-children-and-teen-book-covers\versions\1\BookCovers\down-by-the-river.jpg
down-the-back-of-the-chair,C:\Users\HP USER\.cache\kagglehub\datasets\thomaskonstantin\6000-children-and-teen-book-covers\versions\1\BookCovers\down-the-back-of-the-chair.jpg
dozy-bear-and-the-secret-of-sleep-cover,C:\Users\HP USER\.cache\kagglehub\datasets\thomaskonstantin\6000-children-and-teen-book-covers\versions\1\BookCovers\dozy-bear-and-the-secret-of-sleep-cover.jpg
dr-dog,C:\Users\HP USER\.cache\kagglehub\datasets\thomaskonstantin\6000-children-and-teen-book-covers\versions\1\BookCovers\dr-dog.jpg
dr-maggies-grand-tour-of-the-solar-system,C:\Users\HP USER\.cache\kagglehub\datasets\thomaskonstantin\6000-children-and-teen-book-covers\versions\1\BookCovers\dr-maggies-grand-tour-of-the-solar-system.jpg
dr-seuss,C:\Users\HP USER\.cache\kagglehub\datasets\thomaskonstantin\6000-children-and-teen-book-covers\versions\1\BookCovers\dr-seuss.jpg
dr-xargle-s-book-of-earthlets,C:\Users\HP USER\.cache\kagglehub\datasets\thomaskonstantin\6000-children-and-teen-book-covers\versions\1\BookCovers\dr-xargle-s-book-of-earthlets.jpg
dragon-and-the-nibblesome-knight,C:\Users\HP USER\.cache\kagglehub\datasets\thomaskonstantin\6000-children-and-teen-book-covers\versions\1\BookCovers\dragon-and-the-nibblesome-knight.jpg
dragon-gold,C:\Users\HP USER\.cache\kagglehub\datasets\thomaskonstantin\6000-children-and-teen-book-covers\versions\1\BookCovers\dragon-gold.jpg
dragon-loves-penguin,C:\Users\HP USER\.cache\kagglehub\datasets\thomaskonstantin\6000-children-and-teen-book-covers\versions\1\BookCovers\dragon-loves-penguin.jpg
dragon-mountain,C:\Users\HP USER\.cache\kagglehub\datasets\thomaskonstantin\6000-children-and-teen-book-covers\versions\1\BookCovers\dragon-mountain.jpg
dragon-pearl,C:\Users\HP USER\.cache\kagglehub\datasets\thomaskonstantin\6000-children-and-teen-book-covers\versions\1\BookCovers\dragon-pearl.jpg
dragon-post,C:\Users\HP USER\.cache\kagglehub\datasets\thomaskonstantin\6000-children-and-teen-book-covers\versions\1\BookCovers\dragon-post.jpg
dragon-red,C:\Users\HP USER\.cache\kagglehub\datasets\thomaskonstantin\6000-children-and-teen-book-covers\versions\1\BookCovers\dragon-red.jpg
dragon-s-hoard,C:\Users\HP USER\.cache\kagglehub\datasets\thomaskonstantin\6000-children-and-teen-book-covers\versions\1\BookCovers\dragon-s-hoard.jpg
dragon-shield-1,C:\Users\HP USER\.cache\kagglehub\datasets\thomaskonstantin\6000-children-and-teen-book-covers\versions\1\BookCovers\dragon-shield-1.jpg
dragon-white,C:\Users\HP USER\.cache\kagglehub\datasets\thomaskonstantin\6000-children-and-teen-book-covers\versions\1\BookCovers\dragon-white.jpg
dragonese,C:\Users\HP USER\.cache\kagglehub\datasets\thomaskonstantin\6000-children-and-teen-book-covers\versions\1\BookCovers\dragonese.jpg
dragonrider,C:\Users\HP USER\.cache\kagglehub\datasets\thomaskonstantin\6000-children-and-teen-book-covers\versions\1\BookCovers\dragonrider.jpg
dragons-at-crumbling-castle,C:\Users\HP USER\.cache\kagglehub\datasets\thomaskonstantin\6000-children-and-teen-book-covers\versions\1\BookCovers\dragons-at-crumbling-castle.jpg
dragons-daughter,C:\Users\HP USER\.cache\kagglehub\datasets\thomaskonstantin\6000-children-and-teen-book-covers\versions\1\BookCovers\dragons-daughter.jpg
dragons-green,C:\Users\HP USER\.cache\kagglehub\datasets\thomaskonstantin\6000-children-and-teen-book-covers\versions\1\BookCovers\dragons-green.jpg
dragons-of-the-prime-poems-about-dinosaurs,C:\Users\HP USER\.cache\kagglehub\datasets\thomaskonstantin\6000-children-and-teen-book-covers\versions\1\BookCovers\dragons-of-the-prime-poems-about-dinosaurs.jpg
dream-magic-s,C:\Users\HP USER\.cache\kagglehub\datasets\thomaskonstantin\6000-children-and-teen-book-covers\versions\1\BookCovers\dream-magic-s.jpg
dream-on-amber,C:\Users\HP USER\.cache\kagglehub\datasets\thomaskonstantin\6000-children-and-teen-book-covers\versions\1\BookCovers\dream-on-amber.jpg
dream-on,C:\Users\HP USER\.cache\kagglehub\datasets\thomaskonstantin\6000-children-and-teen-book-covers\versions\1\BookCovers\dream-on.jpg
dream-snatcher,C:\Users\HP USER\.cache\kagglehub\datasets\thomaskonstantin\6000-children-and-teen-book-covers\versions\1\BookCovers\dream-snatcher.jpg
dream-team---attack-of-the-heebie-jeebies,C:\Users\HP USER\.cache\kagglehub\datasets\thomaskonstantin\6000-children-and-teen-book-covers\versions\1\BookCovers\dream-team---attack-of-the-heebie-jeebies.jpg
dream-team,C:\Users\HP USER\.cache\kagglehub\datasets\thomaskonstantin\6000-children-and-teen-book-covers\versions\1\BookCovers\dream-team.jpg
dreamer-ballerina,C:\Users\HP USER\.cache\kagglehub\datasets\thomaskonstantin\6000-children-and-teen-book-covers\versions\1\BookCovers\dreamer-ballerina.jpg
dreaming-the-bear,C:\Users\HP USER\.cache\kagglehub\datasets\thomaskonstantin\6000-children-and-teen-book-covers\versions\1\BookCovers\dreaming-the-bear.jpg
dreams-from-my-father,C:\Users\HP USER\.cache\kagglehub\datasets\thomaskonstantin\6000-children-and-teen-book-covers\versions\1\BookCovers\dreams-from-my-father.jpg
dreams-of-freedom,C:\Users\HP USER\.cache\kagglehub\datasets\thomaskonstantin\6000-children-and-teen-book-covers\versions\1\BookCovers\dreams-of-freedom.jpg
dress-up-jojo,C:\Users\HP USER\.cache\kagglehub\datasets\thomaskonstantin\6000-children-and-teen-book-covers\versions\1\BookCovers\dress-up-jojo.jpg
drew-daywalt-the-day-the-crayons-came-home,C:\Users\HP USER\.cache\kagglehub\datasets\thomaskonstantin\6000-children-and-teen-book-covers\versions\1\BookCovers\drew-daywalt-the-day-the-crayons-came-home.jpg
driftwood,C:\Users\HP USER\.cache\kagglehub\datasets\thomaskonstantin\6000-children-and-teen-book-covers\versions\1\BookCovers\driftwood.jpg
drone-racer,C:\Users\HP USER\.cache\kagglehub\datasets\thomaskonstantin\6000-children-and-teen-book-covers\versions\1\BookCovers\drone-racer.jpg
drop,C:\Users\HP USER\.cache\kagglehub\datasets\thomaskonstantin\6000-children-and-teen-book-covers\versions\1\BookCovers\drop.jpg
drummer-boy-of-john-john,C:\Users\HP USER\.cache\kagglehub\datasets\thomaskonstantin\6000-children-and-teen-book-covers\versions\1\BookCovers\drummer-boy-of-john-john.jpg
du-iz-tak,C:\Users\HP USER\.cache\kagglehub\datasets\thomaskonstantin\6000-children-and-teen-book-covers\versions\1\BookCovers\du-iz-tak.jpg
dubliners,C:\Users\HP USER\.cache\kagglehub\datasets\thomaskonstantin\6000-children-and-teen-book-covers\versions\1\BookCovers\dubliners.jpg
duck-and-penguin-are-not-friends,C:\Users\HP USER\.cache\kagglehub\datasets\thomaskonstantin\6000-children-and-teen-book-covers\versions\1\BookCovers\duck-and-penguin-are-not-friends.jpg
duck-and-penguin-do-not-like-sleepovers,C:\Users\HP USER\.cache\kagglehub\datasets\thomaskonstantin\6000-children-and-teen-book-covers\versions\1\BookCovers\duck-and-penguin-do-not-like-sleepovers.jpg
duck-in-the-truck,C:\Users\HP USER\.cache\kagglehub\datasets\thomaskonstantin\6000-children-and-teen-book-covers\versions\1\BookCovers\duck-in-the-truck.jpg
ducks-key-where-can-it-be,C:\Users\HP USER\.cache\kagglehub\datasets\thomaskonstantin\6000-children-and-teen-book-covers\versions\1\BookCovers\ducks-key-where-can-it-be.jpg
dump-truck-disco,C:\Users\HP USER\.cache\kagglehub\datasets\thomaskonstantin\6000-children-and-teen-book-covers\versions\1\BookCovers\dump-truck-disco.jpg
dust-n-bones-ten-ghost-stories,C:\Users\HP USER\.cache\kagglehub\datasets\thomaskonstantin\6000-children-and-teen-book-covers\versions\1\BookCovers\dust-n-bones-ten-ghost-stories.jpg
dust-road,C:\Users\HP USER\.cache\kagglehub\datasets\thomaskonstantin\6000-children-and-teen-book-covers\versions\1\BookCovers\dust-road.jpg
dyddiadur-dripsyn---storm-eira,C:\Users\HP USER\.cache\kagglehub\datasets\thomaskonstantin\6000-children-and-teen-book-covers\versions\1\BookCovers\dyddiadur-dripsyn---storm-eira.jpg
e031aefa-cf74-4f54-ad01-2384c0b88cb8-img100,C:\Users\HP USER\.cache\kagglehub\datasets\thomaskonstantin\6000-children-and-teen-book-covers\versions\1\BookCovers\e031aefa-cf74-4f54-ad01-2384c0b88cb8-img100.jpg
eachpeach,C:\Users\HP USER\.cache\kagglehub\datasets\thomaskonstantin\6000-children-and-teen-book-covers\versions\1\BookCovers\eachpeach.jpg
eagle-trail,C:\Users\HP USER\.cache\kagglehub\datasets\thomaskonstantin\6000-children-and-teen-book-covers\versions\1\BookCovers\eagle-trail.jpg
eagle-warrior-cover,C:\Users\HP USER\.cache\kagglehub\datasets\thomaskonstantin\6000-children-and-teen-book-covers\versions\1\BookCovers\eagle-warrior-cover.jpg
eaglestrike,C:\Users\HP USER\.cache\kagglehub\datasets\thomaskonstantin\6000-children-and-teen-book-covers\versions\1\BookCovers\eaglestrike.jpg
earth-heroes,C:\Users\HP USER\.cache\kagglehub\datasets\thomaskonstantin\6000-children-and-teen-book-covers\versions\1\BookCovers\earth-heroes.jpg
earth-shattering-events,C:\Users\HP USER\.cache\kagglehub\datasets\thomaskonstantin\6000-children-and-teen-book-covers\versions\1\BookCovers\earth-shattering-events.jpg
earthbook,C:\Users\HP USER\.cache\kagglehub\datasets\thomaskonstantin\6000-children-and-teen-book-covers\versions\1\BookCovers\earthbook.jpg
eat-your-people-,C:\Users\HP USER\.cache\kagglehub\datasets\thomaskonstantin\6000-children-and-teen-book-covers\versions\1\BookCovers\eat-your-people-.jpg
eating-chips-with-monkey,C:\Users\HP USER\.cache\kagglehub\datasets\thomaskonstantin\6000-children-and-teen-book-covers\versions\1\BookCovers\eating-chips-with-monkey.jpg
echo-boy,C:\Users\HP USER\.cache\kagglehub\datasets\thomaskonstantin\6000-children-and-teen-book-covers\versions\1\BookCovers\echo-boy.jpg
echoes,C:\Users\HP USER\.cache\kagglehub\datasets\thomaskonstantin\6000-children-and-teen-book-covers\versions\1\BookCovers\echoes.jpg
eddies-tent,C:\Users\HP USER\.cache\kagglehub\datasets\thomaskonstantin\6000-children-and-teen-book-covers\versions\1\BookCovers\eddies-tent.jpg
eddy-stone-and-the-epic-holiday-mash-up,C:\Users\HP USER\.cache\kagglehub\datasets\thomaskonstantin\6000-children-and-teen-book-covers\versions\1\BookCovers\eddy-stone-and-the-epic-holiday-mash-up.jpg
eden-summers,C:\Users\HP USER\.cache\kagglehub\datasets\thomaskonstantin\6000-children-and-teen-book-covers\versions\1\BookCovers\eden-summers.jpg
eden,C:\Users\HP USER\.cache\kagglehub\datasets\thomaskonstantin\6000-children-and-teen-book-covers\versions\1\BookCovers\eden.jpg
edgewater2,C:\Users\HP USER\.cache\kagglehub\datasets\thomaskonstantin\6000-children-and-teen-book-covers\versions\1\BookCovers\edgewater2.jpg
edwardo-the-horriblest-boy-in-the-whole-wide-worl,C:\Users\HP USER\.cache\kagglehub\datasets\thomaskonstantin\6000-children-and-teen-book-covers\versions\1\BookCovers\edwardo-the-horriblest-boy-in-the-whole-wide-worl.jpg
egg-drop,C:\Users\HP USER\.cache\kagglehub\datasets\thomaskonstantin\6000-children-and-teen-book-covers\versions\1\BookCovers\egg-drop.jpg
egg-sue-hendra,C:\Users\HP USER\.cache\kagglehub\datasets\thomaskonstantin\6000-children-and-teen-book-covers\versions\1\BookCovers\egg-sue-hendra.jpg
egyptology-,C:\Users\HP USER\.cache\kagglehub\datasets\thomaskonstantin\6000-children-and-teen-book-covers\versions\1\BookCovers\egyptology-.jpg
eight-pieces-of-silva,C:\Users\HP USER\.cache\kagglehub\datasets\thomaskonstantin\6000-children-and-teen-book-covers\versions\1\BookCovers\eight-pieces-of-silva.jpg
einstein-s-underpants,C:\Users\HP USER\.cache\kagglehub\datasets\thomaskonstantin\6000-children-and-teen-book-covers\versions\1\BookCovers\einstein-s-underpants.jpg
el-deafo,C:\Users\HP USER\.cache\kagglehub\datasets\thomaskonstantin\6000-children-and-teen-book-covers\versions\1\BookCovers\el-deafo.jpg
eleanor-parks,C:\Users\HP USER\.cache\kagglehub\datasets\thomaskonstantin\6000-children-and-teen-book-covers\versions\1\BookCovers\eleanor-parks.jpg
electrigirl,C:\Users\HP USER\.cache\kagglehub\datasets\thomaskonstantin\6000-children-and-teen-book-covers\versions\1\BookCovers\electrigirl.jpg
elephant-bad-baby,C:\Users\HP USER\.cache\kagglehub\datasets\thomaskonstantin\6000-children-and-teen-book-covers\versions\1\BookCovers\elephant-bad-baby.jpg
elephant-in-my-kitchen,C:\Users\HP USER\.cache\kagglehub\datasets\thomaskonstantin\6000-children-and-teen-book-covers\versions\1\BookCovers\elephant-in-my-kitchen.jpg
elephant-road,C:\Users\HP USER\.cache\kagglehub\datasets\thomaskonstantin\6000-children-and-teen-book-covers\versions\1\BookCovers\elephant-road.jpg
elephants-never-forget,C:\Users\HP USER\.cache\kagglehub\datasets\thomaskonstantin\6000-children-and-teen-book-covers\versions\1\BookCovers\elephants-never-forget.jpg
elise-and-the-second-hand-dog,C:\Users\HP USER\.cache\kagglehub\datasets\thomaskonstantin\6000-children-and-teen-book-covers\versions\1\BookCovers\elise-and-the-second-hand-dog.jpg
eliza-and-the-moonchild,C:\Users\HP USER\.cache\kagglehub\datasets\thomaskonstantin\6000-children-and-teen-book-covers\versions\1\BookCovers\eliza-and-the-moonchild.jpg
ella-bella-ballerina-and-the-magic-toyshop,C:\Users\HP USER\.cache\kagglehub\datasets\thomaskonstantin\6000-children-and-teen-book-covers\versions\1\BookCovers\ella-bella-ballerina-and-the-magic-toyshop.jpg
ella-bella-ballerina-and-the-sleeping-beauty,C:\Users\HP USER\.cache\kagglehub\datasets\thomaskonstantin\6000-children-and-teen-book-covers\versions\1\BookCovers\ella-bella-ballerina-and-the-sleeping-beauty.jpg
ella-moves-house,C:\Users\HP USER\.cache\kagglehub\datasets\thomaskonstantin\6000-children-and-teen-book-covers\versions\1\BookCovers\ella-moves-house.jpg
ella-on-the-outside,C:\Users\HP USER\.cache\kagglehub\datasets\thomaskonstantin\6000-children-and-teen-book-covers\versions\1\BookCovers\ella-on-the-outside.jpg
ella-queen-of-jazz,C:\Users\HP USER\.cache\kagglehub\datasets\thomaskonstantin\6000-children-and-teen-book-covers\versions\1\BookCovers\ella-queen-of-jazz.jpg
ellie-and-the-cat,C:\Users\HP USER\.cache\kagglehub\datasets\thomaskonstantin\6000-children-and-teen-book-covers\versions\1\BookCovers\ellie-and-the-cat.jpg
ellies-magical-bakery-best-cake-best-friend,C:\Users\HP USER\.cache\kagglehub\datasets\thomaskonstantin\6000-children-and-teen-book-covers\versions\1\BookCovers\ellies-magical-bakery-best-cake-best-friend.jpg
elmer-and-papa-red,C:\Users\HP USER\.cache\kagglehub\datasets\thomaskonstantin\6000-children-and-teen-book-covers\versions\1\BookCovers\elmer-and-papa-red.jpg
elmer-and-the-lost-treasure,C:\Users\HP USER\.cache\kagglehub\datasets\thomaskonstantin\6000-children-and-teen-book-covers\versions\1\BookCovers\elmer-and-the-lost-treasure.jpg
elmer-s-friends,C:\Users\HP USER\.cache\kagglehub\datasets\thomaskonstantin\6000-children-and-teen-book-covers\versions\1\BookCovers\elmer-s-friends.jpg
elmer-s-special-day,C:\Users\HP USER\.cache\kagglehub\datasets\thomaskonstantin\6000-children-and-teen-book-covers\versions\1\BookCovers\elmer-s-special-day.jpg
elmer-snake,C:\Users\HP USER\.cache\kagglehub\datasets\thomaskonstantin\6000-children-and-teen-book-covers\versions\1\BookCovers\elmer-snake.jpg
elmer,C:\Users\HP USER\.cache\kagglehub\datasets\thomaskonstantin\6000-children-and-teen-book-covers\versions\1\BookCovers\elmer.jpg
elmerand-the-lostteddy,C:\Users\HP USER\.cache\kagglehub\datasets\thomaskonstantin\6000-children-and-teen-book-covers\versions\1\BookCovers\elmerand-the-lostteddy.jpg
elmers-day,C:\Users\HP USER\.cache\kagglehub\datasets\thomaskonstantin\6000-children-and-teen-book-covers\versions\1\BookCovers\elmers-day.jpg
elmers-weather,C:\Users\HP USER\.cache\kagglehub\datasets\thomaskonstantin\6000-children-and-teen-book-covers\versions\1\BookCovers\elmers-weather.jpg
elsie-and-the-magic-biscuit-tin,C:\Users\HP USER\.cache\kagglehub\datasets\thomaskonstantin\6000-children-and-teen-book-covers\versions\1\BookCovers\elsie-and-the-magic-biscuit-tin.jpg
elspeth-hart-school-for-showoffs,C:\Users\HP USER\.cache\kagglehub\datasets\thomaskonstantin\6000-children-and-teen-book-covers\versions\1\BookCovers\elspeth-hart-school-for-showoffs.jpg
embassy-of-the-dead,C:\Users\HP USER\.cache\kagglehub\datasets\thomaskonstantin\6000-children-and-teen-book-covers\versions\1\BookCovers\embassy-of-the-dead.jpg
embassy-row-2,C:\Users\HP USER\.cache\kagglehub\datasets\thomaskonstantin\6000-children-and-teen-book-covers\versions\1\BookCovers\embassy-row-2.jpg
ember-in-ashes,C:\Users\HP USER\.cache\kagglehub\datasets\thomaskonstantin\6000-children-and-teen-book-covers\versions\1\BookCovers\ember-in-ashes.jpg
emerald-secret,C:\Users\HP USER\.cache\kagglehub\datasets\thomaskonstantin\6000-children-and-teen-book-covers\versions\1\BookCovers\emerald-secret.jpg
emergency,C:\Users\HP USER\.cache\kagglehub\datasets\thomaskonstantin\6000-children-and-teen-book-covers\versions\1\BookCovers\emergency.jpg
emil-and-the-detectives-1-,C:\Users\HP USER\.cache\kagglehub\datasets\thomaskonstantin\6000-children-and-teen-book-covers\versions\1\BookCovers\emil-and-the-detectives-1-.jpg
emily-brown-and-the-elephant-emergency,C:\Users\HP USER\.cache\kagglehub\datasets\thomaskonstantin\6000-children-and-teen-book-covers\versions\1\BookCovers\emily-brown-and-the-elephant-emergency.jpg
emily-lime-librarian-detective-the-pencil-case,C:\Users\HP USER\.cache\kagglehub\datasets\thomaskonstantin\6000-children-and-teen-book-covers\versions\1\BookCovers\emily-lime-librarian-detective-the-pencil-case.jpg
emily-sparkes-competition-calamity,C:\Users\HP USER\.cache\kagglehub\datasets\thomaskonstantin\6000-children-and-teen-book-covers\versions\1\BookCovers\emily-sparkes-competition-calamity.jpg
emily-sparkes-friendship-fiasco,C:\Users\HP USER\.cache\kagglehub\datasets\thomaskonstantin\6000-children-and-teen-book-covers\versions\1\BookCovers\emily-sparkes-friendship-fiasco.jpg
emilybrown,C:\Users\HP USER\.cache\kagglehub\datasets\thomaskonstantin\6000-children-and-teen-book-covers\versions\1\BookCovers\emilybrown.jpg
emperor-penguin,C:\Users\HP USER\.cache\kagglehub\datasets\thomaskonstantin\6000-children-and-teen-book-covers\versions\1\BookCovers\emperor-penguin.jpg
emperorsnewclothes,C:\Users\HP USER\.cache\kagglehub\datasets\thomaskonstantin\6000-children-and-teen-book-covers\versions\1\BookCovers\emperorsnewclothes.jpg
empires-end,C:\Users\HP USER\.cache\kagglehub\datasets\thomaskonstantin\6000-children-and-teen-book-covers\versions\1\BookCovers\empires-end.jpg
encyclopedia-of-animals,C:\Users\HP USER\.cache\kagglehub\datasets\thomaskonstantin\6000-children-and-teen-book-covers\versions\1\BookCovers\encyclopedia-of-animals.jpg
encyclopedia-of-grannies,C:\Users\HP USER\.cache\kagglehub\datasets\thomaskonstantin\6000-children-and-teen-book-covers\versions\1\BookCovers\encyclopedia-of-grannies.jpg
endling-the-last,C:\Users\HP USER\.cache\kagglehub\datasets\thomaskonstantin\6000-children-and-teen-book-covers\versions\1\BookCovers\endling-the-last.jpg
episode-of-sparrows,C:\Users\HP USER\.cache\kagglehub\datasets\thomaskonstantin\6000-children-and-teen-book-covers\versions\1\BookCovers\episode-of-sparrows.jpg
eric2,C:\Users\HP USER\.cache\kagglehub\datasets\thomaskonstantin\6000-children-and-teen-book-covers\versions\1\BookCovers\eric2.jpg
ernest,C:\Users\HP USER\.cache\kagglehub\datasets\thomaskonstantin\6000-children-and-teen-book-covers\versions\1\BookCovers\ernest.jpg
errols-garden,C:\Users\HP USER\.cache\kagglehub\datasets\thomaskonstantin\6000-children-and-teen-book-covers\versions\1\BookCovers\errols-garden.jpg
escape-from-planet-bogey,C:\Users\HP USER\.cache\kagglehub\datasets\thomaskonstantin\6000-children-and-teen-book-covers\versions\1\BookCovers\escape-from-planet-bogey.jpg
escape-from-shadowisland,C:\Users\HP USER\.cache\kagglehub\datasets\thomaskonstantin\6000-children-and-teen-book-covers\versions\1\BookCovers\escape-from-shadowisland.jpg
ethans-voice,C:\Users\HP USER\.cache\kagglehub\datasets\thomaskonstantin\6000-children-and-teen-book-covers\versions\1\BookCovers\ethans-voice.jpg
ethel-and-ernest,C:\Users\HP USER\.cache\kagglehub\datasets\thomaskonstantin\6000-children-and-teen-book-covers\versions\1\BookCovers\ethel-and-ernest.jpg
even-my-ears-are-smiling,C:\Users\HP USER\.cache\kagglehub\datasets\thomaskonstantin\6000-children-and-teen-book-covers\versions\1\BookCovers\even-my-ears-are-smiling.jpg
evenmorenonsense,C:\Users\HP USER\.cache\kagglehub\datasets\thomaskonstantin\6000-children-and-teen-book-covers\versions\1\BookCovers\evenmorenonsense.jpg
everdark,C:\Users\HP USER\.cache\kagglehub\datasets\thomaskonstantin\6000-children-and-teen-book-covers\versions\1\BookCovers\everdark.jpg
everest-2,C:\Users\HP USER\.cache\kagglehub\datasets\thomaskonstantin\6000-children-and-teen-book-covers\versions\1\BookCovers\everest-2.jpg
everest,C:\Users\HP USER\.cache\kagglehub\datasets\thomaskonstantin\6000-children-and-teen-book-covers\versions\1\BookCovers\everest.jpg
evernight,C:\Users\HP USER\.cache\kagglehub\datasets\thomaskonstantin\6000-children-and-teen-book-covers\versions\1\BookCovers\evernight.jpg
every-second-counts,C:\Users\HP USER\.cache\kagglehub\datasets\thomaskonstantin\6000-children-and-teen-book-covers\versions\1\BookCovers\every-second-counts.jpg
every-shiny-thing,C:\Users\HP USER\.cache\kagglehub\datasets\thomaskonstantin\6000-children-and-teen-book-covers\versions\1\BookCovers\every-shiny-thing.jpg
everybody-jam,C:\Users\HP USER\.cache\kagglehub\datasets\thomaskonstantin\6000-children-and-teen-book-covers\versions\1\BookCovers\everybody-jam.jpg
everybodys-welcome,C:\Users\HP USER\.cache\kagglehub\datasets\thomaskonstantin\6000-children-and-teen-book-covers\versions\1\BookCovers\everybodys-welcome.jpg
everybunny-dance-,C:\Users\HP USER\.cache\kagglehub\datasets\thomaskonstantin\6000-children-and-teen-book-covers\versions\1\BookCovers\everybunny-dance-.jpg
everyday,C:\Users\HP USER\.cache\kagglehub\datasets\thomaskonstantin\6000-children-and-teen-book-covers\versions\1\BookCovers\everyday.jpg
everything-all-at-once-cover,C:\Users\HP USER\.cache\kagglehub\datasets\thomaskonstantin\6000-children-and-teen-book-covers\versions\1\BookCovers\everything-all-at-once-cover.jpg
everything-you-need-for-a-treehouse,C:\Users\HP USER\.cache\kagglehub\datasets\thomaskonstantin\6000-children-and-teen-book-covers\versions\1\BookCovers\everything-you-need-for-a-treehouse.jpg
everywhere-babies,C:\Users\HP USER\.cache\kagglehub\datasets\thomaskonstantin\6000-children-and-teen-book-covers\versions\1\BookCovers\everywhere-babies.jpg
evie-s-ghost,C:\Users\HP USER\.cache\kagglehub\datasets\thomaskonstantin\6000-children-and-teen-book-covers\versions\1\BookCovers\evie-s-ghost.jpg
evie-s-magic-bracelet,C:\Users\HP USER\.cache\kagglehub\datasets\thomaskonstantin\6000-children-and-teen-book-covers\versions\1\BookCovers\evie-s-magic-bracelet.jpg
evil-emperor-penguin-almost-takes-over-the-world,C:\Users\HP USER\.cache\kagglehub\datasets\thomaskonstantin\6000-children-and-teen-book-covers\versions\1\BookCovers\evil-emperor-penguin-almost-takes-over-the-world.jpg
evilstar,C:\Users\HP USER\.cache\kagglehub\datasets\thomaskonstantin\6000-children-and-teen-book-covers\versions\1\BookCovers\evilstar.jpg
excuse-me-is-this-india,C:\Users\HP USER\.cache\kagglehub\datasets\thomaskonstantin\6000-children-and-teen-book-covers\versions\1\BookCovers\excuse-me-is-this-india.jpg
explorers-on-black-ice-bridge,C:\Users\HP USER\.cache\kagglehub\datasets\thomaskonstantin\6000-children-and-teen-book-covers\versions\1\BookCovers\explorers-on-black-ice-bridge.jpg
explorers-on-witch-mountain,C:\Users\HP USER\.cache\kagglehub\datasets\thomaskonstantin\6000-children-and-teen-book-covers\versions\1\BookCovers\explorers-on-witch-mountain.jpg
extraordinary-birds,C:\Users\HP USER\.cache\kagglehub\datasets\thomaskonstantin\6000-children-and-teen-book-covers\versions\1\BookCovers\extraordinary-birds.jpg
extraordinary,C:\Users\HP USER\.cache\kagglehub\datasets\thomaskonstantin\6000-children-and-teen-book-covers\versions\1\BookCovers\extraordinary.jpg
f2-galaxy-of-football-attack-of-the-football-cyborgs,C:\Users\HP USER\.cache\kagglehub\datasets\thomaskonstantin\6000-children-and-teen-book-covers\versions\1\BookCovers\f2-galaxy-of-football-attack-of-the-football-cyborgs.jpg
fabio-the-worlds-greatest-flamingo-detective,C:\Users\HP USER\.cache\kagglehub\datasets\thomaskonstantin\6000-children-and-teen-book-covers\versions\1\BookCovers\fabio-the-worlds-greatest-flamingo-detective.jpg
fabulous-foskett-family-circus,C:\Users\HP USER\.cache\kagglehub\datasets\thomaskonstantin\6000-children-and-teen-book-covers\versions\1\BookCovers\fabulous-foskett-family-circus.jpg
facepainting-cover-high-res,C:\Users\HP USER\.cache\kagglehub\datasets\thomaskonstantin\6000-children-and-teen-book-covers\versions\1\BookCovers\facepainting-cover-high-res.jpg
faces,C:\Users\HP USER\.cache\kagglehub\datasets\thomaskonstantin\6000-children-and-teen-book-covers\versions\1\BookCovers\faces.jpg
factfeed-the-ultimate-book-of-randomly-awesome-trivia,C:\Users\HP USER\.cache\kagglehub\datasets\thomaskonstantin\6000-children-and-teen-book-covers\versions\1\BookCovers\factfeed-the-ultimate-book-of-randomly-awesome-trivia.jpg
fahrenheit-451,C:\Users\HP USER\.cache\kagglehub\datasets\thomaskonstantin\6000-children-and-teen-book-covers\versions\1\BookCovers\fahrenheit-451.jpg
fairy-magi,C:\Users\HP USER\.cache\kagglehub\datasets\thomaskonstantin\6000-children-and-teen-book-covers\versions\1\BookCovers\fairy-magi.jpg
fairytale-hairdresser,C:\Users\HP USER\.cache\kagglehub\datasets\thomaskonstantin\6000-children-and-teen-book-covers\versions\1\BookCovers\fairytale-hairdresser.jpg
falconer,C:\Users\HP USER\.cache\kagglehub\datasets\thomaskonstantin\6000-children-and-teen-book-covers\versions\1\BookCovers\falconer.jpg
falconersknot,C:\Users\HP USER\.cache\kagglehub\datasets\thomaskonstantin\6000-children-and-teen-book-covers\versions\1\BookCovers\falconersknot.jpg
fallen-grace,C:\Users\HP USER\.cache\kagglehub\datasets\thomaskonstantin\6000-children-and-teen-book-covers\versions\1\BookCovers\fallen-grace.jpg
fallen,C:\Users\HP USER\.cache\kagglehub\datasets\thomaskonstantin\6000-children-and-teen-book-covers\versions\1\BookCovers\fallen.jpg
fame-thing,C:\Users\HP USER\.cache\kagglehub\datasets\thomaskonstantin\6000-children-and-teen-book-covers\versions\1\BookCovers\fame-thing.jpg
families-families-families,C:\Users\HP USER\.cache\kagglehub\datasets\thomaskonstantin\6000-children-and-teen-book-covers\versions\1\BookCovers\families-families-families.jpg
famishedroad,C:\Users\HP USER\.cache\kagglehub\datasets\thomaskonstantin\6000-children-and-teen-book-covers\versions\1\BookCovers\famishedroad.jpg
fanatical-about-frogs,C:\Users\HP USER\.cache\kagglehub\datasets\thomaskonstantin\6000-children-and-teen-book-covers\versions\1\BookCovers\fanatical-about-frogs.jpg
fantastic-football-poms,C:\Users\HP USER\.cache\kagglehub\datasets\thomaskonstantin\6000-children-and-teen-book-covers\versions\1\BookCovers\fantastic-football-poms.jpg
fantastic-footballers,C:\Users\HP USER\.cache\kagglehub\datasets\thomaskonstantin\6000-children-and-teen-book-covers\versions\1\BookCovers\fantastic-footballers.jpg
fantastic-people-who-dared-to-fail,C:\Users\HP USER\.cache\kagglehub\datasets\thomaskonstantin\6000-children-and-teen-book-covers\versions\1\BookCovers\fantastic-people-who-dared-to-fail.jpg
fantastically-great-women-who-changed-the-world,C:\Users\HP USER\.cache\kagglehub\datasets\thomaskonstantin\6000-children-and-teen-book-covers\versions\1\BookCovers\fantastically-great-women-who-changed-the-world.jpg
fantasy-sports-1,C:\Users\HP USER\.cache\kagglehub\datasets\thomaskonstantin\6000-children-and-teen-book-covers\versions\1\BookCovers\fantasy-sports-1.jpg
far-from-home,C:\Users\HP USER\.cache\kagglehub\datasets\thomaskonstantin\6000-children-and-teen-book-covers\versions\1\BookCovers\far-from-home.jpg
far-from-the-madding,C:\Users\HP USER\.cache\kagglehub\datasets\thomaskonstantin\6000-children-and-teen-book-covers\versions\1\BookCovers\far-from-the-madding.jpg
farewell-floppy,C:\Users\HP USER\.cache\kagglehub\datasets\thomaskonstantin\6000-children-and-teen-book-covers\versions\1\BookCovers\farewell-floppy.jpg
farm-boy,C:\Users\HP USER\.cache\kagglehub\datasets\thomaskonstantin\6000-children-and-teen-book-covers\versions\1\BookCovers\farm-boy.jpg
farmerduck,C:\Users\HP USER\.cache\kagglehub\datasets\thomaskonstantin\6000-children-and-teen-book-covers\versions\1\BookCovers\farmerduck.jpg
farmyard-friends-portly-pig,C:\Users\HP USER\.cache\kagglehub\datasets\thomaskonstantin\6000-children-and-teen-book-covers\versions\1\BookCovers\farmyard-friends-portly-pig.jpg
farrockaway,C:\Users\HP USER\.cache\kagglehub\datasets\thomaskonstantin\6000-children-and-teen-book-covers\versions\1\BookCovers\farrockaway.jpg
fashion-conscious---change-the-world-with-a-change-of-clothes,C:\Users\HP USER\.cache\kagglehub\datasets\thomaskonstantin\6000-children-and-teen-book-covers\versions\1\BookCovers\fashion-conscious---change-the-world-with-a-change-of-clothes.jpg
fast-forward-the-worlds-most-famous-race-tracks-and-race-cars,C:\Users\HP USER\.cache\kagglehub\datasets\thomaskonstantin\6000-children-and-teen-book-covers\versions\1\BookCovers\fast-forward-the-worlds-most-famous-race-tracks-and-race-cars.jpg
fat-boy-swims,C:\Users\HP USER\.cache\kagglehub\datasets\thomaskonstantin\6000-children-and-teen-book-covers\versions\1\BookCovers\fat-boy-swims.jpg
father-christmas-heard-a-parp,C:\Users\HP USER\.cache\kagglehub\datasets\thomaskonstantin\6000-children-and-teen-book-covers\versions\1\BookCovers\father-christmas-heard-a-parp.jpg
father-christmas-needs-a-wee,C:\Users\HP USER\.cache\kagglehub\datasets\thomaskonstantin\6000-children-and-teen-book-covers\versions\1\BookCovers\father-christmas-needs-a-wee.jpg
fatherchristmass,C:\Users\HP USER\.cache\kagglehub\datasets\thomaskonstantin\6000-children-and-teen-book-covers\versions\1\BookCovers\fatherchristmass.jpg
fe82097f-e28e-45e9-9cb0-3735b5194779-img100,C:\Users\HP USER\.cache\kagglehub\datasets\thomaskonstantin\6000-children-and-teen-book-covers\versions\1\BookCovers\fe82097f-e28e-45e9-9cb0-3735b5194779-img100.jpg
fearless-cover,C:\Users\HP USER\.cache\kagglehub\datasets\thomaskonstantin\6000-children-and-teen-book-covers\versions\1\BookCovers\fearless-cover.jpg
fearless-fairy-tales,C:\Users\HP USER\.cache\kagglehub\datasets\thomaskonstantin\6000-children-and-teen-book-covers\versions\1\BookCovers\fearless-fairy-tales.jpg
fearless,C:\Users\HP USER\.cache\kagglehub\datasets\thomaskonstantin\6000-children-and-teen-book-covers\versions\1\BookCovers\fearless.jpg
feel-better-daddy,C:\Users\HP USER\.cache\kagglehub\datasets\thomaskonstantin\6000-children-and-teen-book-covers\versions\1\BookCovers\feel-better-daddy.jpg
feeling-great,C:\Users\HP USER\.cache\kagglehub\datasets\thomaskonstantin\6000-children-and-teen-book-covers\versions\1\BookCovers\feeling-great.jpg
feersum-endjinn,C:\Users\HP USER\.cache\kagglehub\datasets\thomaskonstantin\6000-children-and-teen-book-covers\versions\1\BookCovers\feersum-endjinn.jpg
fergal-in-a-fix,C:\Users\HP USER\.cache\kagglehub\datasets\thomaskonstantin\6000-children-and-teen-book-covers\versions\1\BookCovers\fergal-in-a-fix.jpg
fergal-meets-fern,C:\Users\HP USER\.cache\kagglehub\datasets\thomaskonstantin\6000-children-and-teen-book-covers\versions\1\BookCovers\fergal-meets-fern.jpg
fever-crumb,C:\Users\HP USER\.cache\kagglehub\datasets\thomaskonstantin\6000-children-and-teen-book-covers\versions\1\BookCovers\fever-crumb.jpg
ffan-bach-rygbi-cymru,C:\Users\HP USER\.cache\kagglehub\datasets\thomaskonstantin\6000-children-and-teen-book-covers\versions\1\BookCovers\ffan-bach-rygbi-cymru.jpg
ffion-ar-tim-rygbi,C:\Users\HP USER\.cache\kagglehub\datasets\thomaskonstantin\6000-children-and-teen-book-covers\versions\1\BookCovers\ffion-ar-tim-rygbi.jpg
field-trip-to-the-moon,C:\Users\HP USER\.cache\kagglehub\datasets\thomaskonstantin\6000-children-and-teen-book-covers\versions\1\BookCovers\field-trip-to-the-moon.jpg
fiendish,C:\Users\HP USER\.cache\kagglehub\datasets\thomaskonstantin\6000-children-and-teen-book-covers\versions\1\BookCovers\fiendish.jpg
fightback,C:\Users\HP USER\.cache\kagglehub\datasets\thomaskonstantin\6000-children-and-teen-book-covers\versions\1\BookCovers\fightback.jpg
final,C:\Users\HP USER\.cache\kagglehub\datasets\thomaskonstantin\6000-children-and-teen-book-covers\versions\1\BookCovers\final.jpg
find-spot-at-the-zoo,C:\Users\HP USER\.cache\kagglehub\datasets\thomaskonstantin\6000-children-and-teen-book-covers\versions\1\BookCovers\find-spot-at-the-zoo.jpg
find-your-girl-squad,C:\Users\HP USER\.cache\kagglehub\datasets\thomaskonstantin\6000-children-and-teen-book-covers\versions\1\BookCovers\find-your-girl-squad.jpg
finding-a-voice,C:\Users\HP USER\.cache\kagglehub\datasets\thomaskonstantin\6000-children-and-teen-book-covers\versions\1\BookCovers\finding-a-voice.jpg
finding-black-beauty,C:\Users\HP USER\.cache\kagglehub\datasets\thomaskonstantin\6000-children-and-teen-book-covers\versions\1\BookCovers\finding-black-beauty.jpg
finding-gobi-cover,C:\Users\HP USER\.cache\kagglehub\datasets\thomaskonstantin\6000-children-and-teen-book-covers\versions\1\BookCovers\finding-gobi-cover.jpg
fins-fluff-and-other-stuff,C:\Users\HP USER\.cache\kagglehub\datasets\thomaskonstantin\6000-children-and-teen-book-covers\versions\1\BookCovers\fins-fluff-and-other-stuff.jpg
fintan-fedora-worlds-worst-explorer,C:\Users\HP USER\.cache\kagglehub\datasets\thomaskonstantin\6000-children-and-teen-book-covers\versions\1\BookCovers\fintan-fedora-worlds-worst-explorer.jpg
fire-boy,C:\Users\HP USER\.cache\kagglehub\datasets\thomaskonstantin\6000-children-and-teen-book-covers\versions\1\BookCovers\fire-boy.jpg
fire-thorns,C:\Users\HP USER\.cache\kagglehub\datasets\thomaskonstantin\6000-children-and-teen-book-covers\versions\1\BookCovers\fire-thorns.jpg
firebird-2,C:\Users\HP USER\.cache\kagglehub\datasets\thomaskonstantin\6000-children-and-teen-book-covers\versions\1\BookCovers\firebird-2.jpg
firebird,C:\Users\HP USER\.cache\kagglehub\datasets\thomaskonstantin\6000-children-and-teen-book-covers\versions\1\BookCovers\firebird.jpg
firecity,C:\Users\HP USER\.cache\kagglehub\datasets\thomaskonstantin\6000-children-and-teen-book-covers\versions\1\BookCovers\firecity.jpg
firecrackers-cover,C:\Users\HP USER\.cache\kagglehub\datasets\thomaskonstantin\6000-children-and-teen-book-covers\versions\1\BookCovers\firecrackers-cover.jpg
firedreamer,C:\Users\HP USER\.cache\kagglehub\datasets\thomaskonstantin\6000-children-and-teen-book-covers\versions\1\BookCovers\firedreamer.jpg
fireeaters,C:\Users\HP USER\.cache\kagglehub\datasets\thomaskonstantin\6000-children-and-teen-book-covers\versions\1\BookCovers\fireeaters.jpg
firesong,C:\Users\HP USER\.cache\kagglehub\datasets\thomaskonstantin\6000-children-and-teen-book-covers\versions\1\BookCovers\firesong.jpg
first-book-of-opposites,C:\Users\HP USER\.cache\kagglehub\datasets\thomaskonstantin\6000-children-and-teen-book-covers\versions\1\BookCovers\first-book-of-opposites.jpg
first-case,C:\Users\HP USER\.cache\kagglehub\datasets\thomaskonstantin\6000-children-and-teen-book-covers\versions\1\BookCovers\first-case.jpg
first-day-at-skeleton-school,C:\Users\HP USER\.cache\kagglehub\datasets\thomaskonstantin\6000-children-and-teen-book-covers\versions\1\BookCovers\first-day-at-skeleton-school.jpg
first-explorers-beautiful-birds,C:\Users\HP USER\.cache\kagglehub\datasets\thomaskonstantin\6000-children-and-teen-book-covers\versions\1\BookCovers\first-explorers-beautiful-birds.jpg
first-prize-for-the-worst-witch,C:\Users\HP USER\.cache\kagglehub\datasets\thomaskonstantin\6000-children-and-teen-book-covers\versions\1\BookCovers\first-prize-for-the-worst-witch.jpg
first-word-will-be-dada,C:\Users\HP USER\.cache\kagglehub\datasets\thomaskonstantin\6000-children-and-teen-book-covers\versions\1\BookCovers\first-word-will-be-dada.jpg
fish-boy,C:\Users\HP USER\.cache\kagglehub\datasets\thomaskonstantin\6000-children-and-teen-book-covers\versions\1\BookCovers\fish-boy.jpg
fish-detective-mooneboy,C:\Users\HP USER\.cache\kagglehub\datasets\thomaskonstantin\6000-children-and-teen-book-covers\versions\1\BookCovers\fish-detective-mooneboy.jpg
fish-is-fish,C:\Users\HP USER\.cache\kagglehub\datasets\thomaskonstantin\6000-children-and-teen-book-covers\versions\1\BookCovers\fish-is-fish.jpg
five-children-and-it,C:\Users\HP USER\.cache\kagglehub\datasets\thomaskonstantin\6000-children-and-teen-book-covers\versions\1\BookCovers\five-children-and-it.jpg
five-hundred-miles,C:\Users\HP USER\.cache\kagglehub\datasets\thomaskonstantin\6000-children-and-teen-book-covers\versions\1\BookCovers\five-hundred-miles.jpg
five-little-apples,C:\Users\HP USER\.cache\kagglehub\datasets\thomaskonstantin\6000-children-and-teen-book-covers\versions\1\BookCovers\five-little-apples.jpg
five-little-ducks,C:\Users\HP USER\.cache\kagglehub\datasets\thomaskonstantin\6000-children-and-teen-book-covers\versions\1\BookCovers\five-little-ducks.jpg
five-minutes-peace,C:\Users\HP USER\.cache\kagglehub\datasets\thomaskonstantin\6000-children-and-teen-book-covers\versions\1\BookCovers\five-minutes-peace.jpg
five-more-minutes,C:\Users\HP USER\.cache\kagglehub\datasets\thomaskonstantin\6000-children-and-teen-book-covers\versions\1\BookCovers\five-more-minutes.jpg
five-things-they-never-told-me,C:\Users\HP USER\.cache\kagglehub\datasets\thomaskonstantin\6000-children-and-teen-book-covers\versions\1\BookCovers\five-things-they-never-told-me.jpg
flambards,C:\Users\HP USER\.cache\kagglehub\datasets\thomaskonstantin\6000-children-and-teen-book-covers\versions\1\BookCovers\flambards.jpg
flash-of-blue,C:\Users\HP USER\.cache\kagglehub\datasets\thomaskonstantin\6000-children-and-teen-book-covers\versions\1\BookCovers\flash-of-blue.jpg
flat-cat,C:\Users\HP USER\.cache\kagglehub\datasets\thomaskonstantin\6000-children-and-teen-book-covers\versions\1\BookCovers\flat-cat.jpg
flat-stanley,C:\Users\HP USER\.cache\kagglehub\datasets\thomaskonstantin\6000-children-and-teen-book-covers\versions\1\BookCovers\flat-stanley.jpg
fleabg,C:\Users\HP USER\.cache\kagglehub\datasets\thomaskonstantin\6000-children-and-teen-book-covers\versions\1\BookCovers\fleabg.jpg
flesh-and-blood-cover,C:\Users\HP USER\.cache\kagglehub\datasets\thomaskonstantin\6000-children-and-teen-book-covers\versions\1\BookCovers\flesh-and-blood-cover.jpg
flesh-and-blood,C:\Users\HP USER\.cache\kagglehub\datasets\thomaskonstantin\6000-children-and-teen-book-covers\versions\1\BookCovers\flesh-and-blood.jpg
fleshmarket,C:\Users\HP USER\.cache\kagglehub\datasets\thomaskonstantin\6000-children-and-teen-book-covers\versions\1\BookCovers\fleshmarket.jpg
flights-of-fancy,C:\Users\HP USER\.cache\kagglehub\datasets\thomaskonstantin\6000-children-and-teen-book-covers\versions\1\BookCovers\flights-of-fancy.jpg
flightsend,C:\Users\HP USER\.cache\kagglehub\datasets\thomaskonstantin\6000-children-and-teen-book-covers\versions\1\BookCovers\flightsend.jpg
flip-flap-dogs,C:\Users\HP USER\.cache\kagglehub\datasets\thomaskonstantin\6000-children-and-teen-book-covers\versions\1\BookCovers\flip-flap-dogs.jpg
fliprapunzel,C:\Users\HP USER\.cache\kagglehub\datasets\thomaskonstantin\6000-children-and-teen-book-covers\versions\1\BookCovers\fliprapunzel.jpg
flirty-dancing,C:\Users\HP USER\.cache\kagglehub\datasets\thomaskonstantin\6000-children-and-teen-book-covers\versions\1\BookCovers\flirty-dancing.jpg
flood-child,C:\Users\HP USER\.cache\kagglehub\datasets\thomaskonstantin\6000-children-and-teen-book-covers\versions\1\BookCovers\flood-child.jpg
flood-fang,C:\Users\HP USER\.cache\kagglehub\datasets\thomaskonstantin\6000-children-and-teen-book-covers\versions\1\BookCovers\flood-fang.jpg
floodworld,C:\Users\HP USER\.cache\kagglehub\datasets\thomaskonstantin\6000-children-and-teen-book-covers\versions\1\BookCovers\floodworld.jpg
florentineandpigpirate,C:\Users\HP USER\.cache\kagglehub\datasets\thomaskonstantin\6000-children-and-teen-book-covers\versions\1\BookCovers\florentineandpigpirate.jpg
flour-babies,C:\Users\HP USER\.cache\kagglehub\datasets\thomaskonstantin\6000-children-and-teen-book-covers\versions\1\BookCovers\flour-babies.jpg
flowers4algernon,C:\Users\HP USER\.cache\kagglehub\datasets\thomaskonstantin\6000-children-and-teen-book-covers\versions\1\BookCovers\flowers4algernon.jpg
flumflum,C:\Users\HP USER\.cache\kagglehub\datasets\thomaskonstantin\6000-children-and-teen-book-covers\versions\1\BookCovers\flumflum.jpg
flush-,C:\Users\HP USER\.cache\kagglehub\datasets\thomaskonstantin\6000-children-and-teen-book-covers\versions\1\BookCovers\flush-.jpg
fly,C:\Users\HP USER\.cache\kagglehub\datasets\thomaskonstantin\6000-children-and-teen-book-covers\versions\1\BookCovers\fly.jpg
flyaway-blanket,C:\Users\HP USER\.cache\kagglehub\datasets\thomaskonstantin\6000-children-and-teen-book-covers\versions\1\BookCovers\flyaway-blanket.jpg
flyawayy,C:\Users\HP USER\.cache\kagglehub\datasets\thomaskonstantin\6000-children-and-teen-book-covers\versions\1\BookCovers\flyawayy.jpg
flybynight,C:\Users\HP USER\.cache\kagglehub\datasets\thomaskonstantin\6000-children-and-teen-book-covers\versions\1\BookCovers\flybynight.jpg
flying-colours-a-guide-to-flags-from-around-the-world,C:\Users\HP USER\.cache\kagglehub\datasets\thomaskonstantin\6000-children-and-teen-book-covers\versions\1\BookCovers\flying-colours-a-guide-to-flags-from-around-the-world.jpg
flying-free,C:\Users\HP USER\.cache\kagglehub\datasets\thomaskonstantin\6000-children-and-teen-book-covers\versions\1\BookCovers\flying-free.jpg
flyntlock-bones---the-sceptre-of-the-pharaohs,C:\Users\HP USER\.cache\kagglehub\datasets\thomaskonstantin\6000-children-and-teen-book-covers\versions\1\BookCovers\flyntlock-bones---the-sceptre-of-the-pharaohs.jpg
flyntlock-bones-the-eye-of-mogdrod,C:\Users\HP USER\.cache\kagglehub\datasets\thomaskonstantin\6000-children-and-teen-book-covers\versions\1\BookCovers\flyntlock-bones-the-eye-of-mogdrod.jpg
follow-me,C:\Users\HP USER\.cache\kagglehub\datasets\thomaskonstantin\6000-children-and-teen-book-covers\versions\1\BookCovers\follow-me.jpg
follow-that-bear-if-you-dare,C:\Users\HP USER\.cache\kagglehub\datasets\thomaskonstantin\6000-children-and-teen-book-covers\versions\1\BookCovers\follow-that-bear-if-you-dare.jpg
follow-the-moon-home,C:\Users\HP USER\.cache\kagglehub\datasets\thomaskonstantin\6000-children-and-teen-book-covers\versions\1\BookCovers\follow-the-moon-home.jpg
follow-the-swallow,C:\Users\HP USER\.cache\kagglehub\datasets\thomaskonstantin\6000-children-and-teen-book-covers\versions\1\BookCovers\follow-the-swallow.jpg
food-and-faith,C:\Users\HP USER\.cache\kagglehub\datasets\thomaskonstantin\6000-children-and-teen-book-covers\versions\1\BookCovers\food-and-faith.jpg
football-school-epic-heroes,C:\Users\HP USER\.cache\kagglehub\datasets\thomaskonstantin\6000-children-and-teen-book-covers\versions\1\BookCovers\football-school-epic-heroes.jpg
football-school-season-3-cover-image,C:\Users\HP USER\.cache\kagglehub\datasets\thomaskonstantin\6000-children-and-teen-book-covers\versions\1\BookCovers\football-school-season-3-cover-image.jpg
football-school-season-four,C:\Users\HP USER\.cache\kagglehub\datasets\thomaskonstantin\6000-children-and-teen-book-covers\versions\1\BookCovers\football-school-season-four.jpg
football-school-star-players,C:\Users\HP USER\.cache\kagglehub\datasets\thomaskonstantin\6000-children-and-teen-book-covers\versions\1\BookCovers\football-school-star-players.jpg
football-school,C:\Users\HP USER\.cache\kagglehub\datasets\thomaskonstantin\6000-children-and-teen-book-covers\versions\1\BookCovers\football-school.jpg
footnotes-in-gaza,C:\Users\HP USER\.cache\kagglehub\datasets\thomaskonstantin\6000-children-and-teen-book-covers\versions\1\BookCovers\footnotes-in-gaza.jpg
footpath-flowers,C:\Users\HP USER\.cache\kagglehub\datasets\thomaskonstantin\6000-children-and-teen-book-covers\versions\1\BookCovers\footpath-flowers.jpg
for-all-the-stars-across-the-sky,C:\Users\HP USER\.cache\kagglehub\datasets\thomaskonstantin\6000-children-and-teen-book-covers\versions\1\BookCovers\for-all-the-stars-across-the-sky.jpg
for-every-one,C:\Users\HP USER\.cache\kagglehub\datasets\thomaskonstantin\6000-children-and-teen-book-covers\versions\1\BookCovers\for-every-one.jpg
foreshadowing-,C:\Users\HP USER\.cache\kagglehub\datasets\thomaskonstantin\6000-children-and-teen-book-covers\versions\1\BookCovers\foreshadowing-.jpg
forever-geek,C:\Users\HP USER\.cache\kagglehub\datasets\thomaskonstantin\6000-children-and-teen-book-covers\versions\1\BookCovers\forever-geek.jpg
forever,C:\Users\HP USER\.cache\kagglehub\datasets\thomaskonstantin\6000-children-and-teen-book-covers\versions\1\BookCovers\forever.jpg
forge-cover,C:\Users\HP USER\.cache\kagglehub\datasets\thomaskonstantin\6000-children-and-teen-book-covers\versions\1\BookCovers\forge-cover.jpg
forgedinthefire,C:\Users\HP USER\.cache\kagglehub\datasets\thomaskonstantin\6000-children-and-teen-book-covers\versions\1\BookCovers\forgedinthefire.jpg
forgive-me-leonard-peacocks,C:\Users\HP USER\.cache\kagglehub\datasets\thomaskonstantin\6000-children-and-teen-book-covers\versions\1\BookCovers\forgive-me-leonard-peacocks.jpg
fortunately-unfortunately,C:\Users\HP USER\.cache\kagglehub\datasets\thomaskonstantin\6000-children-and-teen-book-covers\versions\1\BookCovers\fortunately-unfortunately.jpg
foulplay,C:\Users\HP USER\.cache\kagglehub\datasets\thomaskonstantin\6000-children-and-teen-book-covers\versions\1\BookCovers\foulplay.jpg
four-seasons-of-lucy-mckenzie,C:\Users\HP USER\.cache\kagglehub\datasets\thomaskonstantin\6000-children-and-teen-book-covers\versions\1\BookCovers\four-seasons-of-lucy-mckenzie.jpg
four-silly-skeletons,C:\Users\HP USER\.cache\kagglehub\datasets\thomaskonstantin\6000-children-and-teen-book-covers\versions\1\BookCovers\four-silly-skeletons.jpg
fox-and-chick-the-party,C:\Users\HP USER\.cache\kagglehub\datasets\thomaskonstantin\6000-children-and-teen-book-covers\versions\1\BookCovers\fox-and-chick-the-party.jpg
fox-investigates,C:\Users\HP USER\.cache\kagglehub\datasets\thomaskonstantin\6000-children-and-teen-book-covers\versions\1\BookCovers\fox-investigates.jpg
fox-s-socks,C:\Users\HP USER\.cache\kagglehub\datasets\thomaskonstantin\6000-children-and-teen-book-covers\versions\1\BookCovers\fox-s-socks.jpg
foxcub,C:\Users\HP USER\.cache\kagglehub\datasets\thomaskonstantin\6000-children-and-teen-book-covers\versions\1\BookCovers\foxcub.jpg
foxly-s-feast,C:\Users\HP USER\.cache\kagglehub\datasets\thomaskonstantin\6000-children-and-teen-book-covers\versions\1\BookCovers\foxly-s-feast.jpg
foxy-and-egg,C:\Users\HP USER\.cache\kagglehub\datasets\thomaskonstantin\6000-children-and-teen-book-covers\versions\1\BookCovers\foxy-and-egg.jpg
foxy-tales-the-cunning-plan,C:\Users\HP USER\.cache\kagglehub\datasets\thomaskonstantin\6000-children-and-teen-book-covers\versions\1\BookCovers\foxy-tales-the-cunning-plan.jpg
fracture,C:\Users\HP USER\.cache\kagglehub\datasets\thomaskonstantin\6000-children-and-teen-book-covers\versions\1\BookCovers\fracture.jpg
framed-,C:\Users\HP USER\.cache\kagglehub\datasets\thomaskonstantin\6000-children-and-teen-book-covers\versions\1\BookCovers\framed-.jpg
frank-einstein-electric-finger,C:\Users\HP USER\.cache\kagglehub\datasets\thomaskonstantin\6000-children-and-teen-book-covers\versions\1\BookCovers\frank-einstein-electric-finger.jpg
frank-einstein1,C:\Users\HP USER\.cache\kagglehub\datasets\thomaskonstantin\6000-children-and-teen-book-covers\versions\1\BookCovers\frank-einstein1.jpg
frank,C:\Users\HP USER\.cache\kagglehub\datasets\thomaskonstantin\6000-children-and-teen-book-covers\versions\1\BookCovers\frank.jpg
frankenstein,C:\Users\HP USER\.cache\kagglehub\datasets\thomaskonstantin\6000-children-and-teen-book-covers\versions\1\BookCovers\frankenstein.jpg
franklins-flying-bookshop,C:\Users\HP USER\.cache\kagglehub\datasets\thomaskonstantin\6000-children-and-teen-book-covers\versions\1\BookCovers\franklins-flying-bookshop.jpg
freak-the-mighty,C:\Users\HP USER\.cache\kagglehub\datasets\thomaskonstantin\6000-children-and-teen-book-covers\versions\1\BookCovers\freak-the-mighty.jpg
freaks,C:\Users\HP USER\.cache\kagglehub\datasets\thomaskonstantin\6000-children-and-teen-book-covers\versions\1\BookCovers\freaks.jpg
freaky-and-fearless,C:\Users\HP USER\.cache\kagglehub\datasets\thomaskonstantin\6000-children-and-teen-book-covers\versions\1\BookCovers\freaky-and-fearless.jpg
fred-wizard-in-trouble,C:\Users\HP USER\.cache\kagglehub\datasets\thomaskonstantin\6000-children-and-teen-book-covers\versions\1\BookCovers\fred-wizard-in-trouble.jpg
freddie-and-the-fairy,C:\Users\HP USER\.cache\kagglehub\datasets\thomaskonstantin\6000-children-and-teen-book-covers\versions\1\BookCovers\freddie-and-the-fairy.jpg
freddie-mole-lion-tamer,C:\Users\HP USER\.cache\kagglehub\datasets\thomaskonstantin\6000-children-and-teen-book-covers\versions\1\BookCovers\freddie-mole-lion-tamer.jpg
freddies-amazing-bakery-great-raspberry-mix-up,C:\Users\HP USER\.cache\kagglehub\datasets\thomaskonstantin\6000-children-and-teen-book-covers\versions\1\BookCovers\freddies-amazing-bakery-great-raspberry-mix-up.jpg
freddy-and-the-pig,C:\Users\HP USER\.cache\kagglehub\datasets\thomaskonstantin\6000-children-and-teen-book-covers\versions\1\BookCovers\freddy-and-the-pig.jpg
freddy-vs-school,C:\Users\HP USER\.cache\kagglehub\datasets\thomaskonstantin\6000-children-and-teen-book-covers\versions\1\BookCovers\freddy-vs-school.jpg
free-lance-and-the-field-of-blood,C:\Users\HP USER\.cache\kagglehub\datasets\thomaskonstantin\6000-children-and-teen-book-covers\versions\1\BookCovers\free-lance-and-the-field-of-blood.jpg
free-lance-and-the-lake-of-skulls,C:\Users\HP USER\.cache\kagglehub\datasets\thomaskonstantin\6000-children-and-teen-book-covers\versions\1\BookCovers\free-lance-and-the-lake-of-skulls.jpg
freedom-1783,C:\Users\HP USER\.cache\kagglehub\datasets\thomaskonstantin\6000-children-and-teen-book-covers\versions\1\BookCovers\freedom-1783.jpg
freedom-we-sing,C:\Users\HP USER\.cache\kagglehub\datasets\thomaskonstantin\6000-children-and-teen-book-covers\versions\1\BookCovers\freedom-we-sing.jpg
frenchkiss,C:\Users\HP USER\.cache\kagglehub\datasets\thomaskonstantin\6000-children-and-teen-book-covers\versions\1\BookCovers\frenchkiss.jpg
frida-and-bear,C:\Users\HP USER\.cache\kagglehub\datasets\thomaskonstantin\6000-children-and-teen-book-covers\versions\1\BookCovers\frida-and-bear.jpg
frida-kahlo,C:\Users\HP USER\.cache\kagglehub\datasets\thomaskonstantin\6000-children-and-teen-book-covers\versions\1\BookCovers\frida-kahlo.jpg
friendly-matches,C:\Users\HP USER\.cache\kagglehub\datasets\thomaskonstantin\6000-children-and-teen-book-covers\versions\1\BookCovers\friendly-matches.jpg
friends-helen,C:\Users\HP USER\.cache\kagglehub\datasets\thomaskonstantin\6000-children-and-teen-book-covers\versions\1\BookCovers\friends-helen.jpg
friends,C:\Users\HP USER\.cache\kagglehub\datasets\thomaskonstantin\6000-children-and-teen-book-covers\versions\1\BookCovers\friends.jpg
frightfully-friendly-ghosties,C:\Users\HP USER\.cache\kagglehub\datasets\thomaskonstantin\6000-children-and-teen-book-covers\versions\1\BookCovers\frightfully-friendly-ghosties.jpg
frockodile,C:\Users\HP USER\.cache\kagglehub\datasets\thomaskonstantin\6000-children-and-teen-book-covers\versions\1\BookCovers\frockodile.jpg
frog-is-frog,C:\Users\HP USER\.cache\kagglehub\datasets\thomaskonstantin\6000-children-and-teen-book-covers\versions\1\BookCovers\frog-is-frog.jpg
frog-is-in-love,C:\Users\HP USER\.cache\kagglehub\datasets\thomaskonstantin\6000-children-and-teen-book-covers\versions\1\BookCovers\frog-is-in-love.jpg
frogandstranger,C:\Users\HP USER\.cache\kagglehub\datasets\thomaskonstantin\6000-children-and-teen-book-covers\versions\1\BookCovers\frogandstranger.jpg
frogkisser-,C:\Users\HP USER\.cache\kagglehub\datasets\thomaskonstantin\6000-children-and-teen-book-covers\versions\1\BookCovers\frogkisser-.jpg
from-acorn-to-zoo,C:\Users\HP USER\.cache\kagglehub\datasets\thomaskonstantin\6000-children-and-teen-book-covers\versions\1\BookCovers\from-acorn-to-zoo.jpg
from-head-to-toe,C:\Users\HP USER\.cache\kagglehub\datasets\thomaskonstantin\6000-children-and-teen-book-covers\versions\1\BookCovers\from-head-to-toe.jpg
from-hereabout-hill,C:\Users\HP USER\.cache\kagglehub\datasets\thomaskonstantin\6000-children-and-teen-book-covers\versions\1\BookCovers\from-hereabout-hill.jpg
front-cover,C:\Users\HP USER\.cache\kagglehub\datasets\thomaskonstantin\6000-children-and-teen-book-covers\versions\1\BookCovers\front-cover.jpg
front-desk,C:\Users\HP USER\.cache\kagglehub\datasets\thomaskonstantin\6000-children-and-teen-book-covers\versions\1\BookCovers\front-desk.jpg
front-lines,C:\Users\HP USER\.cache\kagglehub\datasets\thomaskonstantin\6000-children-and-teen-book-covers\versions\1\BookCovers\front-lines.jpg
frostfire,C:\Users\HP USER\.cache\kagglehub\datasets\thomaskonstantin\6000-children-and-teen-book-covers\versions\1\BookCovers\frostfire.jpg
frostheart-2,C:\Users\HP USER\.cache\kagglehub\datasets\thomaskonstantin\6000-children-and-teen-book-covers\versions\1\BookCovers\frostheart-2.jpg
frostheart-escape-from-aurora,C:\Users\HP USER\.cache\kagglehub\datasets\thomaskonstantin\6000-children-and-teen-book-covers\versions\1\BookCovers\frostheart-escape-from-aurora.jpg
frozen---heart-of-dread,C:\Users\HP USER\.cache\kagglehub\datasets\thomaskonstantin\6000-children-and-teen-book-covers\versions\1\BookCovers\frozen---heart-of-dread.jpg
frozen-in-time2,C:\Users\HP USER\.cache\kagglehub\datasets\thomaskonstantin\6000-children-and-teen-book-covers\versions\1\BookCovers\frozen-in-time2.jpg
fruit-in-suits,C:\Users\HP USER\.cache\kagglehub\datasets\thomaskonstantin\6000-children-and-teen-book-covers\versions\1\BookCovers\fruit-in-suits.jpg
fruitloops,C:\Users\HP USER\.cache\kagglehub\datasets\thomaskonstantin\6000-children-and-teen-book-covers\versions\1\BookCovers\fruitloops.jpg
fruits-of-india,C:\Users\HP USER\.cache\kagglehub\datasets\thomaskonstantin\6000-children-and-teen-book-covers\versions\1\BookCovers\fruits-of-india.jpg
fruits,C:\Users\HP USER\.cache\kagglehub\datasets\thomaskonstantin\6000-children-and-teen-book-covers\versions\1\BookCovers\fruits.jpg
fun-home,C:\Users\HP USER\.cache\kagglehub\datasets\thomaskonstantin\6000-children-and-teen-book-covers\versions\1\BookCovers\fun-home.jpg
fun-with-twts-2,C:\Users\HP USER\.cache\kagglehub\datasets\thomaskonstantin\6000-children-and-teen-book-covers\versions\1\BookCovers\fun-with-twts-2.jpg
fungus-the-bogeyman-book-cover,C:\Users\HP USER\.cache\kagglehub\datasets\thomaskonstantin\6000-children-and-teen-book-covers\versions\1\BookCovers\fungus-the-bogeyman-book-cover.jpg
funky-chickens,C:\Users\HP USER\.cache\kagglehub\datasets\thomaskonstantin\6000-children-and-teen-book-covers\versions\1\BookCovers\funky-chickens.jpg
funny-face,C:\Users\HP USER\.cache\kagglehub\datasets\thomaskonstantin\6000-children-and-teen-book-covers\versions\1\BookCovers\funny-face.jpg
funny-thing-happened-on-the-way-to-school-today,C:\Users\HP USER\.cache\kagglehub\datasets\thomaskonstantin\6000-children-and-teen-book-covers\versions\1\BookCovers\funny-thing-happened-on-the-way-to-school-today.jpg
funnybones,C:\Users\HP USER\.cache\kagglehub\datasets\thomaskonstantin\6000-children-and-teen-book-covers\versions\1\BookCovers\funnybones.jpg
furnacelockdown,C:\Users\HP USER\.cache\kagglehub\datasets\thomaskonstantin\6000-children-and-teen-book-covers\versions\1\BookCovers\furnacelockdown.jpg
furthermore,C:\Users\HP USER\.cache\kagglehub\datasets\thomaskonstantin\6000-children-and-teen-book-covers\versions\1\BookCovers\furthermore.jpg
future-friend,C:\Users\HP USER\.cache\kagglehub\datasets\thomaskonstantin\6000-children-and-teen-book-covers\versions\1\BookCovers\future-friend.jpg
future-girl,C:\Users\HP USER\.cache\kagglehub\datasets\thomaskonstantin\6000-children-and-teen-book-covers\versions\1\BookCovers\future-girl.jpg
future-prez,C:\Users\HP USER\.cache\kagglehub\datasets\thomaskonstantin\6000-children-and-teen-book-covers\versions\1\BookCovers\future-prez.jpg
future-ratboy,C:\Users\HP USER\.cache\kagglehub\datasets\thomaskonstantin\6000-children-and-teen-book-covers\versions\1\BookCovers\future-ratboy.jpg
fuzz-mcflops,C:\Users\HP USER\.cache\kagglehub\datasets\thomaskonstantin\6000-children-and-teen-book-covers\versions\1\BookCovers\fuzz-mcflops.jpg
fuzzy-mud-hi-res,C:\Users\HP USER\.cache\kagglehub\datasets\thomaskonstantin\6000-children-and-teen-book-covers\versions\1\BookCovers\fuzzy-mud-hi-res.jpg
g,C:\Users\HP USER\.cache\kagglehub\datasets\thomaskonstantin\6000-children-and-teen-book-covers\versions\1\BookCovers\g.jpg
gadgetman,C:\Users\HP USER\.cache\kagglehub\datasets\thomaskonstantin\6000-children-and-teen-book-covers\versions\1\BookCovers\gadgetman.jpg
gaiman,C:\Users\HP USER\.cache\kagglehub\datasets\thomaskonstantin\6000-children-and-teen-book-covers\versions\1\BookCovers\gaiman.jpg
galloglass,C:\Users\HP USER\.cache\kagglehub\datasets\thomaskonstantin\6000-children-and-teen-book-covers\versions\1\BookCovers\galloglass.jpg
game-of-lines,C:\Users\HP USER\.cache\kagglehub\datasets\thomaskonstantin\6000-children-and-teen-book-covers\versions\1\BookCovers\game-of-lines.jpg
game-of-tops-and-tails,C:\Users\HP USER\.cache\kagglehub\datasets\thomaskonstantin\6000-children-and-teen-book-covers\versions\1\BookCovers\game-of-tops-and-tails.jpg
game-on-rai,C:\Users\HP USER\.cache\kagglehub\datasets\thomaskonstantin\6000-children-and-teen-book-covers\versions\1\BookCovers\game-on-rai.jpg
gamer,C:\Users\HP USER\.cache\kagglehub\datasets\thomaskonstantin\6000-children-and-teen-book-covers\versions\1\BookCovers\gamer.jpg
gaming-record-breakers,C:\Users\HP USER\.cache\kagglehub\datasets\thomaskonstantin\6000-children-and-teen-book-covers\versions\1\BookCovers\gaming-record-breakers.jpg
garbageking,C:\Users\HP USER\.cache\kagglehub\datasets\thomaskonstantin\6000-children-and-teen-book-covers\versions\1\BookCovers\garbageking.jpg
garys-banana-drama,C:\Users\HP USER\.cache\kagglehub\datasets\thomaskonstantin\6000-children-and-teen-book-covers\versions\1\BookCovers\garys-banana-drama.jpg
gaslight,C:\Users\HP USER\.cache\kagglehub\datasets\thomaskonstantin\6000-children-and-teen-book-covers\versions\1\BookCovers\gaslight.jpg
gathering-voices,C:\Users\HP USER\.cache\kagglehub\datasets\thomaskonstantin\6000-children-and-teen-book-covers\versions\1\BookCovers\gathering-voices.jpg
gatheringblue,C:\Users\HP USER\.cache\kagglehub\datasets\thomaskonstantin\6000-children-and-teen-book-covers\versions\1\BookCovers\gatheringblue.jpg
geiriau-2,C:\Users\HP USER\.cache\kagglehub\datasets\thomaskonstantin\6000-children-and-teen-book-covers\versions\1\BookCovers\geiriau-2.jpg
geis-2-a-game-without-rules,C:\Users\HP USER\.cache\kagglehub\datasets\thomaskonstantin\6000-children-and-teen-book-covers\versions\1\BookCovers\geis-2-a-game-without-rules.jpg
geis,C:\Users\HP USER\.cache\kagglehub\datasets\thomaskonstantin\6000-children-and-teen-book-covers\versions\1\BookCovers\geis.jpg
gentleman-jim,C:\Users\HP USER\.cache\kagglehub\datasets\thomaskonstantin\6000-children-and-teen-book-covers\versions\1\BookCovers\gentleman-jim.jpg
gently-bentley,C:\Users\HP USER\.cache\kagglehub\datasets\thomaskonstantin\6000-children-and-teen-book-covers\versions\1\BookCovers\gently-bentley.jpg
george-and-the-big-bang,C:\Users\HP USER\.cache\kagglehub\datasets\thomaskonstantin\6000-children-and-teen-book-covers\versions\1\BookCovers\george-and-the-big-bang.jpg
george-and-the-dragon,C:\Users\HP USER\.cache\kagglehub\datasets\thomaskonstantin\6000-children-and-teen-book-covers\versions\1\BookCovers\george-and-the-dragon.jpg
george-s-dragon,C:\Users\HP USER\.cache\kagglehub\datasets\thomaskonstantin\6000-children-and-teen-book-covers\versions\1\BookCovers\george-s-dragon.jpg
georgea,C:\Users\HP USER\.cache\kagglehub\datasets\thomaskonstantin\6000-children-and-teen-book-covers\versions\1\BookCovers\georgea.jpg
georgessecretkey,C:\Users\HP USER\.cache\kagglehub\datasets\thomaskonstantin\6000-children-and-teen-book-covers\versions\1\BookCovers\georgessecretkey.jpg
geronimo,C:\Users\HP USER\.cache\kagglehub\datasets\thomaskonstantin\6000-children-and-teen-book-covers\versions\1\BookCovers\geronimo.jpg
get-me-out-of-here,C:\Users\HP USER\.cache\kagglehub\datasets\thomaskonstantin\6000-children-and-teen-book-covers\versions\1\BookCovers\get-me-out-of-here.jpg
get-that-ball,C:\Users\HP USER\.cache\kagglehub\datasets\thomaskonstantin\6000-children-and-teen-book-covers\versions\1\BookCovers\get-that-ball.jpg
get-up-elizabeth,C:\Users\HP USER\.cache\kagglehub\datasets\thomaskonstantin\6000-children-and-teen-book-covers\versions\1\BookCovers\get-up-elizabeth.jpg
getting-ready,C:\Users\HP USER\.cache\kagglehub\datasets\thomaskonstantin\6000-children-and-teen-book-covers\versions\1\BookCovers\getting-ready.jpg
ghost-boys,C:\Users\HP USER\.cache\kagglehub\datasets\thomaskonstantin\6000-children-and-teen-book-covers\versions\1\BookCovers\ghost-boys.jpg
ghost-of-the-trenches,C:\Users\HP USER\.cache\kagglehub\datasets\thomaskonstantin\6000-children-and-teen-book-covers\versions\1\BookCovers\ghost-of-the-trenches.jpg
ghost-stadium,C:\Users\HP USER\.cache\kagglehub\datasets\thomaskonstantin\6000-children-and-teen-book-covers\versions\1\BookCovers\ghost-stadium.jpg
ghost-world,C:\Users\HP USER\.cache\kagglehub\datasets\thomaskonstantin\6000-children-and-teen-book-covers\versions\1\BookCovers\ghost-world.jpg
ghost-writer,C:\Users\HP USER\.cache\kagglehub\datasets\thomaskonstantin\6000-children-and-teen-book-covers\versions\1\BookCovers\ghost-writer.jpg
ghost,C:\Users\HP USER\.cache\kagglehub\datasets\thomaskonstantin\6000-children-and-teen-book-covers\versions\1\BookCovers\ghost.jpg
ghostbride,C:\Users\HP USER\.cache\kagglehub\datasets\thomaskonstantin\6000-children-and-teen-book-covers\versions\1\BookCovers\ghostbride.jpg
ghosthawk,C:\Users\HP USER\.cache\kagglehub\datasets\thomaskonstantin\6000-children-and-teen-book-covers\versions\1\BookCovers\ghosthawk.jpg
ghostknight,C:\Users\HP USER\.cache\kagglehub\datasets\thomaskonstantin\6000-children-and-teen-book-covers\versions\1\BookCovers\ghostknight.jpg
ghostyshocks-and-the-three-scares,C:\Users\HP USER\.cache\kagglehub\datasets\thomaskonstantin\6000-children-and-teen-book-covers\versions\1\BookCovers\ghostyshocks-and-the-three-scares.jpg
ghoul-scouts-welcome-to-camp-croak,C:\Users\HP USER\.cache\kagglehub\datasets\thomaskonstantin\6000-children-and-teen-book-covers\versions\1\BookCovers\ghoul-scouts-welcome-to-camp-croak.jpg
giant-turnip-9781852697884,C:\Users\HP USER\.cache\kagglehub\datasets\thomaskonstantin\6000-children-and-teen-book-covers\versions\1\BookCovers\giant-turnip-9781852697884.jpg
gigantosaurus-front-cover-smaller-for-web,C:\Users\HP USER\.cache\kagglehub\datasets\thomaskonstantin\6000-children-and-teen-book-covers\versions\1\BookCovers\gigantosaurus-front-cover-smaller-for-web.jpg
ginger-and-the-mystery-visitor,C:\Users\HP USER\.cache\kagglehub\datasets\thomaskonstantin\6000-children-and-teen-book-covers\versions\1\BookCovers\ginger-and-the-mystery-visitor.jpg
ginger,C:\Users\HP USER\.cache\kagglehub\datasets\thomaskonstantin\6000-children-and-teen-book-covers\versions\1\BookCovers\ginger.jpg
giraffe-problems,C:\Users\HP USER\.cache\kagglehub\datasets\thomaskonstantin\6000-children-and-teen-book-covers\versions\1\BookCovers\giraffe-problems.jpg
giraffes-cant-dance,C:\Users\HP USER\.cache\kagglehub\datasets\thomaskonstantin\6000-children-and-teen-book-covers\versions\1\BookCovers\giraffes-cant-dance.jpg
girl-38,C:\Users\HP USER\.cache\kagglehub\datasets\thomaskonstantin\6000-children-and-teen-book-covers\versions\1\BookCovers\girl-38.jpg
girl-at-midnight,C:\Users\HP USER\.cache\kagglehub\datasets\thomaskonstantin\6000-children-and-teen-book-covers\versions\1\BookCovers\girl-at-midnight.jpg
girl-hearts-girl,C:\Users\HP USER\.cache\kagglehub\datasets\thomaskonstantin\6000-children-and-teen-book-covers\versions\1\BookCovers\girl-hearts-girl.jpg
girl-of-ink-and-stars,C:\Users\HP USER\.cache\kagglehub\datasets\thomaskonstantin\6000-children-and-teen-book-covers\versions\1\BookCovers\girl-of-ink-and-stars.jpg
girl-on-a-plane,C:\Users\HP USER\.cache\kagglehub\datasets\thomaskonstantin\6000-children-and-teen-book-covers\versions\1\BookCovers\girl-on-a-plane.jpg
girl-onlined,C:\Users\HP USER\.cache\kagglehub\datasets\thomaskonstantin\6000-children-and-teen-book-covers\versions\1\BookCovers\girl-onlined.jpg
girl-out-of-water,C:\Users\HP USER\.cache\kagglehub\datasets\thomaskonstantin\6000-children-and-teen-book-covers\versions\1\BookCovers\girl-out-of-water.jpg
girl-vs-boy-band,C:\Users\HP USER\.cache\kagglehub\datasets\thomaskonstantin\6000-children-and-teen-book-covers\versions\1\BookCovers\girl-vs-boy-band.jpg
girl-who-walked-on-air,C:\Users\HP USER\.cache\kagglehub\datasets\thomaskonstantin\6000-children-and-teen-book-covers\versions\1\BookCovers\girl-who-walked-on-air.jpg
girl-with-bird-s-nest-hair,C:\Users\HP USER\.cache\kagglehub\datasets\thomaskonstantin\6000-children-and-teen-book-covers\versions\1\BookCovers\girl-with-bird-s-nest-hair.jpg
girl-with-no-nose,C:\Users\HP USER\.cache\kagglehub\datasets\thomaskonstantin\6000-children-and-teen-book-covers\versions\1\BookCovers\girl-with-no-nose.jpg
girls-can-vlog-lucy-locket-online-disaster,C:\Users\HP USER\.cache\kagglehub\datasets\thomaskonstantin\6000-children-and-teen-book-covers\versions\1\BookCovers\girls-can-vlog-lucy-locket-online-disaster.jpg
girls-under-pressure,C:\Users\HP USER\.cache\kagglehub\datasets\thomaskonstantin\6000-children-and-teen-book-covers\versions\1\BookCovers\girls-under-pressure.jpg
girls-who-rocked-the-world,C:\Users\HP USER\.cache\kagglehub\datasets\thomaskonstantin\6000-children-and-teen-book-covers\versions\1\BookCovers\girls-who-rocked-the-world.jpg
girlsinlove,C:\Users\HP USER\.cache\kagglehub\datasets\thomaskonstantin\6000-children-and-teen-book-covers\versions\1\BookCovers\girlsinlove.jpg
girlwithawhitedog,C:\Users\HP USER\.cache\kagglehub\datasets\thomaskonstantin\6000-children-and-teen-book-covers\versions\1\BookCovers\girlwithawhitedog.jpg
gita-the-battle-of-the-worlds,C:\Users\HP USER\.cache\kagglehub\datasets\thomaskonstantin\6000-children-and-teen-book-covers\versions\1\BookCovers\gita-the-battle-of-the-worlds.jpg
give-me-shelter,C:\Users\HP USER\.cache\kagglehub\datasets\thomaskonstantin\6000-children-and-teen-book-covers\versions\1\BookCovers\give-me-shelter.jpg
give-peas-a-chance,C:\Users\HP USER\.cache\kagglehub\datasets\thomaskonstantin\6000-children-and-teen-book-covers\versions\1\BookCovers\give-peas-a-chance.jpg
give-us-a-smile-cinderella,C:\Users\HP USER\.cache\kagglehub\datasets\thomaskonstantin\6000-children-and-teen-book-covers\versions\1\BookCovers\give-us-a-smile-cinderella.jpg
glass-mountain,C:\Users\HP USER\.cache\kagglehub\datasets\thomaskonstantin\6000-children-and-teen-book-covers\versions\1\BookCovers\glass-mountain.jpg
glass-sword,C:\Users\HP USER\.cache\kagglehub\datasets\thomaskonstantin\6000-children-and-teen-book-covers\versions\1\BookCovers\glass-sword.jpg
glitch,C:\Users\HP USER\.cache\kagglehub\datasets\thomaskonstantin\6000-children-and-teen-book-covers\versions\1\BookCovers\glitch.jpg
glorias-voice,C:\Users\HP USER\.cache\kagglehub\datasets\thomaskonstantin\6000-children-and-teen-book-covers\versions\1\BookCovers\glorias-voice.jpg
gnome,C:\Users\HP USER\.cache\kagglehub\datasets\thomaskonstantin\6000-children-and-teen-book-covers\versions\1\BookCovers\gnome.jpg
go-go-pirate-boat,C:\Users\HP USER\.cache\kagglehub\datasets\thomaskonstantin\6000-children-and-teen-book-covers\versions\1\BookCovers\go-go-pirate-boat.jpg
go-to-bed-cover,C:\Users\HP USER\.cache\kagglehub\datasets\thomaskonstantin\6000-children-and-teen-book-covers\versions\1\BookCovers\go-to-bed-cover.jpg
go-wild-in-the-woods,C:\Users\HP USER\.cache\kagglehub\datasets\thomaskonstantin\6000-children-and-teen-book-covers\versions\1\BookCovers\go-wild-in-the-woods.jpg
goddesses-and-heroines-women-of-myth-and-legend,C:\Users\HP USER\.cache\kagglehub\datasets\thomaskonstantin\6000-children-and-teen-book-covers\versions\1\BookCovers\goddesses-and-heroines-women-of-myth-and-legend.jpg
goggle-eyes,C:\Users\HP USER\.cache\kagglehub\datasets\thomaskonstantin\6000-children-and-teen-book-covers\versions\1\BookCovers\goggle-eyes.jpg
going-batty,C:\Users\HP USER\.cache\kagglehub\datasets\thomaskonstantin\6000-children-and-teen-book-covers\versions\1\BookCovers\going-batty.jpg
going-to-the-volcano,C:\Users\HP USER\.cache\kagglehub\datasets\thomaskonstantin\6000-children-and-teen-book-covers\versions\1\BookCovers\going-to-the-volcano.jpg
goldfish-boy,C:\Users\HP USER\.cache\kagglehub\datasets\thomaskonstantin\6000-children-and-teen-book-covers\versions\1\BookCovers\goldfish-boy.jpg
goldilocks-and-the-three-bears,C:\Users\HP USER\.cache\kagglehub\datasets\thomaskonstantin\6000-children-and-teen-book-covers\versions\1\BookCovers\goldilocks-and-the-three-bears.jpg
goldilocks-on-cctv,C:\Users\HP USER\.cache\kagglehub\datasets\thomaskonstantin\6000-children-and-teen-book-covers\versions\1\BookCovers\goldilocks-on-cctv.jpg
goldilocks,C:\Users\HP USER\.cache\kagglehub\datasets\thomaskonstantin\6000-children-and-teen-book-covers\versions\1\BookCovers\goldilocks.jpg
goldilocks2,C:\Users\HP USER\.cache\kagglehub\datasets\thomaskonstantin\6000-children-and-teen-book-covers\versions\1\BookCovers\goldilocks2.jpg
gone-,C:\Users\HP USER\.cache\kagglehub\datasets\thomaskonstantin\6000-children-and-teen-book-covers\versions\1\BookCovers\gone-.jpg
good-day-good-night,C:\Users\HP USER\.cache\kagglehub\datasets\thomaskonstantin\6000-children-and-teen-book-covers\versions\1\BookCovers\good-day-good-night.jpg
good-dog-bad-dog,C:\Users\HP USER\.cache\kagglehub\datasets\thomaskonstantin\6000-children-and-teen-book-covers\versions\1\BookCovers\good-dog-bad-dog.jpg
good-dog-lion,C:\Users\HP USER\.cache\kagglehub\datasets\thomaskonstantin\6000-children-and-teen-book-covers\versions\1\BookCovers\good-dog-lion.jpg
good-dog-mctavish,C:\Users\HP USER\.cache\kagglehub\datasets\thomaskonstantin\6000-children-and-teen-book-covers\versions\1\BookCovers\good-dog-mctavish.jpg
good-night-a-pop-up-lullaby,C:\Users\HP USER\.cache\kagglehub\datasets\thomaskonstantin\6000-children-and-teen-book-covers\versions\1\BookCovers\good-night-a-pop-up-lullaby.jpg
good-night-like-this-cover,C:\Users\HP USER\.cache\kagglehub\datasets\thomaskonstantin\6000-children-and-teen-book-covers\versions\1\BookCovers\good-night-like-this-cover.jpg
good-night-stories-for-rebel-girls,C:\Users\HP USER\.cache\kagglehub\datasets\thomaskonstantin\6000-children-and-teen-book-covers\versions\1\BookCovers\good-night-stories-for-rebel-girls.jpg
goodbye-house-hello-house,C:\Users\HP USER\.cache\kagglehub\datasets\thomaskonstantin\6000-children-and-teen-book-covers\versions\1\BookCovers\goodbye-house-hello-house.jpg
goodly-and-grave-in-a-bad-case-of-kidnap,C:\Users\HP USER\.cache\kagglehub\datasets\thomaskonstantin\6000-children-and-teen-book-covers\versions\1\BookCovers\goodly-and-grave-in-a-bad-case-of-kidnap.jpg
goodnight-baby-moon,C:\Users\HP USER\.cache\kagglehub\datasets\thomaskonstantin\6000-children-and-teen-book-covers\versions\1\BookCovers\goodnight-baby-moon.jpg
goodnight-bear,C:\Users\HP USER\.cache\kagglehub\datasets\thomaskonstantin\6000-children-and-teen-book-covers\versions\1\BookCovers\goodnight-bear.jpg
goodnight-everyone,C:\Users\HP USER\.cache\kagglehub\datasets\thomaskonstantin\6000-children-and-teen-book-covers\versions\1\BookCovers\goodnight-everyone.jpg
goodnight-little-bunny-web,C:\Users\HP USER\.cache\kagglehub\datasets\thomaskonstantin\6000-children-and-teen-book-covers\versions\1\BookCovers\goodnight-little-bunny-web.jpg
goodnight-little-llama,C:\Users\HP USER\.cache\kagglehub\datasets\thomaskonstantin\6000-children-and-teen-book-covers\versions\1\BookCovers\goodnight-little-llama.jpg
goodnight-monkey,C:\Users\HP USER\.cache\kagglehub\datasets\thomaskonstantin\6000-children-and-teen-book-covers\versions\1\BookCovers\goodnight-monkey.jpg
goodnight-mr-tom,C:\Users\HP USER\.cache\kagglehub\datasets\thomaskonstantin\6000-children-and-teen-book-covers\versions\1\BookCovers\goodnight-mr-tom.jpg
goodnight-spaceman,C:\Users\HP USER\.cache\kagglehub\datasets\thomaskonstantin\6000-children-and-teen-book-covers\versions\1\BookCovers\goodnight-spaceman.jpg
goodnight-tiger,C:\Users\HP USER\.cache\kagglehub\datasets\thomaskonstantin\6000-children-and-teen-book-covers\versions\1\BookCovers\goodnight-tiger.jpg
goodnight-tiptoe,C:\Users\HP USER\.cache\kagglehub\datasets\thomaskonstantin\6000-children-and-teen-book-covers\versions\1\BookCovers\goodnight-tiptoe.jpg
goodnight-world-web,C:\Users\HP USER\.cache\kagglehub\datasets\thomaskonstantin\6000-children-and-teen-book-covers\versions\1\BookCovers\goodnight-world-web.jpg
gorilla-dawn,C:\Users\HP USER\.cache\kagglehub\datasets\thomaskonstantin\6000-children-and-teen-book-covers\versions\1\BookCovers\gorilla-dawn.jpg
gorillaa,C:\Users\HP USER\.cache\kagglehub\datasets\thomaskonstantin\6000-children-and-teen-book-covers\versions\1\BookCovers\gorillaa.jpg
gormenghast,C:\Users\HP USER\.cache\kagglehub\datasets\thomaskonstantin\6000-children-and-teen-book-covers\versions\1\BookCovers\gormenghast.jpg
goth-girl-and-the-fete-worse-than-deaths,C:\Users\HP USER\.cache\kagglehub\datasets\thomaskonstantin\6000-children-and-teen-book-covers\versions\1\BookCovers\goth-girl-and-the-fete-worse-than-deaths.jpg
goth-girl-and-the-sinister-symphony,C:\Users\HP USER\.cache\kagglehub\datasets\thomaskonstantin\6000-children-and-teen-book-covers\versions\1\BookCovers\goth-girl-and-the-sinister-symphony.jpg
goth-girl-wuthering-fright,C:\Users\HP USER\.cache\kagglehub\datasets\thomaskonstantin\6000-children-and-teen-book-covers\versions\1\BookCovers\goth-girl-wuthering-fright.jpg
gothgirl,C:\Users\HP USER\.cache\kagglehub\datasets\thomaskonstantin\6000-children-and-teen-book-covers\versions\1\BookCovers\gothgirl.jpg
grab-that-rabbit,C:\Users\HP USER\.cache\kagglehub\datasets\thomaskonstantin\6000-children-and-teen-book-covers\versions\1\BookCovers\grab-that-rabbit.jpg
grace-and-family,C:\Users\HP USER\.cache\kagglehub\datasets\thomaskonstantin\6000-children-and-teen-book-covers\versions\1\BookCovers\grace-and-family.jpg
grace-hopper,C:\Users\HP USER\.cache\kagglehub\datasets\thomaskonstantin\6000-children-and-teen-book-covers\versions\1\BookCovers\grace-hopper.jpg
gracie-fairshaw-and-the-mysterious-guest,C:\Users\HP USER\.cache\kagglehub\datasets\thomaskonstantin\6000-children-and-teen-book-covers\versions\1\BookCovers\gracie-fairshaw-and-the-mysterious-guest.jpg
grandad-mandela,C:\Users\HP USER\.cache\kagglehub\datasets\thomaskonstantin\6000-children-and-teen-book-covers\versions\1\BookCovers\grandad-mandela.jpg
grandad-s-secret-giant,C:\Users\HP USER\.cache\kagglehub\datasets\thomaskonstantin\6000-children-and-teen-book-covers\versions\1\BookCovers\grandad-s-secret-giant.jpg
grandads-camper,C:\Users\HP USER\.cache\kagglehub\datasets\thomaskonstantin\6000-children-and-teen-book-covers\versions\1\BookCovers\grandads-camper.jpg
grandads-island,C:\Users\HP USER\.cache\kagglehub\datasets\thomaskonstantin\6000-children-and-teen-book-covers\versions\1\BookCovers\grandads-island.jpg
grandma-dangerous-and-the-egg-of-glory,C:\Users\HP USER\.cache\kagglehub\datasets\thomaskonstantin\6000-children-and-teen-book-covers\versions\1\BookCovers\grandma-dangerous-and-the-egg-of-glory.jpg
grandma-jessica-shepherd,C:\Users\HP USER\.cache\kagglehub\datasets\thomaskonstantin\6000-children-and-teen-book-covers\versions\1\BookCovers\grandma-jessica-shepherd.jpg
grandma-s-bill,C:\Users\HP USER\.cache\kagglehub\datasets\thomaskonstantin\6000-children-and-teen-book-covers\versions\1\BookCovers\grandma-s-bill.jpg
grandmas-from-mars,C:\Users\HP USER\.cache\kagglehub\datasets\thomaskonstantin\6000-children-and-teen-book-covers\versions\1\BookCovers\grandmas-from-mars.jpg
grandpa-bert-and-the-ghost-snatchers,C:\Users\HP USER\.cache\kagglehub\datasets\thomaskonstantin\6000-children-and-teen-book-covers\versions\1\BookCovers\grandpa-bert-and-the-ghost-snatchers.jpg
grandville-mon-amour,C:\Users\HP USER\.cache\kagglehub\datasets\thomaskonstantin\6000-children-and-teen-book-covers\versions\1\BookCovers\grandville-mon-amour.jpg
grandville,C:\Users\HP USER\.cache\kagglehub\datasets\thomaskonstantin\6000-children-and-teen-book-covers\versions\1\BookCovers\grandville.jpg
granny-ting-ting,C:\Users\HP USER\.cache\kagglehub\datasets\thomaskonstantin\6000-children-and-teen-book-covers\versions\1\BookCovers\granny-ting-ting.jpg
granpa,C:\Users\HP USER\.cache\kagglehub\datasets\thomaskonstantin\6000-children-and-teen-book-covers\versions\1\BookCovers\granpa.jpg
grasshopper-jungles,C:\Users\HP USER\.cache\kagglehub\datasets\thomaskonstantin\6000-children-and-teen-book-covers\versions\1\BookCovers\grasshopper-jungles.jpg
grave-matter,C:\Users\HP USER\.cache\kagglehub\datasets\thomaskonstantin\6000-children-and-teen-book-covers\versions\1\BookCovers\grave-matter.jpg
great-cheese-robbery,C:\Users\HP USER\.cache\kagglehub\datasets\thomaskonstantin\6000-children-and-teen-book-covers\versions\1\BookCovers\great-cheese-robbery.jpg
great-jones-street,C:\Users\HP USER\.cache\kagglehub\datasets\thomaskonstantin\6000-children-and-teen-book-covers\versions\1\BookCovers\great-jones-street.jpg
great-lives-in-graphics-cleopatra,C:\Users\HP USER\.cache\kagglehub\datasets\thomaskonstantin\6000-children-and-teen-book-covers\versions\1\BookCovers\great-lives-in-graphics-cleopatra.jpg
greek-myths,C:\Users\HP USER\.cache\kagglehub\datasets\thomaskonstantin\6000-children-and-teen-book-covers\versions\1\BookCovers\greek-myths.jpg
green-eggs-and-ham,C:\Users\HP USER\.cache\kagglehub\datasets\thomaskonstantin\6000-children-and-teen-book-covers\versions\1\BookCovers\green-eggs-and-ham.jpg
green-glass-beads,C:\Users\HP USER\.cache\kagglehub\datasets\thomaskonstantin\6000-children-and-teen-book-covers\versions\1\BookCovers\green-glass-beads.jpg
green-lizards,C:\Users\HP USER\.cache\kagglehub\datasets\thomaskonstantin\6000-children-and-teen-book-covers\versions\1\BookCovers\green-lizards.jpg
greta-zargo-and-the-death-robots-from-outer-space,C:\Users\HP USER\.cache\kagglehub\datasets\thomaskonstantin\6000-children-and-teen-book-covers\versions\1\BookCovers\greta-zargo-and-the-death-robots-from-outer-space.jpg
grill-pan-eddy,C:\Users\HP USER\.cache\kagglehub\datasets\thomaskonstantin\6000-children-and-teen-book-covers\versions\1\BookCovers\grill-pan-eddy.jpg
grinch,C:\Users\HP USER\.cache\kagglehub\datasets\thomaskonstantin\6000-children-and-teen-book-covers\versions\1\BookCovers\grinch.jpg
grindle-witch,C:\Users\HP USER\.cache\kagglehub\datasets\thomaskonstantin\6000-children-and-teen-book-covers\versions\1\BookCovers\grindle-witch.jpg
grobblechops,C:\Users\HP USER\.cache\kagglehub\datasets\thomaskonstantin\6000-children-and-teen-book-covers\versions\1\BookCovers\grobblechops.jpg
grown-ups-never-do-that,C:\Users\HP USER\.cache\kagglehub\datasets\thomaskonstantin\6000-children-and-teen-book-covers\versions\1\BookCovers\grown-ups-never-do-that.jpg
grrrrr-,C:\Users\HP USER\.cache\kagglehub\datasets\thomaskonstantin\6000-children-and-teen-book-covers\versions\1\BookCovers\grrrrr-.jpg
gruffchild,C:\Users\HP USER\.cache\kagglehub\datasets\thomaskonstantin\6000-children-and-teen-book-covers\versions\1\BookCovers\gruffchild.jpg
grumpy-frog2,C:\Users\HP USER\.cache\kagglehub\datasets\thomaskonstantin\6000-children-and-teen-book-covers\versions\1\BookCovers\grumpy-frog2.jpg
grumpycorn,C:\Users\HP USER\.cache\kagglehub\datasets\thomaskonstantin\6000-children-and-teen-book-covers\versions\1\BookCovers\grumpycorn.jpg
grunts,C:\Users\HP USER\.cache\kagglehub\datasets\thomaskonstantin\6000-children-and-teen-book-covers\versions\1\BookCovers\grunts.jpg
guard-dog,C:\Users\HP USER\.cache\kagglehub\datasets\thomaskonstantin\6000-children-and-teen-book-covers\versions\1\BookCovers\guard-dog.jpg
guardians-of-the-wild-unicorns,C:\Users\HP USER\.cache\kagglehub\datasets\thomaskonstantin\6000-children-and-teen-book-covers\versions\1\BookCovers\guardians-of-the-wild-unicorns.jpg
guess-how-much-i-love-you-cover,C:\Users\HP USER\.cache\kagglehub\datasets\thomaskonstantin\6000-children-and-teen-book-covers\versions\1\BookCovers\guess-how-much-i-love-you-cover.jpg
guide-to-bear-spotting,C:\Users\HP USER\.cache\kagglehub\datasets\thomaskonstantin\6000-children-and-teen-book-covers\versions\1\BookCovers\guide-to-bear-spotting.jpg
guitar-girl,C:\Users\HP USER\.cache\kagglehub\datasets\thomaskonstantin\6000-children-and-teen-book-covers\versions\1\BookCovers\guitar-girl.jpg
gulliver,C:\Users\HP USER\.cache\kagglehub\datasets\thomaskonstantin\6000-children-and-teen-book-covers\versions\1\BookCovers\gulliver.jpg
gullstruckisland,C:\Users\HP USER\.cache\kagglehub\datasets\thomaskonstantin\6000-children-and-teen-book-covers\versions\1\BookCovers\gullstruckisland.jpg
gus-and-me,C:\Users\HP USER\.cache\kagglehub\datasets\thomaskonstantin\6000-children-and-teen-book-covers\versions\1\BookCovers\gus-and-me.jpg
gut-garden,C:\Users\HP USER\.cache\kagglehub\datasets\thomaskonstantin\6000-children-and-teen-book-covers\versions\1\BookCovers\gut-garden.jpg
gwiwerod-gwirion-bost-the-squirrels-who-squabbled,C:\Users\HP USER\.cache\kagglehub\datasets\thomaskonstantin\6000-children-and-teen-book-covers\versions\1\BookCovers\gwiwerod-gwirion-bost-the-squirrels-who-squabbled.jpg
gwynfor-y-wlithen-a-achubodd-y-nadolig,C:\Users\HP USER\.cache\kagglehub\datasets\thomaskonstantin\6000-children-and-teen-book-covers\versions\1\BookCovers\gwynfor-y-wlithen-a-achubodd-y-nadolig.jpg
gydan-gilydd,C:\Users\HP USER\.cache\kagglehub\datasets\thomaskonstantin\6000-children-and-teen-book-covers\versions\1\BookCovers\gydan-gilydd.jpg
gydd-ar-y-fferm-goose-on-the-farm,C:\Users\HP USER\.cache\kagglehub\datasets\thomaskonstantin\6000-children-and-teen-book-covers\versions\1\BookCovers\gydd-ar-y-fferm-goose-on-the-farm.jpg
gym-teacher-is-alien-overlord,C:\Users\HP USER\.cache\kagglehub\datasets\thomaskonstantin\6000-children-and-teen-book-covers\versions\1\BookCovers\gym-teacher-is-alien-overlord.jpg
gypsy-girl2,C:\Users\HP USER\.cache\kagglehub\datasets\thomaskonstantin\6000-children-and-teen-book-covers\versions\1\BookCovers\gypsy-girl2.jpg
hacker-,C:\Users\HP USER\.cache\kagglehub\datasets\thomaskonstantin\6000-children-and-teen-book-covers\versions\1\BookCovers\hacker-.jpg
hackney-martian,C:\Users\HP USER\.cache\kagglehub\datasets\thomaskonstantin\6000-children-and-teen-book-covers\versions\1\BookCovers\hackney-martian.jpg
hair-in-funny-places,C:\Users\HP USER\.cache\kagglehub\datasets\thomaskonstantin\6000-children-and-teen-book-covers\versions\1\BookCovers\hair-in-funny-places.jpg
hair-its-a-family-affair,C:\Users\HP USER\.cache\kagglehub\datasets\thomaskonstantin\6000-children-and-teen-book-covers\versions\1\BookCovers\hair-its-a-family-affair.jpg
hairy-hezekiah,C:\Users\HP USER\.cache\kagglehub\datasets\thomaskonstantin\6000-children-and-teen-book-covers\versions\1\BookCovers\hairy-hezekiah.jpg
hairy-maclary-s-bone,C:\Users\HP USER\.cache\kagglehub\datasets\thomaskonstantin\6000-children-and-teen-book-covers\versions\1\BookCovers\hairy-maclary-s-bone.jpg
hairy-maclary,C:\Users\HP USER\.cache\kagglehub\datasets\thomaskonstantin\6000-children-and-teen-book-covers\versions\1\BookCovers\hairy-maclary.jpg
half-a-creature-from-the-seas,C:\Users\HP USER\.cache\kagglehub\datasets\thomaskonstantin\6000-children-and-teen-book-covers\versions\1\BookCovers\half-a-creature-from-the-seas.jpg
half-a-kings,C:\Users\HP USER\.cache\kagglehub\datasets\thomaskonstantin\6000-children-and-teen-book-covers\versions\1\BookCovers\half-a-kings.jpg
half-brother,C:\Users\HP USER\.cache\kagglehub\datasets\thomaskonstantin\6000-children-and-teen-book-covers\versions\1\BookCovers\half-brother.jpg
half-of-a-yellow,C:\Users\HP USER\.cache\kagglehub\datasets\thomaskonstantin\6000-children-and-teen-book-covers\versions\1\BookCovers\half-of-a-yellow.jpg
halibutjackson,C:\Users\HP USER\.cache\kagglehub\datasets\thomaskonstantin\6000-children-and-teen-book-covers\versions\1\BookCovers\halibutjackson.jpg
halo,C:\Users\HP USER\.cache\kagglehub\datasets\thomaskonstantin\6000-children-and-teen-book-covers\versions\1\BookCovers\halo.jpg
hamish-and-the-neverpeople,C:\Users\HP USER\.cache\kagglehub\datasets\thomaskonstantin\6000-children-and-teen-book-covers\versions\1\BookCovers\hamish-and-the-neverpeople.jpg
hamish-world-stoppers,C:\Users\HP USER\.cache\kagglehub\datasets\thomaskonstantin\6000-children-and-teen-book-covers\versions\1\BookCovers\hamish-world-stoppers.jpg
hamish,C:\Users\HP USER\.cache\kagglehub\datasets\thomaskonstantin\6000-children-and-teen-book-covers\versions\1\BookCovers\hamish.jpg
handa-s-surprise,C:\Users\HP USER\.cache\kagglehub\datasets\thomaskonstantin\6000-children-and-teen-book-covers\versions\1\BookCovers\handa-s-surprise.jpg
handas-noisy-night,C:\Users\HP USER\.cache\kagglehub\datasets\thomaskonstantin\6000-children-and-teen-book-covers\versions\1\BookCovers\handas-noisy-night.jpg
handstand,C:\Users\HP USER\.cache\kagglehub\datasets\thomaskonstantin\6000-children-and-teen-book-covers\versions\1\BookCovers\handstand.jpg
hang-in-there-bozo2,C:\Users\HP USER\.cache\kagglehub\datasets\thomaskonstantin\6000-children-and-teen-book-covers\versions\1\BookCovers\hang-in-there-bozo2.jpg
hansel--gretel,C:\Users\HP USER\.cache\kagglehub\datasets\thomaskonstantin\6000-children-and-teen-book-covers\versions\1\BookCovers\hansel--gretel.jpg
hansel-and-gretel-cover,C:\Users\HP USER\.cache\kagglehub\datasets\thomaskonstantin\6000-children-and-teen-book-covers\versions\1\BookCovers\hansel-and-gretel-cover.jpg
hansel-and-gretel,C:\Users\HP USER\.cache\kagglehub\datasets\thomaskonstantin\6000-children-and-teen-book-covers\versions\1\BookCovers\hansel-and-gretel.jpg
hansel-gretel,C:\Users\HP USER\.cache\kagglehub\datasets\thomaskonstantin\6000-children-and-teen-book-covers\versions\1\BookCovers\hansel-gretel.jpg
happy-girl-lucky,C:\Users\HP USER\.cache\kagglehub\datasets\thomaskonstantin\6000-children-and-teen-book-covers\versions\1\BookCovers\happy-girl-lucky.jpg
happy-halloween,C:\Users\HP USER\.cache\kagglehub\datasets\thomaskonstantin\6000-children-and-teen-book-covers\versions\1\BookCovers\happy-halloween.jpg
happy-hector,C:\Users\HP USER\.cache\kagglehub\datasets\thomaskonstantin\6000-children-and-teen-book-covers\versions\1\BookCovers\happy-hector.jpg
happy-in-our-skin,C:\Users\HP USER\.cache\kagglehub\datasets\thomaskonstantin\6000-children-and-teen-book-covers\versions\1\BookCovers\happy-in-our-skin.jpg
happy-to-be-me,C:\Users\HP USER\.cache\kagglehub\datasets\thomaskonstantin\6000-children-and-teen-book-covers\versions\1\BookCovers\happy-to-be-me.jpg
hapus-happy,C:\Users\HP USER\.cache\kagglehub\datasets\thomaskonstantin\6000-children-and-teen-book-covers\versions\1\BookCovers\hapus-happy.jpg
harold-s-hungry-eyes,C:\Users\HP USER\.cache\kagglehub\datasets\thomaskonstantin\6000-children-and-teen-book-covers\versions\1\BookCovers\harold-s-hungry-eyes.jpg
harold-snipperpots-best-disaster-ever,C:\Users\HP USER\.cache\kagglehub\datasets\thomaskonstantin\6000-children-and-teen-book-covers\versions\1\BookCovers\harold-snipperpots-best-disaster-ever.jpg
harper-and-the-circus-of-dreams,C:\Users\HP USER\.cache\kagglehub\datasets\thomaskonstantin\6000-children-and-teen-book-covers\versions\1\BookCovers\harper-and-the-circus-of-dreams.jpg
harper-and-the-fire-star,C:\Users\HP USER\.cache\kagglehub\datasets\thomaskonstantin\6000-children-and-teen-book-covers\versions\1\BookCovers\harper-and-the-fire-star.jpg
harper-and-the-night-forest,C:\Users\HP USER\.cache\kagglehub\datasets\thomaskonstantin\6000-children-and-teen-book-covers\versions\1\BookCovers\harper-and-the-night-forest.jpg
harriet-versus-the-galaxy,C:\Users\HP USER\.cache\kagglehub\datasets\thomaskonstantin\6000-children-and-teen-book-covers\versions\1\BookCovers\harriet-versus-the-galaxy.jpg
harris-finds-his-feet,C:\Users\HP USER\.cache\kagglehub\datasets\thomaskonstantin\6000-children-and-teen-book-covers\versions\1\BookCovers\harris-finds-his-feet.jpg
harry-and-the-bucketful,C:\Users\HP USER\.cache\kagglehub\datasets\thomaskonstantin\6000-children-and-teen-book-covers\versions\1\BookCovers\harry-and-the-bucketful.jpg
harry-and-the-dinosaurs-first-sleepover,C:\Users\HP USER\.cache\kagglehub\datasets\thomaskonstantin\6000-children-and-teen-book-covers\versions\1\BookCovers\harry-and-the-dinosaurs-first-sleepover.jpg
harry-and-the-dinosours-go-to-school,C:\Users\HP USER\.cache\kagglehub\datasets\thomaskonstantin\6000-children-and-teen-book-covers\versions\1\BookCovers\harry-and-the-dinosours-go-to-school.jpg
harry-and-the-monster,C:\Users\HP USER\.cache\kagglehub\datasets\thomaskonstantin\6000-children-and-teen-book-covers\versions\1\BookCovers\harry-and-the-monster.jpg
harry-potter-and-the-prisoner-of-azkaban,C:\Users\HP USER\.cache\kagglehub\datasets\thomaskonstantin\6000-children-and-teen-book-covers\versions\1\BookCovers\harry-potter-and-the-prisoner-of-azkaban.jpg
harry-stevenson,C:\Users\HP USER\.cache\kagglehub\datasets\thomaskonstantin\6000-children-and-teen-book-covers\versions\1\BookCovers\harry-stevenson.jpg
harry-the-dirty-dog,C:\Users\HP USER\.cache\kagglehub\datasets\thomaskonstantin\6000-children-and-teen-book-covers\versions\1\BookCovers\harry-the-dirty-dog.jpg
harryanddinosaurshappybday,C:\Users\HP USER\.cache\kagglehub\datasets\thomaskonstantin\6000-children-and-teen-book-covers\versions\1\BookCovers\harryanddinosaurshappybday.jpg
harvey-slumfenburgers-christmas-present,C:\Users\HP USER\.cache\kagglehub\datasets\thomaskonstantin\6000-children-and-teen-book-covers\versions\1\BookCovers\harvey-slumfenburgers-christmas-present.jpg
has-anyone-seen-jessica-jenkins,C:\Users\HP USER\.cache\kagglehub\datasets\thomaskonstantin\6000-children-and-teen-book-covers\versions\1\BookCovers\has-anyone-seen-jessica-jenkins.jpg
hate,C:\Users\HP USER\.cache\kagglehub\datasets\thomaskonstantin\6000-children-and-teen-book-covers\versions\1\BookCovers\hate.jpg
hats-of-faith,C:\Users\HP USER\.cache\kagglehub\datasets\thomaskonstantin\6000-children-and-teen-book-covers\versions\1\BookCovers\hats-of-faith.jpg
haunt-dead-scared,C:\Users\HP USER\.cache\kagglehub\datasets\thomaskonstantin\6000-children-and-teen-book-covers\versions\1\BookCovers\haunt-dead-scared.jpg
haunt-me,C:\Users\HP USER\.cache\kagglehub\datasets\thomaskonstantin\6000-children-and-teen-book-covers\versions\1\BookCovers\haunt-me.jpg
haunted-house,C:\Users\HP USER\.cache\kagglehub\datasets\thomaskonstantin\6000-children-and-teen-book-covers\versions\1\BookCovers\haunted-house.jpg
have-you-seen-elephant,C:\Users\HP USER\.cache\kagglehub\datasets\thomaskonstantin\6000-children-and-teen-book-covers\versions\1\BookCovers\have-you-seen-elephant.jpg
having-fun,C:\Users\HP USER\.cache\kagglehub\datasets\thomaskonstantin\6000-children-and-teen-book-covers\versions\1\BookCovers\having-fun.jpg
head-over-heart,C:\Users\HP USER\.cache\kagglehub\datasets\thomaskonstantin\6000-children-and-teen-book-covers\versions\1\BookCovers\head-over-heart.jpg
head-shoulders-knees-and-toes,C:\Users\HP USER\.cache\kagglehub\datasets\thomaskonstantin\6000-children-and-teen-book-covers\versions\1\BookCovers\head-shoulders-knees-and-toes.jpg
heart-and-other-black-holes,C:\Users\HP USER\.cache\kagglehub\datasets\thomaskonstantin\6000-children-and-teen-book-covers\versions\1\BookCovers\heart-and-other-black-holes.jpg
heart-and-the-bottle,C:\Users\HP USER\.cache\kagglehub\datasets\thomaskonstantin\6000-children-and-teen-book-covers\versions\1\BookCovers\heart-and-the-bottle.jpg
heart-of-darkness-and-other-tales,C:\Users\HP USER\.cache\kagglehub\datasets\thomaskonstantin\6000-children-and-teen-book-covers\versions\1\BookCovers\heart-of-darkness-and-other-tales.jpg
heartbeat,C:\Users\HP USER\.cache\kagglehub\datasets\thomaskonstantin\6000-children-and-teen-book-covers\versions\1\BookCovers\heartbeat.jpg
heartbreak-cafe,C:\Users\HP USER\.cache\kagglehub\datasets\thomaskonstantin\6000-children-and-teen-book-covers\versions\1\BookCovers\heartbreak-cafe.jpg
heaveneyes,C:\Users\HP USER\.cache\kagglehub\datasets\thomaskonstantin\6000-children-and-teen-book-covers\versions\1\BookCovers\heaveneyes.jpg
hector-and-hummingbird,C:\Users\HP USER\.cache\kagglehub\datasets\thomaskonstantin\6000-children-and-teen-book-covers\versions\1\BookCovers\hector-and-hummingbird.jpg
hedgehog-holidays,C:\Users\HP USER\.cache\kagglehub\datasets\thomaskonstantin\6000-children-and-teen-book-covers\versions\1\BookCovers\hedgehog-holidays.jpg
hedy-lamarrs-double-life,C:\Users\HP USER\.cache\kagglehub\datasets\thomaskonstantin\6000-children-and-teen-book-covers\versions\1\BookCovers\hedy-lamarrs-double-life.jpg
held-in-love,C:\Users\HP USER\.cache\kagglehub\datasets\thomaskonstantin\6000-children-and-teen-book-covers\versions\1\BookCovers\held-in-love.jpg
hell-and-high-water,C:\Users\HP USER\.cache\kagglehub\datasets\thomaskonstantin\6000-children-and-teen-book-covers\versions\1\BookCovers\hell-and-high-water.jpg
hello-friend,C:\Users\HP USER\.cache\kagglehub\datasets\thomaskonstantin\6000-children-and-teen-book-covers\versions\1\BookCovers\hello-friend.jpg
hello-hello,C:\Users\HP USER\.cache\kagglehub\datasets\thomaskonstantin\6000-children-and-teen-book-covers\versions\1\BookCovers\hello-hello.jpg
hello-hot-dog,C:\Users\HP USER\.cache\kagglehub\datasets\thomaskonstantin\6000-children-and-teen-book-covers\versions\1\BookCovers\hello-hot-dog.jpg
hello-lighthouse,C:\Users\HP USER\.cache\kagglehub\datasets\thomaskonstantin\6000-children-and-teen-book-covers\versions\1\BookCovers\hello-lighthouse.jpg
hello-little-egg,C:\Users\HP USER\.cache\kagglehub\datasets\thomaskonstantin\6000-children-and-teen-book-covers\versions\1\BookCovers\hello-little-egg.jpg
hello-mr-dodo,C:\Users\HP USER\.cache\kagglehub\datasets\thomaskonstantin\6000-children-and-teen-book-covers\versions\1\BookCovers\hello-mr-dodo.jpg
hello-orange-tiger,C:\Users\HP USER\.cache\kagglehub\datasets\thomaskonstantin\6000-children-and-teen-book-covers\versions\1\BookCovers\hello-orange-tiger.jpg
hello-tilly,C:\Users\HP USER\.cache\kagglehub\datasets\thomaskonstantin\6000-children-and-teen-book-covers\versions\1\BookCovers\hello-tilly.jpg
hello-universe,C:\Users\HP USER\.cache\kagglehub\datasets\thomaskonstantin\6000-children-and-teen-book-covers\versions\1\BookCovers\hello-universe.jpg
hello-world,C:\Users\HP USER\.cache\kagglehub\datasets\thomaskonstantin\6000-children-and-teen-book-covers\versions\1\BookCovers\hello-world.jpg
help-me,C:\Users\HP USER\.cache\kagglehub\datasets\thomaskonstantin\6000-children-and-teen-book-covers\versions\1\BookCovers\help-me.jpg
henry-tumour,C:\Users\HP USER\.cache\kagglehub\datasets\thomaskonstantin\6000-children-and-teen-book-covers\versions\1\BookCovers\henry-tumour.jpg
her-idea,C:\Users\HP USER\.cache\kagglehub\datasets\thomaskonstantin\6000-children-and-teen-book-covers\versions\1\BookCovers\her-idea.jpg
hercufleas,C:\Users\HP USER\.cache\kagglehub\datasets\thomaskonstantin\6000-children-and-teen-book-covers\versions\1\BookCovers\hercufleas.jpg
here-be-monsters,C:\Users\HP USER\.cache\kagglehub\datasets\thomaskonstantin\6000-children-and-teen-book-covers\versions\1\BookCovers\here-be-monsters.jpg
here-comes-lolo,C:\Users\HP USER\.cache\kagglehub\datasets\thomaskonstantin\6000-children-and-teen-book-covers\versions\1\BookCovers\here-comes-lolo.jpg
here-i-am,C:\Users\HP USER\.cache\kagglehub\datasets\thomaskonstantin\6000-children-and-teen-book-covers\versions\1\BookCovers\here-i-am.jpg
here-i-stand,C:\Users\HP USER\.cache\kagglehub\datasets\thomaskonstantin\6000-children-and-teen-book-covers\versions\1\BookCovers\here-i-stand.jpg
here-in-the-real-world,C:\Users\HP USER\.cache\kagglehub\datasets\thomaskonstantin\6000-children-and-teen-book-covers\versions\1\BookCovers\here-in-the-real-world.jpg
here-lies-arthur2,C:\Users\HP USER\.cache\kagglehub\datasets\thomaskonstantin\6000-children-and-teen-book-covers\versions\1\BookCovers\here-lies-arthur2.jpg
here-we-are-oliver-jeffers,C:\Users\HP USER\.cache\kagglehub\datasets\thomaskonstantin\6000-children-and-teen-book-covers\versions\1\BookCovers\here-we-are-oliver-jeffers.jpg
here-we-go-round-the-mulberry-bush,C:\Users\HP USER\.cache\kagglehub\datasets\thomaskonstantin\6000-children-and-teen-book-covers\versions\1\BookCovers\here-we-go-round-the-mulberry-bush.jpg
herecomesfrankie-,C:\Users\HP USER\.cache\kagglehub\datasets\thomaskonstantin\6000-children-and-teen-book-covers\versions\1\BookCovers\herecomesfrankie-.jpg
heriot,C:\Users\HP USER\.cache\kagglehub\datasets\thomaskonstantin\6000-children-and-teen-book-covers\versions\1\BookCovers\heriot.jpg
hermelin,C:\Users\HP USER\.cache\kagglehub\datasets\thomaskonstantin\6000-children-and-teen-book-covers\versions\1\BookCovers\hermelin.jpg
hero-at-the-fall,C:\Users\HP USER\.cache\kagglehub\datasets\thomaskonstantin\6000-children-and-teen-book-covers\versions\1\BookCovers\hero-at-the-fall.jpg
hero-sarah-lean,C:\Users\HP USER\.cache\kagglehub\datasets\thomaskonstantin\6000-children-and-teen-book-covers\versions\1\BookCovers\hero-sarah-lean.jpg
heroes-,C:\Users\HP USER\.cache\kagglehub\datasets\thomaskonstantin\6000-children-and-teen-book-covers\versions\1\BookCovers\heroes-.jpg
heroes-incredible-true-stories-of-courageous-animals,C:\Users\HP USER\.cache\kagglehub\datasets\thomaskonstantin\6000-children-and-teen-book-covers\versions\1\BookCovers\heroes-incredible-true-stories-of-courageous-animals.jpg
heroes-of-olympus-the-lost-hero,C:\Users\HP USER\.cache\kagglehub\datasets\thomaskonstantin\6000-children-and-teen-book-covers\versions\1\BookCovers\heroes-of-olympus-the-lost-hero.jpg
heroes,C:\Users\HP USER\.cache\kagglehub\datasets\thomaskonstantin\6000-children-and-teen-book-covers\versions\1\BookCovers\heroes.jpg
heroic,C:\Users\HP USER\.cache\kagglehub\datasets\thomaskonstantin\6000-children-and-teen-book-covers\versions\1\BookCovers\heroic.jpg
herstory,C:\Users\HP USER\.cache\kagglehub\datasets\thomaskonstantin\6000-children-and-teen-book-covers\versions\1\BookCovers\herstory.jpg
hetty-feather,C:\Users\HP USER\.cache\kagglehub\datasets\thomaskonstantin\6000-children-and-teen-book-covers\versions\1\BookCovers\hetty-feather.jpg
hexed,C:\Users\HP USER\.cache\kagglehub\datasets\thomaskonstantin\6000-children-and-teen-book-covers\versions\1\BookCovers\hexed.jpg
hgttg,C:\Users\HP USER\.cache\kagglehub\datasets\thomaskonstantin\6000-children-and-teen-book-covers\versions\1\BookCovers\hgttg.jpg
hh-football-fiend,C:\Users\HP USER\.cache\kagglehub\datasets\thomaskonstantin\6000-children-and-teen-book-covers\versions\1\BookCovers\hh-football-fiend.jpg
hic,C:\Users\HP USER\.cache\kagglehub\datasets\thomaskonstantin\6000-children-and-teen-book-covers\versions\1\BookCovers\hic.jpg
hiccups,C:\Users\HP USER\.cache\kagglehub\datasets\thomaskonstantin\6000-children-and-teen-book-covers\versions\1\BookCovers\hiccups.jpg
hicotea-a-nightlights-story,C:\Users\HP USER\.cache\kagglehub\datasets\thomaskonstantin\6000-children-and-teen-book-covers\versions\1\BookCovers\hicotea-a-nightlights-story.jpg
hidden-planet,C:\Users\HP USER\.cache\kagglehub\datasets\thomaskonstantin\6000-children-and-teen-book-covers\versions\1\BookCovers\hidden-planet.jpg
hidden-princess,C:\Users\HP USER\.cache\kagglehub\datasets\thomaskonstantin\6000-children-and-teen-book-covers\versions\1\BookCovers\hidden-princess.jpg
hidden-true-stories-of-children-who-survived-world-war-ii,C:\Users\HP USER\.cache\kagglehub\datasets\thomaskonstantin\6000-children-and-teen-book-covers\versions\1\BookCovers\hidden-true-stories-of-children-who-survived-world-war-ii.jpg
hidden-world-ocean,C:\Users\HP USER\.cache\kagglehub\datasets\thomaskonstantin\6000-children-and-teen-book-covers\versions\1\BookCovers\hidden-world-ocean.jpg
hidden,C:\Users\HP USER\.cache\kagglehub\datasets\thomaskonstantin\6000-children-and-teen-book-covers\versions\1\BookCovers\hidden.jpg
higglety-pigglety-pop-,C:\Users\HP USER\.cache\kagglehub\datasets\thomaskonstantin\6000-children-and-teen-book-covers\versions\1\BookCovers\higglety-pigglety-pop-.jpg
higgly-hen,C:\Users\HP USER\.cache\kagglehub\datasets\thomaskonstantin\6000-children-and-teen-book-covers\versions\1\BookCovers\higgly-hen.jpg
high-five-to-the-hero,C:\Users\HP USER\.cache\kagglehub\datasets\thomaskonstantin\6000-children-and-teen-book-covers\versions\1\BookCovers\high-five-to-the-hero.jpg
high-rise-mystery2,C:\Users\HP USER\.cache\kagglehub\datasets\thomaskonstantin\6000-children-and-teen-book-covers\versions\1\BookCovers\high-rise-mystery2.jpg
hikayat,C:\Users\HP USER\.cache\kagglehub\datasets\thomaskonstantin\6000-children-and-teen-book-covers\versions\1\BookCovers\hikayat.jpg
hilary-mckays-fairy-tales,C:\Users\HP USER\.cache\kagglehub\datasets\thomaskonstantin\6000-children-and-teen-book-covers\versions\1\BookCovers\hilary-mckays-fairy-tales.jpg
hilda-and-the-great-parade,C:\Users\HP USER\.cache\kagglehub\datasets\thomaskonstantin\6000-children-and-teen-book-covers\versions\1\BookCovers\hilda-and-the-great-parade.jpg
hilda-and-the-hidden-people,C:\Users\HP USER\.cache\kagglehub\datasets\thomaskonstantin\6000-children-and-teen-book-covers\versions\1\BookCovers\hilda-and-the-hidden-people.jpg
hilda-and-the-mountain-king,C:\Users\HP USER\.cache\kagglehub\datasets\thomaskonstantin\6000-children-and-teen-book-covers\versions\1\BookCovers\hilda-and-the-mountain-king.jpg
hilda-and-the-runaway-baby,C:\Users\HP USER\.cache\kagglehub\datasets\thomaskonstantin\6000-children-and-teen-book-covers\versions\1\BookCovers\hilda-and-the-runaway-baby.jpg
hilo-saving-the-world,C:\Users\HP USER\.cache\kagglehub\datasets\thomaskonstantin\6000-children-and-teen-book-covers\versions\1\BookCovers\hilo-saving-the-world.jpg
hilo-the-boy-who-crashed-to-earth,C:\Users\HP USER\.cache\kagglehub\datasets\thomaskonstantin\6000-children-and-teen-book-covers\versions\1\BookCovers\hilo-the-boy-who-crashed-to-earth.jpg
hip-and-hop,C:\Users\HP USER\.cache\kagglehub\datasets\thomaskonstantin\6000-children-and-teen-book-covers\versions\1\BookCovers\hip-and-hop.jpg
his-royal-whiskers,C:\Users\HP USER\.cache\kagglehub\datasets\thomaskonstantin\6000-children-and-teen-book-covers\versions\1\BookCovers\his-royal-whiskers.jpg
hisomuch,C:\Users\HP USER\.cache\kagglehub\datasets\thomaskonstantin\6000-children-and-teen-book-covers\versions\1\BookCovers\hisomuch.jpg
history-atlas,C:\Users\HP USER\.cache\kagglehub\datasets\thomaskonstantin\6000-children-and-teen-book-covers\versions\1\BookCovers\history-atlas.jpg
hog-in-the-fog,C:\Users\HP USER\.cache\kagglehub\datasets\thomaskonstantin\6000-children-and-teen-book-covers\versions\1\BookCovers\hog-in-the-fog.jpg
hog-shrew-hullabaloo,C:\Users\HP USER\.cache\kagglehub\datasets\thomaskonstantin\6000-children-and-teen-book-covers\versions\1\BookCovers\hog-shrew-hullabaloo.jpg
hold-me-closer,C:\Users\HP USER\.cache\kagglehub\datasets\thomaskonstantin\6000-children-and-teen-book-covers\versions\1\BookCovers\hold-me-closer.jpg
holdon,C:\Users\HP USER\.cache\kagglehub\datasets\thomaskonstantin\6000-children-and-teen-book-covers\versions\1\BookCovers\holdon.jpg
holes,C:\Users\HP USER\.cache\kagglehub\datasets\thomaskonstantin\6000-children-and-teen-book-covers\versions\1\BookCovers\holes.jpg
holes2,C:\Users\HP USER\.cache\kagglehub\datasets\thomaskonstantin\6000-children-and-teen-book-covers\versions\1\BookCovers\holes2.jpg
hollow-pike-juno-dawson,C:\Users\HP USER\.cache\kagglehub\datasets\thomaskonstantin\6000-children-and-teen-book-covers\versions\1\BookCovers\hollow-pike-juno-dawson.jpg
hollowpox-the-hunt-for-morrigan-crow,C:\Users\HP USER\.cache\kagglehub\datasets\thomaskonstantin\6000-children-and-teen-book-covers\versions\1\BookCovers\hollowpox-the-hunt-for-morrigan-crow.jpg
holly,C:\Users\HP USER\.cache\kagglehub\datasets\thomaskonstantin\6000-children-and-teen-book-covers\versions\1\BookCovers\holly.jpg
home,C:\Users\HP USER\.cache\kagglehub\datasets\thomaskonstantin\6000-children-and-teen-book-covers\versions\1\BookCovers\home.jpg
homesickd,C:\Users\HP USER\.cache\kagglehub\datasets\thomaskonstantin\6000-children-and-teen-book-covers\versions\1\BookCovers\homesickd.jpg
honc-honc-me-me,C:\Users\HP USER\.cache\kagglehub\datasets\thomaskonstantin\6000-children-and-teen-book-covers\versions\1\BookCovers\honc-honc-me-me.jpg
honest-truth,C:\Users\HP USER\.cache\kagglehub\datasets\thomaskonstantin\6000-children-and-teen-book-covers\versions\1\BookCovers\honest-truth.jpg
honey-for-you-honey-for-me,C:\Users\HP USER\.cache\kagglehub\datasets\thomaskonstantin\6000-children-and-teen-book-covers\versions\1\BookCovers\honey-for-you-honey-for-me.jpg
hook-or-by-crook,C:\Users\HP USER\.cache\kagglehub\datasets\thomaskonstantin\6000-children-and-teen-book-covers\versions\1\BookCovers\hook-or-by-crook.jpg
hooray-for-fish,C:\Users\HP USER\.cache\kagglehub\datasets\thomaskonstantin\6000-children-and-teen-book-covers\versions\1\BookCovers\hooray-for-fish.jpg
hooray-for-hoppy,C:\Users\HP USER\.cache\kagglehub\datasets\thomaskonstantin\6000-children-and-teen-book-covers\versions\1\BookCovers\hooray-for-hoppy.jpg
hoot-owl-master-of-disguise,C:\Users\HP USER\.cache\kagglehub\datasets\thomaskonstantin\6000-children-and-teen-book-covers\versions\1\BookCovers\hoot-owl-master-of-disguise.jpg
hope-in-a-ballet-shoes,C:\Users\HP USER\.cache\kagglehub\datasets\thomaskonstantin\6000-children-and-teen-book-covers\versions\1\BookCovers\hope-in-a-ballet-shoes.jpg
hope-is-a-girl-selling-fruit,C:\Users\HP USER\.cache\kagglehub\datasets\thomaskonstantin\6000-children-and-teen-book-covers\versions\1\BookCovers\hope-is-a-girl-selling-fruit.jpg
hope-jones-saves-the-world,C:\Users\HP USER\.cache\kagglehub\datasets\thomaskonstantin\6000-children-and-teen-book-covers\versions\1\BookCovers\hope-jones-saves-the-world.jpg
hope,C:\Users\HP USER\.cache\kagglehub\datasets\thomaskonstantin\6000-children-and-teen-book-covers\versions\1\BookCovers\hope.jpg
horace-burp,C:\Users\HP USER\.cache\kagglehub\datasets\thomaskonstantin\6000-children-and-teen-book-covers\versions\1\BookCovers\horace-burp.jpg
horrible-bear-,C:\Users\HP USER\.cache\kagglehub\datasets\thomaskonstantin\6000-children-and-teen-book-covers\versions\1\BookCovers\horrible-bear-.jpg
horrible-histories-ww1,C:\Users\HP USER\.cache\kagglehub\datasets\thomaskonstantin\6000-children-and-teen-book-covers\versions\1\BookCovers\horrible-histories-ww1.jpg
horrid-henry-strikes-it-rich,C:\Users\HP USER\.cache\kagglehub\datasets\thomaskonstantin\6000-children-and-teen-book-covers\versions\1\BookCovers\horrid-henry-strikes-it-rich.jpg
horridhenry-,C:\Users\HP USER\.cache\kagglehub\datasets\thomaskonstantin\6000-children-and-teen-book-covers\versions\1\BookCovers\horridhenry-.jpg
horridhenrysrevenge,C:\Users\HP USER\.cache\kagglehub\datasets\thomaskonstantin\6000-children-and-teen-book-covers\versions\1\BookCovers\horridhenrysrevenge.jpg
hortense-and-the-shadow,C:\Users\HP USER\.cache\kagglehub\datasets\thomaskonstantin\6000-children-and-teen-book-covers\versions\1\BookCovers\hortense-and-the-shadow.jpg
horton,C:\Users\HP USER\.cache\kagglehub\datasets\thomaskonstantin\6000-children-and-teen-book-covers\versions\1\BookCovers\horton.jpg
hostage-threed,C:\Users\HP USER\.cache\kagglehub\datasets\thomaskonstantin\6000-children-and-teen-book-covers\versions\1\BookCovers\hostage-threed.jpg
hot-like-fire-and-other-poems,C:\Users\HP USER\.cache\kagglehub\datasets\thomaskonstantin\6000-children-and-teen-book-covers\versions\1\BookCovers\hot-like-fire-and-other-poems.jpg
hotel-flamingo,C:\Users\HP USER\.cache\kagglehub\datasets\thomaskonstantin\6000-children-and-teen-book-covers\versions\1\BookCovers\hotel-flamingo.jpg
hourofthebees,C:\Users\HP USER\.cache\kagglehub\datasets\thomaskonstantin\6000-children-and-teen-book-covers\versions\1\BookCovers\hourofthebees.jpg
house-of-robots1,C:\Users\HP USER\.cache\kagglehub\datasets\thomaskonstantin\6000-children-and-teen-book-covers\versions\1\BookCovers\house-of-robots1.jpg
house-on-hummingbird-island,C:\Users\HP USER\.cache\kagglehub\datasets\thomaskonstantin\6000-children-and-teen-book-covers\versions\1\BookCovers\house-on-hummingbird-island.jpg
house-without-mirrors,C:\Users\HP USER\.cache\kagglehub\datasets\thomaskonstantin\6000-children-and-teen-book-covers\versions\1\BookCovers\house-without-mirrors.jpg
how-about-a-night-out,C:\Users\HP USER\.cache\kagglehub\datasets\thomaskonstantin\6000-children-and-teen-book-covers\versions\1\BookCovers\how-about-a-night-out.jpg
how-big-is-our-baby,C:\Users\HP USER\.cache\kagglehub\datasets\thomaskonstantin\6000-children-and-teen-book-covers\versions\1\BookCovers\how-big-is-our-baby.jpg
how-far-do-you-love-me,C:\Users\HP USER\.cache\kagglehub\datasets\thomaskonstantin\6000-children-and-teen-book-covers\versions\1\BookCovers\how-far-do-you-love-me.jpg
how-high-the-moon,C:\Users\HP USER\.cache\kagglehub\datasets\thomaskonstantin\6000-children-and-teen-book-covers\versions\1\BookCovers\how-high-the-moon.jpg
how-kirsty-jenkins-stole-the-elephant,C:\Users\HP USER\.cache\kagglehub\datasets\thomaskonstantin\6000-children-and-teen-book-covers\versions\1\BookCovers\how-kirsty-jenkins-stole-the-elephant.jpg
how-loud-can-you-burp,C:\Users\HP USER\.cache\kagglehub\datasets\thomaskonstantin\6000-children-and-teen-book-covers\versions\1\BookCovers\how-loud-can-you-burp.jpg
how-many-legs,C:\Users\HP USER\.cache\kagglehub\datasets\thomaskonstantin\6000-children-and-teen-book-covers\versions\1\BookCovers\how-many-legs.jpg
how-not-to-disappeard,C:\Users\HP USER\.cache\kagglehub\datasets\thomaskonstantin\6000-children-and-teen-book-covers\versions\1\BookCovers\how-not-to-disappeard.jpg
how-the-borks-became,C:\Users\HP USER\.cache\kagglehub\datasets\thomaskonstantin\6000-children-and-teen-book-covers\versions\1\BookCovers\how-the-borks-became.jpg
how-the-soldier-repairs-the-gramophone,C:\Users\HP USER\.cache\kagglehub\datasets\thomaskonstantin\6000-children-and-teen-book-covers\versions\1\BookCovers\how-the-soldier-repairs-the-gramophone.jpg
how-the-stars-came-to-be,C:\Users\HP USER\.cache\kagglehub\datasets\thomaskonstantin\6000-children-and-teen-book-covers\versions\1\BookCovers\how-the-stars-came-to-be.jpg
how-the-world-works,C:\Users\HP USER\.cache\kagglehub\datasets\thomaskonstantin\6000-children-and-teen-book-covers\versions\1\BookCovers\how-the-world-works.jpg
how-to-bake-a-sausage-dog,C:\Users\HP USER\.cache\kagglehub\datasets\thomaskonstantin\6000-children-and-teen-book-covers\versions\1\BookCovers\how-to-bake-a-sausage-dog.jpg
how-to-be-a-bawse,C:\Users\HP USER\.cache\kagglehub\datasets\thomaskonstantin\6000-children-and-teen-book-covers\versions\1\BookCovers\how-to-be-a-bawse.jpg
how-to-be-a-lion,C:\Users\HP USER\.cache\kagglehub\datasets\thomaskonstantin\6000-children-and-teen-book-covers\versions\1\BookCovers\how-to-be-a-lion.jpg
how-to-be-a-tiger,C:\Users\HP USER\.cache\kagglehub\datasets\thomaskonstantin\6000-children-and-teen-book-covers\versions\1\BookCovers\how-to-be-a-tiger.jpg
how-to-be-a-viking,C:\Users\HP USER\.cache\kagglehub\datasets\thomaskonstantin\6000-children-and-teen-book-covers\versions\1\BookCovers\how-to-be-a-viking.jpg
how-to-be-on-the-moon,C:\Users\HP USER\.cache\kagglehub\datasets\thomaskonstantin\6000-children-and-teen-book-covers\versions\1\BookCovers\how-to-be-on-the-moon.jpg
how-to-brush-your-teeth-with-snappy-croc,C:\Users\HP USER\.cache\kagglehub\datasets\thomaskonstantin\6000-children-and-teen-book-covers\versions\1\BookCovers\how-to-brush-your-teeth-with-snappy-croc.jpg
how-to-catch-a-witch,C:\Users\HP USER\.cache\kagglehub\datasets\thomaskonstantin\6000-children-and-teen-book-covers\versions\1\BookCovers\how-to-catch-a-witch.jpg
how-to-draw-funny-faces-cover,C:\Users\HP USER\.cache\kagglehub\datasets\thomaskonstantin\6000-children-and-teen-book-covers\versions\1\BookCovers\how-to-draw-funny-faces-cover.jpg
how-to-eat-pizza-cover-400-x-400-web,C:\Users\HP USER\.cache\kagglehub\datasets\thomaskonstantin\6000-children-and-teen-book-covers\versions\1\BookCovers\how-to-eat-pizza-cover-400-x-400-web.jpg
how-to-feed-your-parents,C:\Users\HP USER\.cache\kagglehub\datasets\thomaskonstantin\6000-children-and-teen-book-covers\versions\1\BookCovers\how-to-feed-your-parents.jpg
how-to-fight-a-dragon-s-fury,C:\Users\HP USER\.cache\kagglehub\datasets\thomaskonstantin\6000-children-and-teen-book-covers\versions\1\BookCovers\how-to-fight-a-dragon-s-fury.jpg
how-to-fly-with-broken-wings,C:\Users\HP USER\.cache\kagglehub\datasets\thomaskonstantin\6000-children-and-teen-book-covers\versions\1\BookCovers\how-to-fly-with-broken-wings.jpg
how-to-live-forever,C:\Users\HP USER\.cache\kagglehub\datasets\thomaskonstantin\6000-children-and-teen-book-covers\versions\1\BookCovers\how-to-live-forever.jpg
how-to-look-after-your-human,C:\Users\HP USER\.cache\kagglehub\datasets\thomaskonstantin\6000-children-and-teen-book-covers\versions\1\BookCovers\how-to-look-after-your-human.jpg
how-to-look-for-a-lost-dog,C:\Users\HP USER\.cache\kagglehub\datasets\thomaskonstantin\6000-children-and-teen-book-covers\versions\1\BookCovers\how-to-look-for-a-lost-dog.jpg
how-to-make-friends-with-a-ghost,C:\Users\HP USER\.cache\kagglehub\datasets\thomaskonstantin\6000-children-and-teen-book-covers\versions\1\BookCovers\how-to-make-friends-with-a-ghost.jpg
how-to-say-i-love-you-in-five-languages,C:\Users\HP USER\.cache\kagglehub\datasets\thomaskonstantin\6000-children-and-teen-book-covers\versions\1\BookCovers\how-to-say-i-love-you-in-five-languages.jpg
how-to-speak-spook,C:\Users\HP USER\.cache\kagglehub\datasets\thomaskonstantin\6000-children-and-teen-book-covers\versions\1\BookCovers\how-to-speak-spook.jpg
how-to-talk-to-a-tiger-and-other-animals,C:\Users\HP USER\.cache\kagglehub\datasets\thomaskonstantin\6000-children-and-teen-book-covers\versions\1\BookCovers\how-to-talk-to-a-tiger-and-other-animals.jpg
how-to-train-the-perfect-parents,C:\Users\HP USER\.cache\kagglehub\datasets\thomaskonstantin\6000-children-and-teen-book-covers\versions\1\BookCovers\how-to-train-the-perfect-parents.jpg
how-to-train-your-dragon-10,C:\Users\HP USER\.cache\kagglehub\datasets\thomaskonstantin\6000-children-and-teen-book-covers\versions\1\BookCovers\how-to-train-your-dragon-10.jpg
how-to-train-your-dragon-2-how-to-be-a-pirate,C:\Users\HP USER\.cache\kagglehub\datasets\thomaskonstantin\6000-children-and-teen-book-covers\versions\1\BookCovers\how-to-train-your-dragon-2-how-to-be-a-pirate.jpg
how-to-train-your-dragon-4,C:\Users\HP USER\.cache\kagglehub\datasets\thomaskonstantin\6000-children-and-teen-book-covers\versions\1\BookCovers\how-to-train-your-dragon-4.jpg
how-to-train-your-dragon-5,C:\Users\HP USER\.cache\kagglehub\datasets\thomaskonstantin\6000-children-and-teen-book-covers\versions\1\BookCovers\how-to-train-your-dragon-5.jpg
how-to-train-your-dragon-6,C:\Users\HP USER\.cache\kagglehub\datasets\thomaskonstantin\6000-children-and-teen-book-covers\versions\1\BookCovers\how-to-train-your-dragon-6.jpg
how-to-train-your-dragon-7,C:\Users\HP USER\.cache\kagglehub\datasets\thomaskonstantin\6000-children-and-teen-book-covers\versions\1\BookCovers\how-to-train-your-dragon-7.jpg
how-to-train-your-dragon-8,C:\Users\HP USER\.cache\kagglehub\datasets\thomaskonstantin\6000-children-and-teen-book-covers\versions\1\BookCovers\how-to-train-your-dragon-8.jpg
how-to-train-your-dragon-9,C:\Users\HP USER\.cache\kagglehub\datasets\thomaskonstantin\6000-children-and-teen-book-covers\versions\1\BookCovers\how-to-train-your-dragon-9.jpg
how-to-update-your-parents,C:\Users\HP USER\.cache\kagglehub\datasets\thomaskonstantin\6000-children-and-teen-book-covers\versions\1\BookCovers\how-to-update-your-parents.jpg
how-to-write-a-love-story,C:\Users\HP USER\.cache\kagglehub\datasets\thomaskonstantin\6000-children-and-teen-book-covers\versions\1\BookCovers\how-to-write-a-love-story.jpg
how-to-write-your-best-story-ever,C:\Users\HP USER\.cache\kagglehub\datasets\thomaskonstantin\6000-children-and-teen-book-covers\versions\1\BookCovers\how-to-write-your-best-story-ever.jpg
how-winston-delivered-christmas,C:\Users\HP USER\.cache\kagglehub\datasets\thomaskonstantin\6000-children-and-teen-book-covers\versions\1\BookCovers\how-winston-delivered-christmas.jpg
howl-s-moving-castle,C:\Users\HP USER\.cache\kagglehub\datasets\thomaskonstantin\6000-children-and-teen-book-covers\versions\1\BookCovers\howl-s-moving-castle.jpg
howtobeaworldexplorer,C:\Users\HP USER\.cache\kagglehub\datasets\thomaskonstantin\6000-children-and-teen-book-covers\versions\1\BookCovers\howtobeaworldexplorer.jpg
howtosave,C:\Users\HP USER\.cache\kagglehub\datasets\thomaskonstantin\6000-children-and-teen-book-covers\versions\1\BookCovers\howtosave.jpg
hp-phoenix-sig-flat,C:\Users\HP USER\.cache\kagglehub\datasets\thomaskonstantin\6000-children-and-teen-book-covers\versions\1\BookCovers\hp-phoenix-sig-flat.jpg
hubert-horatio-how-to-raise-your-grown-ups,C:\Users\HP USER\.cache\kagglehub\datasets\thomaskonstantin\6000-children-and-teen-book-covers\versions\1\BookCovers\hubert-horatio-how-to-raise-your-grown-ups.jpg
hug-this-book-,C:\Users\HP USER\.cache\kagglehub\datasets\thomaskonstantin\6000-children-and-teen-book-covers\versions\1\BookCovers\hug-this-book-.jpg
hug,C:\Users\HP USER\.cache\kagglehub\datasets\thomaskonstantin\6000-children-and-teen-book-covers\versions\1\BookCovers\hug.jpg
hugan-fach-goch,C:\Users\HP USER\.cache\kagglehub\datasets\thomaskonstantin\6000-children-and-teen-book-covers\versions\1\BookCovers\hugan-fach-goch.jpg
hugless-douglas,C:\Users\HP USER\.cache\kagglehub\datasets\thomaskonstantin\6000-children-and-teen-book-covers\versions\1\BookCovers\hugless-douglas.jpg
hugo,C:\Users\HP USER\.cache\kagglehub\datasets\thomaskonstantin\6000-children-and-teen-book-covers\versions\1\BookCovers\hugo.jpg
humanimal-incredible-ways-animals-are-just-like-us,C:\Users\HP USER\.cache\kagglehub\datasets\thomaskonstantin\6000-children-and-teen-book-covers\versions\1\BookCovers\humanimal-incredible-ways-animals-are-just-like-us.jpg
hummingbird,C:\Users\HP USER\.cache\kagglehub\datasets\thomaskonstantin\6000-children-and-teen-book-covers\versions\1\BookCovers\hummingbird.jpg
humpty-dumpty,C:\Users\HP USER\.cache\kagglehub\datasets\thomaskonstantin\6000-children-and-teen-book-covers\versions\1\BookCovers\humpty-dumpty.jpg
humungousfungus,C:\Users\HP USER\.cache\kagglehub\datasets\thomaskonstantin\6000-children-and-teen-book-covers\versions\1\BookCovers\humungousfungus.jpg
hundred-mile-an-hour-dog,C:\Users\HP USER\.cache\kagglehub\datasets\thomaskonstantin\6000-children-and-teen-book-covers\versions\1\BookCovers\hundred-mile-an-hour-dog.jpg
hungergames,C:\Users\HP USER\.cache\kagglehub\datasets\thomaskonstantin\6000-children-and-teen-book-covers\versions\1\BookCovers\hungergames.jpg
hungry-bunny,C:\Users\HP USER\.cache\kagglehub\datasets\thomaskonstantin\6000-children-and-teen-book-covers\versions\1\BookCovers\hungry-bunny.jpg
hungry-lion,C:\Users\HP USER\.cache\kagglehub\datasets\thomaskonstantin\6000-children-and-teen-book-covers\versions\1\BookCovers\hungry-lion.jpg
hungry-roscoe,C:\Users\HP USER\.cache\kagglehub\datasets\thomaskonstantin\6000-children-and-teen-book-covers\versions\1\BookCovers\hungry-roscoe.jpg
hurry-up,C:\Users\HP USER\.cache\kagglehub\datasets\thomaskonstantin\6000-children-and-teen-book-covers\versions\1\BookCovers\hurry-up.jpg
hush-a-bye-bunny,C:\Users\HP USER\.cache\kagglehub\datasets\thomaskonstantin\6000-children-and-teen-book-covers\versions\1\BookCovers\hush-a-bye-bunny.jpg
hush-little-bear-is-sleeping,C:\Users\HP USER\.cache\kagglehub\datasets\thomaskonstantin\6000-children-and-teen-book-covers\versions\1\BookCovers\hush-little-bear-is-sleeping.jpg
husherbye,C:\Users\HP USER\.cache\kagglehub\datasets\thomaskonstantin\6000-children-and-teen-book-covers\versions\1\BookCovers\husherbye.jpg
hwiangerddi-elin-meek,C:\Users\HP USER\.cache\kagglehub\datasets\thomaskonstantin\6000-children-and-teen-book-covers\versions\1\BookCovers\hwiangerddi-elin-meek.jpg
hwyl-yr-hwiangerddi-newydd,C:\Users\HP USER\.cache\kagglehub\datasets\thomaskonstantin\6000-children-and-teen-book-covers\versions\1\BookCovers\hwyl-yr-hwiangerddi-newydd.jpg
hwylio2,C:\Users\HP USER\.cache\kagglehub\datasets\thomaskonstantin\6000-children-and-teen-book-covers\versions\1\BookCovers\hwylio2.jpg
i-ada,C:\Users\HP USER\.cache\kagglehub\datasets\thomaskonstantin\6000-children-and-teen-book-covers\versions\1\BookCovers\i-ada.jpg
i-am-a-poetato,C:\Users\HP USER\.cache\kagglehub\datasets\thomaskonstantin\6000-children-and-teen-book-covers\versions\1\BookCovers\i-am-a-poetato.jpg
i-am-actually-a-penguin,C:\Users\HP USER\.cache\kagglehub\datasets\thomaskonstantin\6000-children-and-teen-book-covers\versions\1\BookCovers\i-am-actually-a-penguin.jpg
i-am-bat,C:\Users\HP USER\.cache\kagglehub\datasets\thomaskonstantin\6000-children-and-teen-book-covers\versions\1\BookCovers\i-am-bat.jpg
i-am-bear,C:\Users\HP USER\.cache\kagglehub\datasets\thomaskonstantin\6000-children-and-teen-book-covers\versions\1\BookCovers\i-am-bear.jpg
i-am-brown,C:\Users\HP USER\.cache\kagglehub\datasets\thomaskonstantin\6000-children-and-teen-book-covers\versions\1\BookCovers\i-am-brown.jpg
i-am-every-good-thing,C:\Users\HP USER\.cache\kagglehub\datasets\thomaskonstantin\6000-children-and-teen-book-covers\versions\1\BookCovers\i-am-every-good-thing.jpg
i-am-henry-finch,C:\Users\HP USER\.cache\kagglehub\datasets\thomaskonstantin\6000-children-and-teen-book-covers\versions\1\BookCovers\i-am-henry-finch.jpg
i-am-malala-jacket-image,C:\Users\HP USER\.cache\kagglehub\datasets\thomaskonstantin\6000-children-and-teen-book-covers\versions\1\BookCovers\i-am-malala-jacket-image.jpg
i-am-not-a-dinosaur,C:\Users\HP USER\.cache\kagglehub\datasets\thomaskonstantin\6000-children-and-teen-book-covers\versions\1\BookCovers\i-am-not-a-dinosaur.jpg
i-am-not-a-label,C:\Users\HP USER\.cache\kagglehub\datasets\thomaskonstantin\6000-children-and-teen-book-covers\versions\1\BookCovers\i-am-not-a-label.jpg
i-am-not-sleepy-and-i-will-not-go-to-bed,C:\Users\HP USER\.cache\kagglehub\datasets\thomaskonstantin\6000-children-and-teen-book-covers\versions\1\BookCovers\i-am-not-sleepy-and-i-will-not-go-to-bed.jpg
i-am-number-four2,C:\Users\HP USER\.cache\kagglehub\datasets\thomaskonstantin\6000-children-and-teen-book-covers\versions\1\BookCovers\i-am-number-four2.jpg
i-am-the-music-man,C:\Users\HP USER\.cache\kagglehub\datasets\thomaskonstantin\6000-children-and-teen-book-covers\versions\1\BookCovers\i-am-the-music-man.jpg
i-bet-i-can-make-you-laugh,C:\Users\HP USER\.cache\kagglehub\datasets\thomaskonstantin\6000-children-and-teen-book-covers\versions\1\BookCovers\i-bet-i-can-make-you-laugh.jpg
i-can-catch-a-monster,C:\Users\HP USER\.cache\kagglehub\datasets\thomaskonstantin\6000-children-and-teen-book-covers\versions\1\BookCovers\i-can-catch-a-monster.jpg
i-can-do-it,C:\Users\HP USER\.cache\kagglehub\datasets\thomaskonstantin\6000-children-and-teen-book-covers\versions\1\BookCovers\i-can-do-it.jpg
i-can-learn-my-first-colours-animal-world,C:\Users\HP USER\.cache\kagglehub\datasets\thomaskonstantin\6000-children-and-teen-book-covers\versions\1\BookCovers\i-can-learn-my-first-colours-animal-world.jpg
i-can-only-draw-worms,C:\Users\HP USER\.cache\kagglehub\datasets\thomaskonstantin\6000-children-and-teen-book-covers\versions\1\BookCovers\i-can-only-draw-worms.jpg
i-cant-sleep,C:\Users\HP USER\.cache\kagglehub\datasets\thomaskonstantin\6000-children-and-teen-book-covers\versions\1\BookCovers\i-cant-sleep.jpg
i-coriander,C:\Users\HP USER\.cache\kagglehub\datasets\thomaskonstantin\6000-children-and-teen-book-covers\versions\1\BookCovers\i-coriander.jpg
i-cosmo,C:\Users\HP USER\.cache\kagglehub\datasets\thomaskonstantin\6000-children-and-teen-book-covers\versions\1\BookCovers\i-cosmo.jpg
i-didnt-do-it,C:\Users\HP USER\.cache\kagglehub\datasets\thomaskonstantin\6000-children-and-teen-book-covers\versions\1\BookCovers\i-didnt-do-it.jpg
i-don-t-know-what-to-call-my-cat,C:\Users\HP USER\.cache\kagglehub\datasets\thomaskonstantin\6000-children-and-teen-book-covers\versions\1\BookCovers\i-don-t-know-what-to-call-my-cat.jpg
i-don-t-want-curly-hair,C:\Users\HP USER\.cache\kagglehub\datasets\thomaskonstantin\6000-children-and-teen-book-covers\versions\1\BookCovers\i-don-t-want-curly-hair.jpg
i-dont-like-books,C:\Users\HP USER\.cache\kagglehub\datasets\thomaskonstantin\6000-children-and-teen-book-covers\versions\1\BookCovers\i-dont-like-books.jpg
i-funny,C:\Users\HP USER\.cache\kagglehub\datasets\thomaskonstantin\6000-children-and-teen-book-covers\versions\1\BookCovers\i-funny.jpg
i-hate-school,C:\Users\HP USER\.cache\kagglehub\datasets\thomaskonstantin\6000-children-and-teen-book-covers\versions\1\BookCovers\i-hate-school.jpg
i-have-an-orange-juicy-drink,C:\Users\HP USER\.cache\kagglehub\datasets\thomaskonstantin\6000-children-and-teen-book-covers\versions\1\BookCovers\i-have-an-orange-juicy-drink.jpg
i-have-no-secrets,C:\Users\HP USER\.cache\kagglehub\datasets\thomaskonstantin\6000-children-and-teen-book-covers\versions\1\BookCovers\i-have-no-secrets.jpg
i-is-for-iran,C:\Users\HP USER\.cache\kagglehub\datasets\thomaskonstantin\6000-children-and-teen-book-covers\versions\1\BookCovers\i-is-for-iran.jpg
i-killed-father-christmas,C:\Users\HP USER\.cache\kagglehub\datasets\thomaskonstantin\6000-children-and-teen-book-covers\versions\1\BookCovers\i-killed-father-christmas.jpg
i-like-animals---what-jobs-are-there,C:\Users\HP USER\.cache\kagglehub\datasets\thomaskonstantin\6000-children-and-teen-book-covers\versions\1\BookCovers\i-like-animals---what-jobs-are-there.jpg
i-like-bees,C:\Users\HP USER\.cache\kagglehub\datasets\thomaskonstantin\6000-children-and-teen-book-covers\versions\1\BookCovers\i-like-bees.jpg
i-like-books,C:\Users\HP USER\.cache\kagglehub\datasets\thomaskonstantin\6000-children-and-teen-book-covers\versions\1\BookCovers\i-like-books.jpg
i-like-to-put-food-in-my-welly,C:\Users\HP USER\.cache\kagglehub\datasets\thomaskonstantin\6000-children-and-teen-book-covers\versions\1\BookCovers\i-like-to-put-food-in-my-welly.jpg
i-ll-love-you-always,C:\Users\HP USER\.cache\kagglehub\datasets\thomaskonstantin\6000-children-and-teen-book-covers\versions\1\BookCovers\i-ll-love-you-always.jpg
i-ll-never-let-you-go,C:\Users\HP USER\.cache\kagglehub\datasets\thomaskonstantin\6000-children-and-teen-book-covers\versions\1\BookCovers\i-ll-never-let-you-go.jpg
i-love-bugs,C:\Users\HP USER\.cache\kagglehub\datasets\thomaskonstantin\6000-children-and-teen-book-covers\versions\1\BookCovers\i-love-bugs.jpg
i-love-halloween,C:\Users\HP USER\.cache\kagglehub\datasets\thomaskonstantin\6000-children-and-teen-book-covers\versions\1\BookCovers\i-love-halloween.jpg
i-love-you-already,C:\Users\HP USER\.cache\kagglehub\datasets\thomaskonstantin\6000-children-and-teen-book-covers\versions\1\BookCovers\i-love-you-already.jpg
i-love-you-baby,C:\Users\HP USER\.cache\kagglehub\datasets\thomaskonstantin\6000-children-and-teen-book-covers\versions\1\BookCovers\i-love-you-baby.jpg
i-love-you-bunny,C:\Users\HP USER\.cache\kagglehub\datasets\thomaskonstantin\6000-children-and-teen-book-covers\versions\1\BookCovers\i-love-you-bunny.jpg
i-love-you-dino-daddy,C:\Users\HP USER\.cache\kagglehub\datasets\thomaskonstantin\6000-children-and-teen-book-covers\versions\1\BookCovers\i-love-you-dino-daddy.jpg
i-love-you-father-christmas,C:\Users\HP USER\.cache\kagglehub\datasets\thomaskonstantin\6000-children-and-teen-book-covers\versions\1\BookCovers\i-love-you-father-christmas.jpg
i-love-you-more-and-more,C:\Users\HP USER\.cache\kagglehub\datasets\thomaskonstantin\6000-children-and-teen-book-covers\versions\1\BookCovers\i-love-you-more-and-more.jpg
i-love-you-nearly-always-cover,C:\Users\HP USER\.cache\kagglehub\datasets\thomaskonstantin\6000-children-and-teen-book-covers\versions\1\BookCovers\i-love-you-nearly-always-cover.jpg
i-love-you-stick-insect,C:\Users\HP USER\.cache\kagglehub\datasets\thomaskonstantin\6000-children-and-teen-book-covers\versions\1\BookCovers\i-love-you-stick-insect.jpg
i-love-you,C:\Users\HP USER\.cache\kagglehub\datasets\thomaskonstantin\6000-children-and-teen-book-covers\versions\1\BookCovers\i-love-you.jpg
i-m-a-little-teapot,C:\Users\HP USER\.cache\kagglehub\datasets\thomaskonstantin\6000-children-and-teen-book-covers\versions\1\BookCovers\i-m-a-little-teapot.jpg
i-m-in-charge,C:\Users\HP USER\.cache\kagglehub\datasets\thomaskonstantin\6000-children-and-teen-book-covers\versions\1\BookCovers\i-m-in-charge.jpg
i-m-the-best,C:\Users\HP USER\.cache\kagglehub\datasets\thomaskonstantin\6000-children-and-teen-book-covers\versions\1\BookCovers\i-m-the-best.jpg
i-need-a-new-bum,C:\Users\HP USER\.cache\kagglehub\datasets\thomaskonstantin\6000-children-and-teen-book-covers\versions\1\BookCovers\i-need-a-new-bum.jpg
i-never-liked-wednesdays,C:\Users\HP USER\.cache\kagglehub\datasets\thomaskonstantin\6000-children-and-teen-book-covers\versions\1\BookCovers\i-never-liked-wednesdays.jpg
i-really-want-that-unicorn,C:\Users\HP USER\.cache\kagglehub\datasets\thomaskonstantin\6000-children-and-teen-book-covers\versions\1\BookCovers\i-really-want-that-unicorn.jpg
i-really-want-to-see-you-grandma,C:\Users\HP USER\.cache\kagglehub\datasets\thomaskonstantin\6000-children-and-teen-book-covers\versions\1\BookCovers\i-really-want-to-see-you-grandma.jpg
i-really-want-to-shout,C:\Users\HP USER\.cache\kagglehub\datasets\thomaskonstantin\6000-children-and-teen-book-covers\versions\1\BookCovers\i-really-want-to-shout.jpg
i-really-want-to-win,C:\Users\HP USER\.cache\kagglehub\datasets\thomaskonstantin\6000-children-and-teen-book-covers\versions\1\BookCovers\i-really-want-to-win.jpg
i-say-boo-you-say-hoo,C:\Users\HP USER\.cache\kagglehub\datasets\thomaskonstantin\6000-children-and-teen-book-covers\versions\1\BookCovers\i-say-boo-you-say-hoo.jpg
i-say-ooh-you-say-aah,C:\Users\HP USER\.cache\kagglehub\datasets\thomaskonstantin\6000-children-and-teen-book-covers\versions\1\BookCovers\i-say-ooh-you-say-aah.jpg
i-see-a-darkness,C:\Users\HP USER\.cache\kagglehub\datasets\thomaskonstantin\6000-children-and-teen-book-covers\versions\1\BookCovers\i-see-a-darkness.jpg
i-see-you-baby,C:\Users\HP USER\.cache\kagglehub\datasets\thomaskonstantin\6000-children-and-teen-book-covers\versions\1\BookCovers\i-see-you-baby.jpg
i-ssassins,C:\Users\HP USER\.cache\kagglehub\datasets\thomaskonstantin\6000-children-and-teen-book-covers\versions\1\BookCovers\i-ssassins.jpg
i-swapped-my-brother-on-the-internet,C:\Users\HP USER\.cache\kagglehub\datasets\thomaskonstantin\6000-children-and-teen-book-covers\versions\1\BookCovers\i-swapped-my-brother-on-the-internet.jpg
i-totally-don-t-want-to-play,C:\Users\HP USER\.cache\kagglehub\datasets\thomaskonstantin\6000-children-and-teen-book-covers\versions\1\BookCovers\i-totally-don-t-want-to-play.jpg
i-want-a-bunny,C:\Users\HP USER\.cache\kagglehub\datasets\thomaskonstantin\6000-children-and-teen-book-covers\versions\1\BookCovers\i-want-a-bunny.jpg
i-want-my-light-on,C:\Users\HP USER\.cache\kagglehub\datasets\thomaskonstantin\6000-children-and-teen-book-covers\versions\1\BookCovers\i-want-my-light-on.jpg
i-want-my-potty,C:\Users\HP USER\.cache\kagglehub\datasets\thomaskonstantin\6000-children-and-teen-book-covers\versions\1\BookCovers\i-want-my-potty.jpg
i-was-a-rat,C:\Users\HP USER\.cache\kagglehub\datasets\thomaskonstantin\6000-children-and-teen-book-covers\versions\1\BookCovers\i-was-a-rat.jpg
i-will-not-wear-pink,C:\Users\HP USER\.cache\kagglehub\datasets\thomaskonstantin\6000-children-and-teen-book-covers\versions\1\BookCovers\i-will-not-wear-pink.jpg
i-wish-i-were-a-dog,C:\Users\HP USER\.cache\kagglehub\datasets\thomaskonstantin\6000-children-and-teen-book-covers\versions\1\BookCovers\i-wish-i-were-a-dog.jpg
i-wish-i-were-a-pirate,C:\Users\HP USER\.cache\kagglehub\datasets\thomaskonstantin\6000-children-and-teen-book-covers\versions\1\BookCovers\i-wish-i-were-a-pirate.jpg
iam2small4school,C:\Users\HP USER\.cache\kagglehub\datasets\thomaskonstantin\6000-children-and-teen-book-covers\versions\1\BookCovers\iam2small4school.jpg
icapturethecastle,C:\Users\HP USER\.cache\kagglehub\datasets\thomaskonstantin\6000-children-and-teen-book-covers\versions\1\BookCovers\icapturethecastle.jpg
ice-bear,C:\Users\HP USER\.cache\kagglehub\datasets\thomaskonstantin\6000-children-and-teen-book-covers\versions\1\BookCovers\ice-bear.jpg
iced-out,C:\Users\HP USER\.cache\kagglehub\datasets\thomaskonstantin\6000-children-and-teen-book-covers\versions\1\BookCovers\iced-out.jpg
if-all-the-world-were,C:\Users\HP USER\.cache\kagglehub\datasets\thomaskonstantin\6000-children-and-teen-book-covers\versions\1\BookCovers\if-all-the-world-were.jpg
if-i-had-a-dinosaur,C:\Users\HP USER\.cache\kagglehub\datasets\thomaskonstantin\6000-children-and-teen-book-covers\versions\1\BookCovers\if-i-had-a-dinosaur.jpg
if-i-had-a-unicorn,C:\Users\HP USER\.cache\kagglehub\datasets\thomaskonstantin\6000-children-and-teen-book-covers\versions\1\BookCovers\if-i-had-a-unicorn.jpg
if-i-was-a-banana,C:\Users\HP USER\.cache\kagglehub\datasets\thomaskonstantin\6000-children-and-teen-book-covers\versions\1\BookCovers\if-i-was-a-banana.jpg
if-you-come-to-earth,C:\Users\HP USER\.cache\kagglehub\datasets\thomaskonstantin\6000-children-and-teen-book-covers\versions\1\BookCovers\if-you-come-to-earth.jpg
if-you-find-med,C:\Users\HP USER\.cache\kagglehub\datasets\thomaskonstantin\6000-children-and-teen-book-covers\versions\1\BookCovers\if-you-find-med.jpg
if-you-find-this,C:\Users\HP USER\.cache\kagglehub\datasets\thomaskonstantin\6000-children-and-teen-book-covers\versions\1\BookCovers\if-you-find-this.jpg
if-you-were-me,C:\Users\HP USER\.cache\kagglehub\datasets\thomaskonstantin\6000-children-and-teen-book-covers\versions\1\BookCovers\if-you-were-me.jpg
iggy-and-me-on-holiday,C:\Users\HP USER\.cache\kagglehub\datasets\thomaskonstantin\6000-children-and-teen-book-covers\versions\1\BookCovers\iggy-and-me-on-holiday.jpg
iggy-peck-and-the-mysterious-mansion,C:\Users\HP USER\.cache\kagglehub\datasets\thomaskonstantin\6000-children-and-teen-book-covers\versions\1\BookCovers\iggy-peck-and-the-mysterious-mansion.jpg
iguana-boy-saves-the-world-with-a-triple-cheese-pizza,C:\Users\HP USER\.cache\kagglehub\datasets\thomaskonstantin\6000-children-and-teen-book-covers\versions\1\BookCovers\iguana-boy-saves-the-world-with-a-triple-cheese-pizza.jpg
iguana-boy,C:\Users\HP USER\.cache\kagglehub\datasets\thomaskonstantin\6000-children-and-teen-book-covers\versions\1\BookCovers\iguana-boy.jpg
ikeu,C:\Users\HP USER\.cache\kagglehub\datasets\thomaskonstantin\6000-children-and-teen-book-covers\versions\1\BookCovers\ikeu.jpg
ill-give-you-the-sun,C:\Users\HP USER\.cache\kagglehub\datasets\thomaskonstantin\6000-children-and-teen-book-covers\versions\1\BookCovers\ill-give-you-the-sun.jpg
illegal,C:\Users\HP USER\.cache\kagglehub\datasets\thomaskonstantin\6000-children-and-teen-book-covers\versions\1\BookCovers\illegal.jpg
illustrated-harry-potter-and-the-philosopher-s-stone,C:\Users\HP USER\.cache\kagglehub\datasets\thomaskonstantin\6000-children-and-teen-book-covers\versions\1\BookCovers\illustrated-harry-potter-and-the-philosopher-s-stone.jpg
illustratedmum,C:\Users\HP USER\.cache\kagglehub\datasets\thomaskonstantin\6000-children-and-teen-book-covers\versions\1\BookCovers\illustratedmum.jpg
im-a-girl,C:\Users\HP USER\.cache\kagglehub\datasets\thomaskonstantin\6000-children-and-teen-book-covers\versions\1\BookCovers\im-a-girl.jpg
im-a-little-alien,C:\Users\HP USER\.cache\kagglehub\datasets\thomaskonstantin\6000-children-and-teen-book-covers\versions\1\BookCovers\im-a-little-alien.jpg
im-actually-really-grown-up-now,C:\Users\HP USER\.cache\kagglehub\datasets\thomaskonstantin\6000-children-and-teen-book-covers\versions\1\BookCovers\im-actually-really-grown-up-now.jpg
im-big-now,C:\Users\HP USER\.cache\kagglehub\datasets\thomaskonstantin\6000-children-and-teen-book-covers\versions\1\BookCovers\im-big-now.jpg
im-going-to-eat-this-ant,C:\Users\HP USER\.cache\kagglehub\datasets\thomaskonstantin\6000-children-and-teen-book-covers\versions\1\BookCovers\im-going-to-eat-this-ant.jpg
im-not-a-mouse,C:\Users\HP USER\.cache\kagglehub\datasets\thomaskonstantin\6000-children-and-teen-book-covers\versions\1\BookCovers\im-not-a-mouse.jpg
im-not-reading-jonathan-allen,C:\Users\HP USER\.cache\kagglehub\datasets\thomaskonstantin\6000-children-and-teen-book-covers\versions\1\BookCovers\im-not-reading-jonathan-allen.jpg
im-sticking-with-you,C:\Users\HP USER\.cache\kagglehub\datasets\thomaskonstantin\6000-children-and-teen-book-covers\versions\1\BookCovers\im-sticking-with-you.jpg
im-the-biggest,C:\Users\HP USER\.cache\kagglehub\datasets\thomaskonstantin\6000-children-and-teen-book-covers\versions\1\BookCovers\im-the-biggest.jpg
im-the-happiest,C:\Users\HP USER\.cache\kagglehub\datasets\thomaskonstantin\6000-children-and-teen-book-covers\versions\1\BookCovers\im-the-happiest.jpg
imaginary-fred,C:\Users\HP USER\.cache\kagglehub\datasets\thomaskonstantin\6000-children-and-teen-book-covers\versions\1\BookCovers\imaginary-fred.jpg
imagination-box,C:\Users\HP USER\.cache\kagglehub\datasets\thomaskonstantin\6000-children-and-teen-book-covers\versions\1\BookCovers\imagination-box.jpg
imelda-and-the-goblin-king,C:\Users\HP USER\.cache\kagglehub\datasets\thomaskonstantin\6000-children-and-teen-book-covers\versions\1\BookCovers\imelda-and-the-goblin-king.jpg
immi,C:\Users\HP USER\.cache\kagglehub\datasets\thomaskonstantin\6000-children-and-teen-book-covers\versions\1\BookCovers\immi.jpg
impossible-inventions,C:\Users\HP USER\.cache\kagglehub\datasets\thomaskonstantin\6000-children-and-teen-book-covers\versions\1\BookCovers\impossible-inventions.jpg
impossible-knife-of-memory,C:\Users\HP USER\.cache\kagglehub\datasets\thomaskonstantin\6000-children-and-teen-book-covers\versions\1\BookCovers\impossible-knife-of-memory.jpg
in-a-minute,C:\Users\HP USER\.cache\kagglehub\datasets\thomaskonstantin\6000-children-and-teen-book-covers\versions\1\BookCovers\in-a-minute.jpg
in-darkling-wood,C:\Users\HP USER\.cache\kagglehub\datasets\thomaskonstantin\6000-children-and-teen-book-covers\versions\1\BookCovers\in-darkling-wood.jpg
in-focus,C:\Users\HP USER\.cache\kagglehub\datasets\thomaskonstantin\6000-children-and-teen-book-covers\versions\1\BookCovers\in-focus.jpg
in-the-key-of-code,C:\Users\HP USER\.cache\kagglehub\datasets\thomaskonstantin\6000-children-and-teen-book-covers\versions\1\BookCovers\in-the-key-of-code.jpg
in-the-mouth-of-the-wolf,C:\Users\HP USER\.cache\kagglehub\datasets\thomaskonstantin\6000-children-and-teen-book-covers\versions\1\BookCovers\in-the-mouth-of-the-wolf.jpg
in-the-swamp-by-the-light-of-the-moon,C:\Users\HP USER\.cache\kagglehub\datasets\thomaskonstantin\6000-children-and-teen-book-covers\versions\1\BookCovers\in-the-swamp-by-the-light-of-the-moon.jpg
in-their-shoes,C:\Users\HP USER\.cache\kagglehub\datasets\thomaskonstantin\6000-children-and-teen-book-covers\versions\1\BookCovers\in-their-shoes.jpg
in-your-light,C:\Users\HP USER\.cache\kagglehub\datasets\thomaskonstantin\6000-children-and-teen-book-covers\versions\1\BookCovers\in-your-light.jpg
infernal-d-new,C:\Users\HP USER\.cache\kagglehub\datasets\thomaskonstantin\6000-children-and-teen-book-covers\versions\1\BookCovers\infernal-d-new.jpg
infinite-sky,C:\Users\HP USER\.cache\kagglehub\datasets\thomaskonstantin\6000-children-and-teen-book-covers\versions\1\BookCovers\infinite-sky.jpg
ingo-,C:\Users\HP USER\.cache\kagglehub\datasets\thomaskonstantin\6000-children-and-teen-book-covers\versions\1\BookCovers\ingo-.jpg
inheritance,C:\Users\HP USER\.cache\kagglehub\datasets\thomaskonstantin\6000-children-and-teen-book-covers\versions\1\BookCovers\inheritance.jpg
ink-and-boned,C:\Users\HP USER\.cache\kagglehub\datasets\thomaskonstantin\6000-children-and-teen-book-covers\versions\1\BookCovers\ink-and-boned.jpg
ink,C:\Users\HP USER\.cache\kagglehub\datasets\thomaskonstantin\6000-children-and-teen-book-covers\versions\1\BookCovers\ink.jpg
inkheart-,C:\Users\HP USER\.cache\kagglehub\datasets\thomaskonstantin\6000-children-and-teen-book-covers\versions\1\BookCovers\inkheart-.jpg
inkling,C:\Users\HP USER\.cache\kagglehub\datasets\thomaskonstantin\6000-children-and-teen-book-covers\versions\1\BookCovers\inkling.jpg
insect-detective,C:\Users\HP USER\.cache\kagglehub\datasets\thomaskonstantin\6000-children-and-teen-book-covers\versions\1\BookCovers\insect-detective.jpg
insignificant-events-in-the-life-of-a-cactus,C:\Users\HP USER\.cache\kagglehub\datasets\thomaskonstantin\6000-children-and-teen-book-covers\versions\1\BookCovers\insignificant-events-in-the-life-of-a-cactus.jpg
inspector-brunswick-the-case-of-the-missing-eyebrow,C:\Users\HP USER\.cache\kagglehub\datasets\thomaskonstantin\6000-children-and-teen-book-covers\versions\1\BookCovers\inspector-brunswick-the-case-of-the-missing-eyebrow.jpg
interrogation-of-ashala-wolf,C:\Users\HP USER\.cache\kagglehub\datasets\thomaskonstantin\6000-children-and-teen-book-covers\versions\1\BookCovers\interrogation-of-ashala-wolf.jpg
interview-with-a-tiger,C:\Users\HP USER\.cache\kagglehub\datasets\thomaskonstantin\6000-children-and-teen-book-covers\versions\1\BookCovers\interview-with-a-tiger.jpg
into-the-blue,C:\Users\HP USER\.cache\kagglehub\datasets\thomaskonstantin\6000-children-and-teen-book-covers\versions\1\BookCovers\into-the-blue.jpg
into-the-forest,C:\Users\HP USER\.cache\kagglehub\datasets\thomaskonstantin\6000-children-and-teen-book-covers\versions\1\BookCovers\into-the-forest.jpg
into-the-jungle,C:\Users\HP USER\.cache\kagglehub\datasets\thomaskonstantin\6000-children-and-teen-book-covers\versions\1\BookCovers\into-the-jungle.jpg
introducing-teddy,C:\Users\HP USER\.cache\kagglehub\datasets\thomaskonstantin\6000-children-and-teen-book-covers\versions\1\BookCovers\introducing-teddy.jpg
inventors,C:\Users\HP USER\.cache\kagglehub\datasets\thomaskonstantin\6000-children-and-teen-book-covers\versions\1\BookCovers\inventors.jpg
investi-gators,C:\Users\HP USER\.cache\kagglehub\datasets\thomaskonstantin\6000-children-and-teen-book-covers\versions\1\BookCovers\investi-gators.jpg
invictus,C:\Users\HP USER\.cache\kagglehub\datasets\thomaskonstantin\6000-children-and-teen-book-covers\versions\1\BookCovers\invictus.jpg
invisible-emmie,C:\Users\HP USER\.cache\kagglehub\datasets\thomaskonstantin\6000-children-and-teen-book-covers\versions\1\BookCovers\invisible-emmie.jpg
invisible-in-a-bright-light,C:\Users\HP USER\.cache\kagglehub\datasets\thomaskonstantin\6000-children-and-teen-book-covers\versions\1\BookCovers\invisible-in-a-bright-light.jpg
invisible-inc,C:\Users\HP USER\.cache\kagglehub\datasets\thomaskonstantin\6000-children-and-teen-book-covers\versions\1\BookCovers\invisible-inc.jpg
invisible-nature,C:\Users\HP USER\.cache\kagglehub\datasets\thomaskonstantin\6000-children-and-teen-book-covers\versions\1\BookCovers\invisible-nature.jpg
invisible-vinnie,C:\Users\HP USER\.cache\kagglehub\datasets\thomaskonstantin\6000-children-and-teen-book-covers\versions\1\BookCovers\invisible-vinnie.jpg
invited-to-aparty,C:\Users\HP USER\.cache\kagglehub\datasets\thomaskonstantin\6000-children-and-teen-book-covers\versions\1\BookCovers\invited-to-aparty.jpg
iremonger-heap-housed,C:\Users\HP USER\.cache\kagglehub\datasets\thomaskonstantin\6000-children-and-teen-book-covers\versions\1\BookCovers\iremonger-heap-housed.jpg
irework-makersdaughter,C:\Users\HP USER\.cache\kagglehub\datasets\thomaskonstantin\6000-children-and-teen-book-covers\versions\1\BookCovers\irework-makersdaughter.jpg
iris-and-isaac,C:\Users\HP USER\.cache\kagglehub\datasets\thomaskonstantin\6000-children-and-teen-book-covers\versions\1\BookCovers\iris-and-isaac.jpg
iron-witch,C:\Users\HP USER\.cache\kagglehub\datasets\thomaskonstantin\6000-children-and-teen-book-covers\versions\1\BookCovers\iron-witch.jpg
is-it-a-mermaid,C:\Users\HP USER\.cache\kagglehub\datasets\thomaskonstantin\6000-children-and-teen-book-covers\versions\1\BookCovers\is-it-a-mermaid.jpg
is-it-bedtime-wibbly-pig,C:\Users\HP USER\.cache\kagglehub\datasets\thomaskonstantin\6000-children-and-teen-book-covers\versions\1\BookCovers\is-it-bedtime-wibbly-pig.jpg
is-it-really-nearly-christmas,C:\Users\HP USER\.cache\kagglehub\datasets\thomaskonstantin\6000-children-and-teen-book-covers\versions\1\BookCovers\is-it-really-nearly-christmas.jpg
is-my-teacher-a-robot,C:\Users\HP USER\.cache\kagglehub\datasets\thomaskonstantin\6000-children-and-teen-book-covers\versions\1\BookCovers\is-my-teacher-a-robot.jpg
is-there-anybody-out-there,C:\Users\HP USER\.cache\kagglehub\datasets\thomaskonstantin\6000-children-and-teen-book-covers\versions\1\BookCovers\is-there-anybody-out-there.jpg
isaac-and-his-amazing-asperger-superpowers,C:\Users\HP USER\.cache\kagglehub\datasets\thomaskonstantin\6000-children-and-teen-book-covers\versions\1\BookCovers\isaac-and-his-amazing-asperger-superpowers.jpg
isadora-moon-goes-to-school,C:\Users\HP USER\.cache\kagglehub\datasets\thomaskonstantin\6000-children-and-teen-book-covers\versions\1\BookCovers\isadora-moon-goes-to-school.jpg
isbn9781444909296-detail-1-,C:\Users\HP USER\.cache\kagglehub\datasets\thomaskonstantin\6000-children-and-teen-book-covers\versions\1\BookCovers\isbn9781444909296-detail-1-.jpg
isla-and-the-happily-ever-after,C:\Users\HP USER\.cache\kagglehub\datasets\thomaskonstantin\6000-children-and-teen-book-covers\versions\1\BookCovers\isla-and-the-happily-ever-after.jpg
island-of-our-own,C:\Users\HP USER\.cache\kagglehub\datasets\thomaskonstantin\6000-children-and-teen-book-covers\versions\1\BookCovers\island-of-our-own.jpg
it-must-have-been-you,C:\Users\HP USER\.cache\kagglehub\datasets\thomaskonstantin\6000-children-and-teen-book-covers\versions\1\BookCovers\it-must-have-been-you.jpg
it-s-a-little-baby,C:\Users\HP USER\.cache\kagglehub\datasets\thomaskonstantin\6000-children-and-teen-book-covers\versions\1\BookCovers\it-s-a-little-baby.jpg
it-s-my-pond,C:\Users\HP USER\.cache\kagglehub\datasets\thomaskonstantin\6000-children-and-teen-book-covers\versions\1\BookCovers\it-s-my-pond.jpg
it-s-not-fine-to-sit-on-a-porcupine,C:\Users\HP USER\.cache\kagglehub\datasets\thomaskonstantin\6000-children-and-teen-book-covers\versions\1\BookCovers\it-s-not-fine-to-sit-on-a-porcupine.jpg
it-s-raining-it-s-pouring,C:\Users\HP USER\.cache\kagglehub\datasets\thomaskonstantin\6000-children-and-teen-book-covers\versions\1\BookCovers\it-s-raining-it-s-pouring.jpg
it-was-so-quiet-i-could-hear-a-pin-drop,C:\Users\HP USER\.cache\kagglehub\datasets\thomaskonstantin\6000-children-and-teen-book-covers\versions\1\BookCovers\it-was-so-quiet-i-could-hear-a-pin-drop.jpg
itch-scritch-scratch,C:\Users\HP USER\.cache\kagglehub\datasets\thomaskonstantin\6000-children-and-teen-book-covers\versions\1\BookCovers\itch-scritch-scratch.jpg
its-a-no-money-day,C:\Users\HP USER\.cache\kagglehub\datasets\thomaskonstantin\6000-children-and-teen-book-covers\versions\1\BookCovers\its-a-no-money-day.jpg
its-a-wrap,C:\Users\HP USER\.cache\kagglehub\datasets\thomaskonstantin\6000-children-and-teen-book-covers\versions\1\BookCovers\its-a-wrap.jpg
its-about-love,C:\Users\HP USER\.cache\kagglehub\datasets\thomaskonstantin\6000-children-and-teen-book-covers\versions\1\BookCovers\its-about-love.jpg
its-ok-im-wearing-really-big-knickers,C:\Users\HP USER\.cache\kagglehub\datasets\thomaskonstantin\6000-children-and-teen-book-covers\versions\1\BookCovers\its-ok-im-wearing-really-big-knickers.jpg
its-ok-to-cry,C:\Users\HP USER\.cache\kagglehub\datasets\thomaskonstantin\6000-children-and-teen-book-covers\versions\1\BookCovers\its-ok-to-cry.jpg
its-one-giant-leek-for-mankind,C:\Users\HP USER\.cache\kagglehub\datasets\thomaskonstantin\6000-children-and-teen-book-covers\versions\1\BookCovers\its-one-giant-leek-for-mankind.jpg
its-only-stanley,C:\Users\HP USER\.cache\kagglehub\datasets\thomaskonstantin\6000-children-and-teen-book-covers\versions\1\BookCovers\its-only-stanley.jpg
its-snow-day,C:\Users\HP USER\.cache\kagglehub\datasets\thomaskonstantin\6000-children-and-teen-book-covers\versions\1\BookCovers\its-snow-day.jpg
itstartswithaseed,C:\Users\HP USER\.cache\kagglehub\datasets\thomaskonstantin\6000-children-and-teen-book-covers\versions\1\BookCovers\itstartswithaseed.jpg
ivan-the-terrible,C:\Users\HP USER\.cache\kagglehub\datasets\thomaskonstantin\6000-children-and-teen-book-covers\versions\1\BookCovers\ivan-the-terrible.jpg
ive-broken-my-bum,C:\Users\HP USER\.cache\kagglehub\datasets\thomaskonstantin\6000-children-and-teen-book-covers\versions\1\BookCovers\ive-broken-my-bum.jpg
ivy-and-the-lonely-raincloud,C:\Users\HP USER\.cache\kagglehub\datasets\thomaskonstantin\6000-children-and-teen-book-covers\versions\1\BookCovers\ivy-and-the-lonely-raincloud.jpg
iwish,C:\Users\HP USER\.cache\kagglehub\datasets\thomaskonstantin\6000-children-and-teen-book-covers\versions\1\BookCovers\iwish.jpg
izzy-gizmo-and-the-invention-convention,C:\Users\HP USER\.cache\kagglehub\datasets\thomaskonstantin\6000-children-and-teen-book-covers\versions\1\BookCovers\izzy-gizmo-and-the-invention-convention.jpg
izzy-gizmo,C:\Users\HP USER\.cache\kagglehub\datasets\thomaskonstantin\6000-children-and-teen-book-covers\versions\1\BookCovers\izzy-gizmo.jpg
j-is-for-jamaica,C:\Users\HP USER\.cache\kagglehub\datasets\thomaskonstantin\6000-children-and-teen-book-covers\versions\1\BookCovers\j-is-for-jamaica.jpg
jack-and-the-beanstalk,C:\Users\HP USER\.cache\kagglehub\datasets\thomaskonstantin\6000-children-and-teen-book-covers\versions\1\BookCovers\jack-and-the-beanstalk.jpg
jack-and-the-beanstalk2,C:\Users\HP USER\.cache\kagglehub\datasets\thomaskonstantin\6000-children-and-teen-book-covers\versions\1\BookCovers\jack-and-the-beanstalk2.jpg
jack-and-the-geniuses,C:\Users\HP USER\.cache\kagglehub\datasets\thomaskonstantin\6000-children-and-teen-book-covers\versions\1\BookCovers\jack-and-the-geniuses.jpg
jack-dash-and-the-great-custard-cake-off,C:\Users\HP USER\.cache\kagglehub\datasets\thomaskonstantin\6000-children-and-teen-book-covers\versions\1\BookCovers\jack-dash-and-the-great-custard-cake-off.jpg
jack-dash-and-the-magic-feather,C:\Users\HP USER\.cache\kagglehub\datasets\thomaskonstantin\6000-children-and-teen-book-covers\versions\1\BookCovers\jack-dash-and-the-magic-feather.jpg
jack-s-fantastic-voyage,C:\Users\HP USER\.cache\kagglehub\datasets\thomaskonstantin\6000-children-and-teen-book-covers\versions\1\BookCovers\jack-s-fantastic-voyage.jpg
jackdawsumer,C:\Users\HP USER\.cache\kagglehub\datasets\thomaskonstantin\6000-children-and-teen-book-covers\versions\1\BookCovers\jackdawsumer.jpg
jacket,C:\Users\HP USER\.cache\kagglehub\datasets\thomaskonstantin\6000-children-and-teen-book-covers\versions\1\BookCovers\jacket.jpg
jadeboy,C:\Users\HP USER\.cache\kagglehub\datasets\thomaskonstantin\6000-children-and-teen-book-covers\versions\1\BookCovers\jadeboy.jpg
jake-atlas-and-the-tomb-of-the-emerald-snake,C:\Users\HP USER\.cache\kagglehub\datasets\thomaskonstantin\6000-children-and-teen-book-covers\versions\1\BookCovers\jake-atlas-and-the-tomb-of-the-emerald-snake.jpg
jake-cake-the-robot-dinner-lady,C:\Users\HP USER\.cache\kagglehub\datasets\thomaskonstantin\6000-children-and-teen-book-covers\versions\1\BookCovers\jake-cake-the-robot-dinner-lady.jpg
jake-in-danger,C:\Users\HP USER\.cache\kagglehub\datasets\thomaskonstantin\6000-children-and-teen-book-covers\versions\1\BookCovers\jake-in-danger.jpg
jake-the-good-bad-dog,C:\Users\HP USER\.cache\kagglehub\datasets\thomaskonstantin\6000-children-and-teen-book-covers\versions\1\BookCovers\jake-the-good-bad-dog.jpg
jakestower,C:\Users\HP USER\.cache\kagglehub\datasets\thomaskonstantin\6000-children-and-teen-book-covers\versions\1\BookCovers\jakestower.jpg
jamela-s-dress,C:\Users\HP USER\.cache\kagglehub\datasets\thomaskonstantin\6000-children-and-teen-book-covers\versions\1\BookCovers\jamela-s-dress.jpg
james-and-the-giant-peach,C:\Users\HP USER\.cache\kagglehub\datasets\thomaskonstantin\6000-children-and-teen-book-covers\versions\1\BookCovers\james-and-the-giant-peach.jpg
jamilti-and-other-stories,C:\Users\HP USER\.cache\kagglehub\datasets\thomaskonstantin\6000-children-and-teen-book-covers\versions\1\BookCovers\jamilti-and-other-stories.jpg
jampires,C:\Users\HP USER\.cache\kagglehub\datasets\thomaskonstantin\6000-children-and-teen-book-covers\versions\1\BookCovers\jampires.jpg
jane-eyre,C:\Users\HP USER\.cache\kagglehub\datasets\thomaskonstantin\6000-children-and-teen-book-covers\versions\1\BookCovers\jane-eyre.jpg
jango,C:\Users\HP USER\.cache\kagglehub\datasets\thomaskonstantin\6000-children-and-teen-book-covers\versions\1\BookCovers\jango.jpg
jekyls-mirror,C:\Users\HP USER\.cache\kagglehub\datasets\thomaskonstantin\6000-children-and-teen-book-covers\versions\1\BookCovers\jekyls-mirror.jpg
jellicle-cats,C:\Users\HP USER\.cache\kagglehub\datasets\thomaskonstantin\6000-children-and-teen-book-covers\versions\1\BookCovers\jellicle-cats.jpg
jelly-boots-smelly-boots,C:\Users\HP USER\.cache\kagglehub\datasets\thomaskonstantin\6000-children-and-teen-book-covers\versions\1\BookCovers\jelly-boots-smelly-boots.jpg
jelly-cover-image,C:\Users\HP USER\.cache\kagglehub\datasets\thomaskonstantin\6000-children-and-teen-book-covers\versions\1\BookCovers\jelly-cover-image.jpg
jemima-small-versus-the-universe,C:\Users\HP USER\.cache\kagglehub\datasets\thomaskonstantin\6000-children-and-teen-book-covers\versions\1\BookCovers\jemima-small-versus-the-universe.jpg
jessame-to-the-rescue,C:\Users\HP USER\.cache\kagglehub\datasets\thomaskonstantin\6000-children-and-teen-book-covers\versions\1\BookCovers\jessame-to-the-rescue.jpg
jessica-s-ghostd,C:\Users\HP USER\.cache\kagglehub\datasets\thomaskonstantin\6000-children-and-teen-book-covers\versions\1\BookCovers\jessica-s-ghostd.jpg
jill-and-lion,C:\Users\HP USER\.cache\kagglehub\datasets\thomaskonstantin\6000-children-and-teen-book-covers\versions\1\BookCovers\jill-and-lion.jpg
jim-and-the-beanstalk,C:\Users\HP USER\.cache\kagglehub\datasets\thomaskonstantin\6000-children-and-teen-book-covers\versions\1\BookCovers\jim-and-the-beanstalk.jpg
jim-reaper,C:\Users\HP USER\.cache\kagglehub\datasets\thomaskonstantin\6000-children-and-teen-book-covers\versions\1\BookCovers\jim-reaper.jpg
jimmy-corrigan,C:\Users\HP USER\.cache\kagglehub\datasets\thomaskonstantin\6000-children-and-teen-book-covers\versions\1\BookCovers\jimmy-corrigan.jpg
jinks-and-ohare-funfair-repair,C:\Users\HP USER\.cache\kagglehub\datasets\thomaskonstantin\6000-children-and-teen-book-covers\versions\1\BookCovers\jinks-and-ohare-funfair-repair.jpg
jinx-wizards-apprentice,C:\Users\HP USER\.cache\kagglehub\datasets\thomaskonstantin\6000-children-and-teen-book-covers\versions\1\BookCovers\jinx-wizards-apprentice.jpg
jinxed,C:\Users\HP USER\.cache\kagglehub\datasets\thomaskonstantin\6000-children-and-teen-book-covers\versions\1\BookCovers\jinxed.jpg
joan-procter-dragon-doctor,C:\Users\HP USER\.cache\kagglehub\datasets\thomaskonstantin\6000-children-and-teen-book-covers\versions\1\BookCovers\joan-procter-dragon-doctor.jpg
joe-all-alone,C:\Users\HP USER\.cache\kagglehub\datasets\thomaskonstantin\6000-children-and-teen-book-covers\versions\1\BookCovers\joe-all-alone.jpg
joeypigza,C:\Users\HP USER\.cache\kagglehub\datasets\thomaskonstantin\6000-children-and-teen-book-covers\versions\1\BookCovers\joeypigza.jpg
johnny-ball-undercover-football-genius,C:\Users\HP USER\.cache\kagglehub\datasets\thomaskonstantin\6000-children-and-teen-book-covers\versions\1\BookCovers\johnny-ball-undercover-football-genius.jpg
johnny-swanson,C:\Users\HP USER\.cache\kagglehub\datasets\thomaskonstantin\6000-children-and-teen-book-covers\versions\1\BookCovers\johnny-swanson.jpg
jolly-foul-play,C:\Users\HP USER\.cache\kagglehub\datasets\thomaskonstantin\6000-children-and-teen-book-covers\versions\1\BookCovers\jolly-foul-play.jpg
jolly-olly,C:\Users\HP USER\.cache\kagglehub\datasets\thomaskonstantin\6000-children-and-teen-book-covers\versions\1\BookCovers\jolly-olly.jpg
joly-christmas-postman,C:\Users\HP USER\.cache\kagglehub\datasets\thomaskonstantin\6000-children-and-teen-book-covers\versions\1\BookCovers\joly-christmas-postman.jpg
jonadab-and-rita,C:\Users\HP USER\.cache\kagglehub\datasets\thomaskonstantin\6000-children-and-teen-book-covers\versions\1\BookCovers\jonadab-and-rita.jpg
jonathan-the-magic-pony,C:\Users\HP USER\.cache\kagglehub\datasets\thomaskonstantin\6000-children-and-teen-book-covers\versions\1\BookCovers\jonathan-the-magic-pony.jpg
jonny-jakes-investigates-hamburgers-of-doom,C:\Users\HP USER\.cache\kagglehub\datasets\thomaskonstantin\6000-children-and-teen-book-covers\versions\1\BookCovers\jonny-jakes-investigates-hamburgers-of-doom.jpg
josephine-baker,C:\Users\HP USER\.cache\kagglehub\datasets\thomaskonstantin\6000-children-and-teen-book-covers\versions\1\BookCovers\josephine-baker.jpg
journey-francesca-sanna,C:\Users\HP USER\.cache\kagglehub\datasets\thomaskonstantin\6000-children-and-teen-book-covers\versions\1\BookCovers\journey-francesca-sanna.jpg
journey2-the-river-sea,C:\Users\HP USER\.cache\kagglehub\datasets\thomaskonstantin\6000-children-and-teen-book-covers\versions\1\BookCovers\journey2-the-river-sea.jpg
joy,C:\Users\HP USER\.cache\kagglehub\datasets\thomaskonstantin\6000-children-and-teen-book-covers\versions\1\BookCovers\joy.jpg
joy2,C:\Users\HP USER\.cache\kagglehub\datasets\thomaskonstantin\6000-children-and-teen-book-covers\versions\1\BookCovers\joy2.jpg
judy-moody-future,C:\Users\HP USER\.cache\kagglehub\datasets\thomaskonstantin\6000-children-and-teen-book-covers\versions\1\BookCovers\judy-moody-future.jpg
judy-moody-independence,C:\Users\HP USER\.cache\kagglehub\datasets\thomaskonstantin\6000-children-and-teen-book-covers\versions\1\BookCovers\judy-moody-independence.jpg
judymoodydoc,C:\Users\HP USER\.cache\kagglehub\datasets\thomaskonstantin\6000-children-and-teen-book-covers\versions\1\BookCovers\judymoodydoc.jpg
julian-is-a-mermaid,C:\Users\HP USER\.cache\kagglehub\datasets\thomaskonstantin\6000-children-and-teen-book-covers\versions\1\BookCovers\julian-is-a-mermaid.jpg
julius-zebra,C:\Users\HP USER\.cache\kagglehub\datasets\thomaskonstantin\6000-children-and-teen-book-covers\versions\1\BookCovers\julius-zebra.jpg
jumblecat,C:\Users\HP USER\.cache\kagglehub\datasets\thomaskonstantin\6000-children-and-teen-book-covers\versions\1\BookCovers\jumblecat.jpg
jump-and-shout-3,C:\Users\HP USER\.cache\kagglehub\datasets\thomaskonstantin\6000-children-and-teen-book-covers\versions\1\BookCovers\jump-and-shout-3.jpg
jungledrop,C:\Users\HP USER\.cache\kagglehub\datasets\thomaskonstantin\6000-children-and-teen-book-covers\versions\1\BookCovers\jungledrop.jpg
juniper-jupiter,C:\Users\HP USER\.cache\kagglehub\datasets\thomaskonstantin\6000-children-and-teen-book-covers\versions\1\BookCovers\juniper-jupiter.jpg
junk,C:\Users\HP USER\.cache\kagglehub\datasets\thomaskonstantin\6000-children-and-teen-book-covers\versions\1\BookCovers\junk.jpg
just-because,C:\Users\HP USER\.cache\kagglehub\datasets\thomaskonstantin\6000-children-and-teen-book-covers\versions\1\BookCovers\just-because.jpg
just-jack,C:\Users\HP USER\.cache\kagglehub\datasets\thomaskonstantin\6000-children-and-teen-book-covers\versions\1\BookCovers\just-jack.jpg
just-like-mummy,C:\Users\HP USER\.cache\kagglehub\datasets\thomaskonstantin\6000-children-and-teen-book-covers\versions\1\BookCovers\just-like-mummy.jpg
just-like-my-dad,C:\Users\HP USER\.cache\kagglehub\datasets\thomaskonstantin\6000-children-and-teen-book-covers\versions\1\BookCovers\just-like-my-dad.jpg
just-like-tomorrow,C:\Users\HP USER\.cache\kagglehub\datasets\thomaskonstantin\6000-children-and-teen-book-covers\versions\1\BookCovers\just-like-tomorrow.jpg
just-one-of-those-days,C:\Users\HP USER\.cache\kagglehub\datasets\thomaskonstantin\6000-children-and-teen-book-covers\versions\1\BookCovers\just-one-of-those-days.jpg
just-plain-weird,C:\Users\HP USER\.cache\kagglehub\datasets\thomaskonstantin\6000-children-and-teen-book-covers\versions\1\BookCovers\just-plain-weird.jpg
just-read,C:\Users\HP USER\.cache\kagglehub\datasets\thomaskonstantin\6000-children-and-teen-book-covers\versions\1\BookCovers\just-read.jpg
just-right-for-christmas,C:\Users\HP USER\.cache\kagglehub\datasets\thomaskonstantin\6000-children-and-teen-book-covers\versions\1\BookCovers\just-right-for-christmas.jpg
justhenry,C:\Users\HP USER\.cache\kagglehub\datasets\thomaskonstantin\6000-children-and-teen-book-covers\versions\1\BookCovers\justhenry.jpg
juvie,C:\Users\HP USER\.cache\kagglehub\datasets\thomaskonstantin\6000-children-and-teen-book-covers\versions\1\BookCovers\juvie.jpg
kahani,C:\Users\HP USER\.cache\kagglehub\datasets\thomaskonstantin\6000-children-and-teen-book-covers\versions\1\BookCovers\kahani.jpg
kangaroo-kisses,C:\Users\HP USER\.cache\kagglehub\datasets\thomaskonstantin\6000-children-and-teen-book-covers\versions\1\BookCovers\kangaroo-kisses.jpg
karate-kids,C:\Users\HP USER\.cache\kagglehub\datasets\thomaskonstantin\6000-children-and-teen-book-covers\versions\1\BookCovers\karate-kids.jpg
kat-wolfe-investigates,C:\Users\HP USER\.cache\kagglehub\datasets\thomaskonstantin\6000-children-and-teen-book-covers\versions\1\BookCovers\kat-wolfe-investigates.jpg
katha,C:\Users\HP USER\.cache\kagglehub\datasets\thomaskonstantin\6000-children-and-teen-book-covers\versions\1\BookCovers\katha.jpg
katherine-johnson-a-life-story,C:\Users\HP USER\.cache\kagglehub\datasets\thomaskonstantin\6000-children-and-teen-book-covers\versions\1\BookCovers\katherine-johnson-a-life-story.jpg
katie-and-the-spanish-princess,C:\Users\HP USER\.cache\kagglehub\datasets\thomaskonstantin\6000-children-and-teen-book-covers\versions\1\BookCovers\katie-and-the-spanish-princess.jpg
katie-thebritartists,C:\Users\HP USER\.cache\kagglehub\datasets\thomaskonstantin\6000-children-and-teen-book-covers\versions\1\BookCovers\katie-thebritartists.jpg
katies-picture-show,C:\Users\HP USER\.cache\kagglehub\datasets\thomaskonstantin\6000-children-and-teen-book-covers\versions\1\BookCovers\katies-picture-show.jpg
katinkas-tail,C:\Users\HP USER\.cache\kagglehub\datasets\thomaskonstantin\6000-children-and-teen-book-covers\versions\1\BookCovers\katinkas-tail.jpg
katy-cat-andpeaky-boo,C:\Users\HP USER\.cache\kagglehub\datasets\thomaskonstantin\6000-children-and-teen-book-covers\versions\1\BookCovers\katy-cat-andpeaky-boo.jpg
katy,C:\Users\HP USER\.cache\kagglehub\datasets\thomaskonstantin\6000-children-and-teen-book-covers\versions\1\BookCovers\katy.jpg
kayas-heart-song-cover-hi-res,C:\Users\HP USER\.cache\kagglehub\datasets\thomaskonstantin\6000-children-and-teen-book-covers\versions\1\BookCovers\kayas-heart-song-cover-hi-res.jpg
kays-anatomy,C:\Users\HP USER\.cache\kagglehub\datasets\thomaskonstantin\6000-children-and-teen-book-covers\versions\1\BookCovers\kays-anatomy.jpg
kechis-hair,C:\Users\HP USER\.cache\kagglehub\datasets\thomaskonstantin\6000-children-and-teen-book-covers\versions\1\BookCovers\kechis-hair.jpg
keeper-of-the-realms,C:\Users\HP USER\.cache\kagglehub\datasets\thomaskonstantin\6000-children-and-teen-book-covers\versions\1\BookCovers\keeper-of-the-realms.jpg
keeper,C:\Users\HP USER\.cache\kagglehub\datasets\thomaskonstantin\6000-children-and-teen-book-covers\versions\1\BookCovers\keeper.jpg
keith-among-the-pigeons,C:\Users\HP USER\.cache\kagglehub\datasets\thomaskonstantin\6000-children-and-teen-book-covers\versions\1\BookCovers\keith-among-the-pigeons.jpg
kenny-wright-superhero,C:\Users\HP USER\.cache\kagglehub\datasets\thomaskonstantin\6000-children-and-teen-book-covers\versions\1\BookCovers\kenny-wright-superhero.jpg
kensuke-s-kingdom,C:\Users\HP USER\.cache\kagglehub\datasets\thomaskonstantin\6000-children-and-teen-book-covers\versions\1\BookCovers\kensuke-s-kingdom.jpg
kerb-stain-boys,C:\Users\HP USER\.cache\kagglehub\datasets\thomaskonstantin\6000-children-and-teen-book-covers\versions\1\BookCovers\kerb-stain-boys.jpg
ketchup-cloudsd,C:\Users\HP USER\.cache\kagglehub\datasets\thomaskonstantin\6000-children-and-teen-book-covers\versions\1\BookCovers\ketchup-cloudsd.jpg
ketchup-on-your-reindeer,C:\Users\HP USER\.cache\kagglehub\datasets\thomaskonstantin\6000-children-and-teen-book-covers\versions\1\BookCovers\ketchup-on-your-reindeer.jpg
kevins-great-escape,C:\Users\HP USER\.cache\kagglehub\datasets\thomaskonstantin\6000-children-and-teen-book-covers\versions\1\BookCovers\kevins-great-escape.jpg
kick-ass,C:\Users\HP USER\.cache\kagglehub\datasets\thomaskonstantin\6000-children-and-teen-book-covers\versions\1\BookCovers\kick-ass.jpg
kick,C:\Users\HP USER\.cache\kagglehub\datasets\thomaskonstantin\6000-children-and-teen-book-covers\versions\1\BookCovers\kick.jpg
kickoff,C:\Users\HP USER\.cache\kagglehub\datasets\thomaskonstantin\6000-children-and-teen-book-covers\versions\1\BookCovers\kickoff.jpg
kid-normal,C:\Users\HP USER\.cache\kagglehub\datasets\thomaskonstantin\6000-children-and-teen-book-covers\versions\1\BookCovers\kid-normal.jpg
kid-sherlock,C:\Users\HP USER\.cache\kagglehub\datasets\thomaskonstantin\6000-children-and-teen-book-covers\versions\1\BookCovers\kid-sherlock.jpg
kidglovz,C:\Users\HP USER\.cache\kagglehub\datasets\thomaskonstantin\6000-children-and-teen-book-covers\versions\1\BookCovers\kidglovz.jpg
kidnap-on-the-california-comet,C:\Users\HP USER\.cache\kagglehub\datasets\thomaskonstantin\6000-children-and-teen-book-covers\versions\1\BookCovers\kidnap-on-the-california-comet.jpg
kids-can-cook,C:\Users\HP USER\.cache\kagglehub\datasets\thomaskonstantin\6000-children-and-teen-book-covers\versions\1\BookCovers\kids-can-cook.jpg
kids-fight-plastic,C:\Users\HP USER\.cache\kagglehub\datasets\thomaskonstantin\6000-children-and-teen-book-covers\versions\1\BookCovers\kids-fight-plastic.jpg
kiki-and-bobo-s-sunny-day,C:\Users\HP USER\.cache\kagglehub\datasets\thomaskonstantin\6000-children-and-teen-book-covers\versions\1\BookCovers\kiki-and-bobo-s-sunny-day.jpg
kiki-and-bobos-super-surprise,C:\Users\HP USER\.cache\kagglehub\datasets\thomaskonstantin\6000-children-and-teen-book-covers\versions\1\BookCovers\kiki-and-bobos-super-surprise.jpg
killer-gorilla,C:\Users\HP USER\.cache\kagglehub\datasets\thomaskonstantin\6000-children-and-teen-book-covers\versions\1\BookCovers\killer-gorilla.jpg
killing-honour,C:\Users\HP USER\.cache\kagglehub\datasets\thomaskonstantin\6000-children-and-teen-book-covers\versions\1\BookCovers\killing-honour.jpg
killing-sound,C:\Users\HP USER\.cache\kagglehub\datasets\thomaskonstantin\6000-children-and-teen-book-covers\versions\1\BookCovers\killing-sound.jpg
killingwoods,C:\Users\HP USER\.cache\kagglehub\datasets\thomaskonstantin\6000-children-and-teen-book-covers\versions\1\BookCovers\killingwoods.jpg
kind,C:\Users\HP USER\.cache\kagglehub\datasets\thomaskonstantin\6000-children-and-teen-book-covers\versions\1\BookCovers\kind.jpg
kindness-rules,C:\Users\HP USER\.cache\kagglehub\datasets\thomaskonstantin\6000-children-and-teen-book-covers\versions\1\BookCovers\kindness-rules.jpg
king-and-the-sea,C:\Users\HP USER\.cache\kagglehub\datasets\thomaskonstantin\6000-children-and-teen-book-covers\versions\1\BookCovers\king-and-the-sea.jpg
king-baby,C:\Users\HP USER\.cache\kagglehub\datasets\thomaskonstantin\6000-children-and-teen-book-covers\versions\1\BookCovers\king-baby.jpg
king-coo,C:\Users\HP USER\.cache\kagglehub\datasets\thomaskonstantin\6000-children-and-teen-book-covers\versions\1\BookCovers\king-coo.jpg
king-flashypants-and-the-evil-emperor,C:\Users\HP USER\.cache\kagglehub\datasets\thomaskonstantin\6000-children-and-teen-book-covers\versions\1\BookCovers\king-flashypants-and-the-evil-emperor.jpg
king-jack,C:\Users\HP USER\.cache\kagglehub\datasets\thomaskonstantin\6000-children-and-teen-book-covers\versions\1\BookCovers\king-jack.jpg
king-of-shadows,C:\Users\HP USER\.cache\kagglehub\datasets\thomaskonstantin\6000-children-and-teen-book-covers\versions\1\BookCovers\king-of-shadows.jpg
king-of-the-classroom,C:\Users\HP USER\.cache\kagglehub\datasets\thomaskonstantin\6000-children-and-teen-book-covers\versions\1\BookCovers\king-of-the-classroom.jpg
king-of-the-sky,C:\Users\HP USER\.cache\kagglehub\datasets\thomaskonstantin\6000-children-and-teen-book-covers\versions\1\BookCovers\king-of-the-sky.jpg
kipper-and-roly,C:\Users\HP USER\.cache\kagglehub\datasets\thomaskonstantin\6000-children-and-teen-book-covers\versions\1\BookCovers\kipper-and-roly.jpg
kipper,C:\Users\HP USER\.cache\kagglehub\datasets\thomaskonstantin\6000-children-and-teen-book-covers\versions\1\BookCovers\kipper.jpg
kipperbday,C:\Users\HP USER\.cache\kagglehub\datasets\thomaskonstantin\6000-children-and-teen-book-covers\versions\1\BookCovers\kipperbday.jpg
kippers-ballon,C:\Users\HP USER\.cache\kagglehub\datasets\thomaskonstantin\6000-children-and-teen-book-covers\versions\1\BookCovers\kippers-ballon.jpg
kiss-,C:\Users\HP USER\.cache\kagglehub\datasets\thomaskonstantin\6000-children-and-teen-book-covers\versions\1\BookCovers\kiss-.jpg
kiss-goodnight-by-jane-cabrera,C:\Users\HP USER\.cache\kagglehub\datasets\thomaskonstantin\6000-children-and-teen-book-covers\versions\1\BookCovers\kiss-goodnight-by-jane-cabrera.jpg
kiss-it-better,C:\Users\HP USER\.cache\kagglehub\datasets\thomaskonstantin\6000-children-and-teen-book-covers\versions\1\BookCovers\kiss-it-better.jpg
kitchen-disco,C:\Users\HP USER\.cache\kagglehub\datasets\thomaskonstantin\6000-children-and-teen-book-covers\versions\1\BookCovers\kitchen-disco.jpg
kites,C:\Users\HP USER\.cache\kagglehub\datasets\thomaskonstantin\6000-children-and-teen-book-covers\versions\1\BookCovers\kites.jpg
kitswilderness,C:\Users\HP USER\.cache\kagglehub\datasets\thomaskonstantin\6000-children-and-teen-book-covers\versions\1\BookCovers\kitswilderness.jpg
kitty-and-the-moonlight-rescue,C:\Users\HP USER\.cache\kagglehub\datasets\thomaskonstantin\6000-children-and-teen-book-covers\versions\1\BookCovers\kitty-and-the-moonlight-rescue.jpg
kitty-and-the-sky-garden-adventure,C:\Users\HP USER\.cache\kagglehub\datasets\thomaskonstantin\6000-children-and-teen-book-covers\versions\1\BookCovers\kitty-and-the-sky-garden-adventure.jpg
kitty-in-boots,C:\Users\HP USER\.cache\kagglehub\datasets\thomaskonstantin\6000-children-and-teen-book-covers\versions\1\BookCovers\kitty-in-boots.jpg
klaus-vogel-and-the-bad-lads,C:\Users\HP USER\.cache\kagglehub\datasets\thomaskonstantin\6000-children-and-teen-book-covers\versions\1\BookCovers\klaus-vogel-and-the-bad-lads.jpg
knifeofneverlettinggo,C:\Users\HP USER\.cache\kagglehub\datasets\thomaskonstantin\6000-children-and-teen-book-covers\versions\1\BookCovers\knifeofneverlettinggo.jpg
knighthood-for-beginners,C:\Users\HP USER\.cache\kagglehub\datasets\thomaskonstantin\6000-children-and-teen-book-covers\versions\1\BookCovers\knighthood-for-beginners.jpg
knightley-son,C:\Users\HP USER\.cache\kagglehub\datasets\thomaskonstantin\6000-children-and-teen-book-covers\versions\1\BookCovers\knightley-son.jpg
knightmare-life-stinks,C:\Users\HP USER\.cache\kagglehub\datasets\thomaskonstantin\6000-children-and-teen-book-covers\versions\1\BookCovers\knightmare-life-stinks.jpg
knights-and-bikes,C:\Users\HP USER\.cache\kagglehub\datasets\thomaskonstantin\6000-children-and-teen-book-covers\versions\1\BookCovers\knights-and-bikes.jpg
knuffle-bunny-a-cautionary-tale,C:\Users\HP USER\.cache\kagglehub\datasets\thomaskonstantin\6000-children-and-teen-book-covers\versions\1\BookCovers\knuffle-bunny-a-cautionary-tale.jpg
knuffle-bunny-too,C:\Users\HP USER\.cache\kagglehub\datasets\thomaskonstantin\6000-children-and-teen-book-covers\versions\1\BookCovers\knuffle-bunny-too.jpg
kubla-khan-the-emperor-of-everything,C:\Users\HP USER\.cache\kagglehub\datasets\thomaskonstantin\6000-children-and-teen-book-covers\versions\1\BookCovers\kubla-khan-the-emperor-of-everything.jpg
la-la-la,C:\Users\HP USER\.cache\kagglehub\datasets\thomaskonstantin\6000-children-and-teen-book-covers\versions\1\BookCovers\la-la-la.jpg
labradoodle-on-the-loose,C:\Users\HP USER\.cache\kagglehub\datasets\thomaskonstantin\6000-children-and-teen-book-covers\versions\1\BookCovers\labradoodle-on-the-loose.jpg
labyrinth,C:\Users\HP USER\.cache\kagglehub\datasets\thomaskonstantin\6000-children-and-teen-book-covers\versions\1\BookCovers\labyrinth.jpg
lady-midnight,C:\Users\HP USER\.cache\kagglehub\datasets\thomaskonstantin\6000-children-and-teen-book-covers\versions\1\BookCovers\lady-midnight.jpg
ladylollipop,C:\Users\HP USER\.cache\kagglehub\datasets\thomaskonstantin\6000-children-and-teen-book-covers\versions\1\BookCovers\ladylollipop.jpg
lalani-of-the-distant-sea,C:\Users\HP USER\.cache\kagglehub\datasets\thomaskonstantin\6000-children-and-teen-book-covers\versions\1\BookCovers\lalani-of-the-distant-sea.jpg
lament,C:\Users\HP USER\.cache\kagglehub\datasets\thomaskonstantin\6000-children-and-teen-book-covers\versions\1\BookCovers\lament.jpg
land-of-green-ginger,C:\Users\HP USER\.cache\kagglehub\datasets\thomaskonstantin\6000-children-and-teen-book-covers\versions\1\BookCovers\land-of-green-ginger.jpg
lark-in-the-ark,C:\Users\HP USER\.cache\kagglehub\datasets\thomaskonstantin\6000-children-and-teen-book-covers\versions\1\BookCovers\lark-in-the-ark.jpg
larkinark,C:\Users\HP USER\.cache\kagglehub\datasets\thomaskonstantin\6000-children-and-teen-book-covers\versions\1\BookCovers\larkinark.jpg
larklight,C:\Users\HP USER\.cache\kagglehub\datasets\thomaskonstantin\6000-children-and-teen-book-covers\versions\1\BookCovers\larklight.jpg
last-of-the-spirits,C:\Users\HP USER\.cache\kagglehub\datasets\thomaskonstantin\6000-children-and-teen-book-covers\versions\1\BookCovers\last-of-the-spirits.jpg
last-stop-on-market-street,C:\Users\HP USER\.cache\kagglehub\datasets\thomaskonstantin\6000-children-and-teen-book-covers\versions\1\BookCovers\last-stop-on-market-street.jpg
last-stop-on-the-reindeer-express,C:\Users\HP USER\.cache\kagglehub\datasets\thomaskonstantin\6000-children-and-teen-book-covers\versions\1\BookCovers\last-stop-on-the-reindeer-express.jpg
last-summer-of-us,C:\Users\HP USER\.cache\kagglehub\datasets\thomaskonstantin\6000-children-and-teen-book-covers\versions\1\BookCovers\last-summer-of-us.jpg
last-train-kummersdorf,C:\Users\HP USER\.cache\kagglehub\datasets\thomaskonstantin\6000-children-and-teen-book-covers\versions\1\BookCovers\last-train-kummersdorf.jpg
lastolympian,C:\Users\HP USER\.cache\kagglehub\datasets\thomaskonstantin\6000-children-and-teen-book-covers\versions\1\BookCovers\lastolympian.jpg
launch-a-rocket-into-space,C:\Users\HP USER\.cache\kagglehub\datasets\thomaskonstantin\6000-children-and-teen-book-covers\versions\1\BookCovers\launch-a-rocket-into-space.jpg
laura-marlin,C:\Users\HP USER\.cache\kagglehub\datasets\thomaskonstantin\6000-children-and-teen-book-covers\versions\1\BookCovers\laura-marlin.jpg
lavinia-and-the-magic-ring,C:\Users\HP USER\.cache\kagglehub\datasets\thomaskonstantin\6000-children-and-teen-book-covers\versions\1\BookCovers\lavinia-and-the-magic-ring.jpg
leahs-star,C:\Users\HP USER\.cache\kagglehub\datasets\thomaskonstantin\6000-children-and-teen-book-covers\versions\1\BookCovers\leahs-star.jpg
legendd,C:\Users\HP USER\.cache\kagglehub\datasets\thomaskonstantin\6000-children-and-teen-book-covers\versions\1\BookCovers\legendd.jpg
legionofthedead,C:\Users\HP USER\.cache\kagglehub\datasets\thomaskonstantin\6000-children-and-teen-book-covers\versions\1\BookCovers\legionofthedead.jpg
lenny-and-wilbur,C:\Users\HP USER\.cache\kagglehub\datasets\thomaskonstantin\6000-children-and-teen-book-covers\versions\1\BookCovers\lenny-and-wilbur.jpg
leon-and-the-place-between,C:\Users\HP USER\.cache\kagglehub\datasets\thomaskonstantin\6000-children-and-teen-book-covers\versions\1\BookCovers\leon-and-the-place-between.jpg
leon-bob,C:\Users\HP USER\.cache\kagglehub\datasets\thomaskonstantin\6000-children-and-teen-book-covers\versions\1\BookCovers\leon-bob.jpg
leonardo-the-terrible-monster,C:\Users\HP USER\.cache\kagglehub\datasets\thomaskonstantin\6000-children-and-teen-book-covers\versions\1\BookCovers\leonardo-the-terrible-monster.jpg
leopards-snore-2,C:\Users\HP USER\.cache\kagglehub\datasets\thomaskonstantin\6000-children-and-teen-book-covers\versions\1\BookCovers\leopards-snore-2.jpg
leopoldblue,C:\Users\HP USER\.cache\kagglehub\datasets\thomaskonstantin\6000-children-and-teen-book-covers\versions\1\BookCovers\leopoldblue.jpg
let-s-find-fred,C:\Users\HP USER\.cache\kagglehub\datasets\thomaskonstantin\6000-children-and-teen-book-covers\versions\1\BookCovers\let-s-find-fred.jpg
let-s-play-,C:\Users\HP USER\.cache\kagglehub\datasets\thomaskonstantin\6000-children-and-teen-book-covers\versions\1\BookCovers\let-s-play-.jpg
let-s-save-the-animals,C:\Users\HP USER\.cache\kagglehub\datasets\thomaskonstantin\6000-children-and-teen-book-covers\versions\1\BookCovers\let-s-save-the-animals.jpg
lets-go-fire-truck,C:\Users\HP USER\.cache\kagglehub\datasets\thomaskonstantin\6000-children-and-teen-book-covers\versions\1\BookCovers\lets-go-fire-truck.jpg
lets-go-on-a-digger,C:\Users\HP USER\.cache\kagglehub\datasets\thomaskonstantin\6000-children-and-teen-book-covers\versions\1\BookCovers\lets-go-on-a-digger.jpg
lets-go-to-nursery,C:\Users\HP USER\.cache\kagglehub\datasets\thomaskonstantin\6000-children-and-teen-book-covers\versions\1\BookCovers\lets-go-to-nursery.jpg
lets-play-cheetah,C:\Users\HP USER\.cache\kagglehub\datasets\thomaskonstantin\6000-children-and-teen-book-covers\versions\1\BookCovers\lets-play-cheetah.jpg
lets-play,C:\Users\HP USER\.cache\kagglehub\datasets\thomaskonstantin\6000-children-and-teen-book-covers\versions\1\BookCovers\lets-play.jpg
letter2anyone,C:\Users\HP USER\.cache\kagglehub\datasets\thomaskonstantin\6000-children-and-teen-book-covers\versions\1\BookCovers\letter2anyone.jpg
letters-from-an-alien-schoolboy,C:\Users\HP USER\.cache\kagglehub\datasets\thomaskonstantin\6000-children-and-teen-book-covers\versions\1\BookCovers\letters-from-an-alien-schoolboy.jpg
letters-from-the-lighthouse,C:\Users\HP USER\.cache\kagglehub\datasets\thomaskonstantin\6000-children-and-teen-book-covers\versions\1\BookCovers\letters-from-the-lighthouse.jpg
lettheright1in,C:\Users\HP USER\.cache\kagglehub\datasets\thomaskonstantin\6000-children-and-teen-book-covers\versions\1\BookCovers\lettheright1in.jpg
level-up-block-and-roll,C:\Users\HP USER\.cache\kagglehub\datasets\thomaskonstantin\6000-children-and-teen-book-covers\versions\1\BookCovers\level-up-block-and-roll.jpg
level-up,C:\Users\HP USER\.cache\kagglehub\datasets\thomaskonstantin\6000-children-and-teen-book-covers\versions\1\BookCovers\level-up.jpg
liam,C:\Users\HP USER\.cache\kagglehub\datasets\thomaskonstantin\6000-children-and-teen-book-covers\versions\1\BookCovers\liam.jpg
liarandspy,C:\Users\HP USER\.cache\kagglehub\datasets\thomaskonstantin\6000-children-and-teen-book-covers\versions\1\BookCovers\liarandspy.jpg
library-of-lemons,C:\Users\HP USER\.cache\kagglehub\datasets\thomaskonstantin\6000-children-and-teen-book-covers\versions\1\BookCovers\library-of-lemons.jpg
library-saved-rapunzel,C:\Users\HP USER\.cache\kagglehub\datasets\thomaskonstantin\6000-children-and-teen-book-covers\versions\1\BookCovers\library-saved-rapunzel.jpg
liccle-bit,C:\Users\HP USER\.cache\kagglehub\datasets\thomaskonstantin\6000-children-and-teen-book-covers\versions\1\BookCovers\liccle-bit.jpg
lies-we-tell-ourselves,C:\Users\HP USER\.cache\kagglehub\datasets\thomaskonstantin\6000-children-and-teen-book-covers\versions\1\BookCovers\lies-we-tell-ourselves.jpg
liesel,C:\Users\HP USER\.cache\kagglehub\datasets\thomaskonstantin\6000-children-and-teen-book-covers\versions\1\BookCovers\liesel.jpg
life-an-exploded-diagram,C:\Users\HP USER\.cache\kagglehub\datasets\thomaskonstantin\6000-children-and-teen-book-covers\versions\1\BookCovers\life-an-exploded-diagram.jpg
life-doesnt-frighten-me,C:\Users\HP USER\.cache\kagglehub\datasets\thomaskonstantin\6000-children-and-teen-book-covers\versions\1\BookCovers\life-doesnt-frighten-me.jpg
life-is-magic,C:\Users\HP USER\.cache\kagglehub\datasets\thomaskonstantin\6000-children-and-teen-book-covers\versions\1\BookCovers\life-is-magic.jpg
life-of-pi,C:\Users\HP USER\.cache\kagglehub\datasets\thomaskonstantin\6000-children-and-teen-book-covers\versions\1\BookCovers\life-of-pi.jpg
life-of-riley-beginners-luck,C:\Users\HP USER\.cache\kagglehub\datasets\thomaskonstantin\6000-children-and-teen-book-covers\versions\1\BookCovers\life-of-riley-beginners-luck.jpg
life-on-earth-human-body,C:\Users\HP USER\.cache\kagglehub\datasets\thomaskonstantin\6000-children-and-teen-book-covers\versions\1\BookCovers\life-on-earth-human-body.jpg
lifers,C:\Users\HP USER\.cache\kagglehub\datasets\thomaskonstantin\6000-children-and-teen-book-covers\versions\1\BookCovers\lifers.jpg
lift-and-look-bugs,C:\Users\HP USER\.cache\kagglehub\datasets\thomaskonstantin\6000-children-and-teen-book-covers\versions\1\BookCovers\lift-and-look-bugs.jpg
lift-the-flap-periodic-table,C:\Users\HP USER\.cache\kagglehub\datasets\thomaskonstantin\6000-children-and-teen-book-covers\versions\1\BookCovers\lift-the-flap-periodic-table.jpg
lightingthief,C:\Users\HP USER\.cache\kagglehub\datasets\thomaskonstantin\6000-children-and-teen-book-covers\versions\1\BookCovers\lightingthief.jpg
lightning-chase-me-home,C:\Users\HP USER\.cache\kagglehub\datasets\thomaskonstantin\6000-children-and-teen-book-covers\versions\1\BookCovers\lightning-chase-me-home.jpg
lightning-mary,C:\Users\HP USER\.cache\kagglehub\datasets\thomaskonstantin\6000-children-and-teen-book-covers\versions\1\BookCovers\lightning-mary.jpg
likewhen,C:\Users\HP USER\.cache\kagglehub\datasets\thomaskonstantin\6000-children-and-teen-book-covers\versions\1\BookCovers\likewhen.jpg
lildrivers,C:\Users\HP USER\.cache\kagglehub\datasets\thomaskonstantin\6000-children-and-teen-book-covers\versions\1\BookCovers\lildrivers.jpg
lilliput,C:\Users\HP USER\.cache\kagglehub\datasets\thomaskonstantin\6000-children-and-teen-book-covers\versions\1\BookCovers\lilliput.jpg
lilmousebookofears,C:\Users\HP USER\.cache\kagglehub\datasets\thomaskonstantin\6000-children-and-teen-book-covers\versions\1\BookCovers\lilmousebookofears.jpg
lily-alone,C:\Users\HP USER\.cache\kagglehub\datasets\thomaskonstantin\6000-children-and-teen-book-covers\versions\1\BookCovers\lily-alone.jpg
lily-and-the-polar-bears,C:\Users\HP USER\.cache\kagglehub\datasets\thomaskonstantin\6000-children-and-teen-book-covers\versions\1\BookCovers\lily-and-the-polar-bears.jpg
lily-and-the-rockets,C:\Users\HP USER\.cache\kagglehub\datasets\thomaskonstantin\6000-children-and-teen-book-covers\versions\1\BookCovers\lily-and-the-rockets.jpg
limelight-larry2,C:\Users\HP USER\.cache\kagglehub\datasets\thomaskonstantin\6000-children-and-teen-book-covers\versions\1\BookCovers\limelight-larry2.jpg
line-of-fire---diary-of-an-unknown-soldier,C:\Users\HP USER\.cache\kagglehub\datasets\thomaskonstantin\6000-children-and-teen-book-covers\versions\1\BookCovers\line-of-fire---diary-of-an-unknown-soldier.jpg
lines,C:\Users\HP USER\.cache\kagglehub\datasets\thomaskonstantin\6000-children-and-teen-book-covers\versions\1\BookCovers\lines.jpg
lion-lessons,C:\Users\HP USER\.cache\kagglehub\datasets\thomaskonstantin\6000-children-and-teen-book-covers\versions\1\BookCovers\lion-lessons.jpg
lion-who-lost-his-roar,C:\Users\HP USER\.cache\kagglehub\datasets\thomaskonstantin\6000-children-and-teen-book-covers\versions\1\BookCovers\lion-who-lost-his-roar.jpg
listen-to-the-birds,C:\Users\HP USER\.cache\kagglehub\datasets\thomaskonstantin\6000-children-and-teen-book-covers\versions\1\BookCovers\listen-to-the-birds.jpg
listen-to-the-things-that-go,C:\Users\HP USER\.cache\kagglehub\datasets\thomaskonstantin\6000-children-and-teen-book-covers\versions\1\BookCovers\listen-to-the-things-that-go.jpg
little-badman-and-the-invasion-of-the-killer-aunties,C:\Users\HP USER\.cache\kagglehub\datasets\thomaskonstantin\6000-children-and-teen-book-covers\versions\1\BookCovers\little-badman-and-the-invasion-of-the-killer-aunties.jpg
little-bear-s-little-boat,C:\Users\HP USER\.cache\kagglehub\datasets\thomaskonstantin\6000-children-and-teen-book-covers\versions\1\BookCovers\little-bear-s-little-boat.jpg
little-beauty,C:\Users\HP USER\.cache\kagglehub\datasets\thomaskonstantin\6000-children-and-teen-book-covers\versions\1\BookCovers\little-beauty.jpg
little-bird-lands,C:\Users\HP USER\.cache\kagglehub\datasets\thomaskonstantin\6000-children-and-teen-book-covers\versions\1\BookCovers\little-bird-lands.jpg
little-bits-of-sky,C:\Users\HP USER\.cache\kagglehub\datasets\thomaskonstantin\6000-children-and-teen-book-covers\versions\1\BookCovers\little-bits-of-sky.jpg
little-frida,C:\Users\HP USER\.cache\kagglehub\datasets\thomaskonstantin\6000-children-and-teen-book-covers\versions\1\BookCovers\little-frida.jpg
little-frog,C:\Users\HP USER\.cache\kagglehub\datasets\thomaskonstantin\6000-children-and-teen-book-covers\versions\1\BookCovers\little-frog.jpg
little-frogs-tadpole-trouble,C:\Users\HP USER\.cache\kagglehub\datasets\thomaskonstantin\6000-children-and-teen-book-covers\versions\1\BookCovers\little-frogs-tadpole-trouble.jpg
little-green-donkey,C:\Users\HP USER\.cache\kagglehub\datasets\thomaskonstantin\6000-children-and-teen-book-covers\versions\1\BookCovers\little-green-donkey.jpg
little-hen-great-war,C:\Users\HP USER\.cache\kagglehub\datasets\thomaskonstantin\6000-children-and-teen-book-covers\versions\1\BookCovers\little-hen-great-war.jpg
little-home-bird,C:\Users\HP USER\.cache\kagglehub\datasets\thomaskonstantin\6000-children-and-teen-book-covers\versions\1\BookCovers\little-home-bird.jpg
little-house-in-the-big-woods,C:\Users\HP USER\.cache\kagglehub\datasets\thomaskonstantin\6000-children-and-teen-book-covers\versions\1\BookCovers\little-house-in-the-big-woods.jpg
little-jungle-explorers,C:\Users\HP USER\.cache\kagglehub\datasets\thomaskonstantin\6000-children-and-teen-book-covers\versions\1\BookCovers\little-jungle-explorers.jpg
little-leaders-visionary-women-around-the-world,C:\Users\HP USER\.cache\kagglehub\datasets\thomaskonstantin\6000-children-and-teen-book-covers\versions\1\BookCovers\little-leaders-visionary-women-around-the-world.jpg
little-leaders,C:\Users\HP USER\.cache\kagglehub\datasets\thomaskonstantin\6000-children-and-teen-book-covers\versions\1\BookCovers\little-leaders.jpg
little-legends,C:\Users\HP USER\.cache\kagglehub\datasets\thomaskonstantin\6000-children-and-teen-book-covers\versions\1\BookCovers\little-legends.jpg
little-lou-and-woolly-mammoth,C:\Users\HP USER\.cache\kagglehub\datasets\thomaskonstantin\6000-children-and-teen-book-covers\versions\1\BookCovers\little-lou-and-woolly-mammoth.jpg
little-mermaid,C:\Users\HP USER\.cache\kagglehub\datasets\thomaskonstantin\6000-children-and-teen-book-covers\versions\1\BookCovers\little-mermaid.jpg
little-monkey,C:\Users\HP USER\.cache\kagglehub\datasets\thomaskonstantin\6000-children-and-teen-book-covers\versions\1\BookCovers\little-monkey.jpg
little-owl,C:\Users\HP USER\.cache\kagglehub\datasets\thomaskonstantin\6000-children-and-teen-book-covers\versions\1\BookCovers\little-owl.jpg
little-people-big-dreams-agatha-christie,C:\Users\HP USER\.cache\kagglehub\datasets\thomaskonstantin\6000-children-and-teen-book-covers\versions\1\BookCovers\little-people-big-dreams-agatha-christie.jpg
little-princess-i-want-my-dad,C:\Users\HP USER\.cache\kagglehub\datasets\thomaskonstantin\6000-children-and-teen-book-covers\versions\1\BookCovers\little-princess-i-want-my-dad.jpg
little-princess-i-want-snow,C:\Users\HP USER\.cache\kagglehub\datasets\thomaskonstantin\6000-children-and-teen-book-covers\versions\1\BookCovers\little-princess-i-want-snow.jpg
little-rabbits-big-surprise,C:\Users\HP USER\.cache\kagglehub\datasets\thomaskonstantin\6000-children-and-teen-book-covers\versions\1\BookCovers\little-rabbits-big-surprise.jpg
little-rabit-foo-foo,C:\Users\HP USER\.cache\kagglehub\datasets\thomaskonstantin\6000-children-and-teen-book-covers\versions\1\BookCovers\little-rabit-foo-foo.jpg
little-red-and-the-very-hungry-lion2,C:\Users\HP USER\.cache\kagglehub\datasets\thomaskonstantin\6000-children-and-teen-book-covers\versions\1\BookCovers\little-red-and-the-very-hungry-lion2.jpg
little-red-hood,C:\Users\HP USER\.cache\kagglehub\datasets\thomaskonstantin\6000-children-and-teen-book-covers\versions\1\BookCovers\little-red-hood.jpg
little-red-reading-hood,C:\Users\HP USER\.cache\kagglehub\datasets\thomaskonstantin\6000-children-and-teen-book-covers\versions\1\BookCovers\little-red-reading-hood.jpg
little-red,C:\Users\HP USER\.cache\kagglehub\datasets\thomaskonstantin\6000-children-and-teen-book-covers\versions\1\BookCovers\little-red.jpg
little-tim-and-the-brave-sea-captain,C:\Users\HP USER\.cache\kagglehub\datasets\thomaskonstantin\6000-children-and-teen-book-covers\versions\1\BookCovers\little-tim-and-the-brave-sea-captain.jpg
little-truck,C:\Users\HP USER\.cache\kagglehub\datasets\thomaskonstantin\6000-children-and-teen-book-covers\versions\1\BookCovers\little-truck.jpg
little-turtle-and-the-sea,C:\Users\HP USER\.cache\kagglehub\datasets\thomaskonstantin\6000-children-and-teen-book-covers\versions\1\BookCovers\little-turtle-and-the-sea.jpg
little-why,C:\Users\HP USER\.cache\kagglehub\datasets\thomaskonstantin\6000-children-and-teen-book-covers\versions\1\BookCovers\little-why.jpg
little-women1,C:\Users\HP USER\.cache\kagglehub\datasets\thomaskonstantin\6000-children-and-teen-book-covers\versions\1\BookCovers\little-women1.jpg
littlemouse,C:\Users\HP USER\.cache\kagglehub\datasets\thomaskonstantin\6000-children-and-teen-book-covers\versions\1\BookCovers\littlemouse.jpg
littlewolfdiary,C:\Users\HP USER\.cache\kagglehub\datasets\thomaskonstantin\6000-children-and-teen-book-covers\versions\1\BookCovers\littlewolfdiary.jpg
lizzie-zipmouth,C:\Users\HP USER\.cache\kagglehub\datasets\thomaskonstantin\6000-children-and-teen-book-covers\versions\1\BookCovers\lizzie-zipmouth.jpg
llama-glamarama,C:\Users\HP USER\.cache\kagglehub\datasets\thomaskonstantin\6000-children-and-teen-book-covers\versions\1\BookCovers\llama-glamarama.jpg
llama-out-loud,C:\Users\HP USER\.cache\kagglehub\datasets\thomaskonstantin\6000-children-and-teen-book-covers\versions\1\BookCovers\llama-out-loud.jpg
llama-united,C:\Users\HP USER\.cache\kagglehub\datasets\thomaskonstantin\6000-children-and-teen-book-covers\versions\1\BookCovers\llama-united.jpg
lliwiau-enfys-pi-po,C:\Users\HP USER\.cache\kagglehub\datasets\thomaskonstantin\6000-children-and-teen-book-covers\versions\1\BookCovers\lliwiau-enfys-pi-po.jpg
llyfr-bwrdd-100-gair-nadolig,C:\Users\HP USER\.cache\kagglehub\datasets\thomaskonstantin\6000-children-and-teen-book-covers\versions\1\BookCovers\llyfr-bwrdd-100-gair-nadolig.jpg
llyfr-hwiangerddi-y-dref-wen,C:\Users\HP USER\.cache\kagglehub\datasets\thomaskonstantin\6000-children-and-teen-book-covers\versions\1\BookCovers\llyfr-hwiangerddi-y-dref-wen.jpg
llyfr-stori-nos-da,C:\Users\HP USER\.cache\kagglehub\datasets\thomaskonstantin\6000-children-and-teen-book-covers\versions\1\BookCovers\llyfr-stori-nos-da.jpg
lobsters,C:\Users\HP USER\.cache\kagglehub\datasets\thomaskonstantin\6000-children-and-teen-book-covers\versions\1\BookCovers\lobsters.jpg
lockwood-co-the-screaming-staircased,C:\Users\HP USER\.cache\kagglehub\datasets\thomaskonstantin\6000-children-and-teen-book-covers\versions\1\BookCovers\lockwood-co-the-screaming-staircased.jpg
lois-lane,C:\Users\HP USER\.cache\kagglehub\datasets\thomaskonstantin\6000-children-and-teen-book-covers\versions\1\BookCovers\lois-lane.jpg
lois-looks-for-bob-at-the-park,C:\Users\HP USER\.cache\kagglehub\datasets\thomaskonstantin\6000-children-and-teen-book-covers\versions\1\BookCovers\lois-looks-for-bob-at-the-park.jpg
lolarose,C:\Users\HP USER\.cache\kagglehub\datasets\thomaskonstantin\6000-children-and-teen-book-covers\versions\1\BookCovers\lolarose.jpg
londoneverythingyouwantedtoknow,C:\Users\HP USER\.cache\kagglehub\datasets\thomaskonstantin\6000-children-and-teen-book-covers\versions\1\BookCovers\londoneverythingyouwantedtoknow.jpg
long-gone-don,C:\Users\HP USER\.cache\kagglehub\datasets\thomaskonstantin\6000-children-and-teen-book-covers\versions\1\BookCovers\long-gone-don.jpg
long-halloween,C:\Users\HP USER\.cache\kagglehub\datasets\thomaskonstantin\6000-children-and-teen-book-covers\versions\1\BookCovers\long-halloween.jpg
long-walk-to-freedom,C:\Users\HP USER\.cache\kagglehub\datasets\thomaskonstantin\6000-children-and-teen-book-covers\versions\1\BookCovers\long-walk-to-freedom.jpg
long-way-down-the-graphic-novel,C:\Users\HP USER\.cache\kagglehub\datasets\thomaskonstantin\6000-children-and-teen-book-covers\versions\1\BookCovers\long-way-down-the-graphic-novel.jpg
long-way-down,C:\Users\HP USER\.cache\kagglehub\datasets\thomaskonstantin\6000-children-and-teen-book-covers\versions\1\BookCovers\long-way-down.jpg
loo-queue,C:\Users\HP USER\.cache\kagglehub\datasets\thomaskonstantin\6000-children-and-teen-book-covers\versions\1\BookCovers\loo-queue.jpg
look-after-me,C:\Users\HP USER\.cache\kagglehub\datasets\thomaskonstantin\6000-children-and-teen-book-covers\versions\1\BookCovers\look-after-me.jpg
look-after-us,C:\Users\HP USER\.cache\kagglehub\datasets\thomaskonstantin\6000-children-and-teen-book-covers\versions\1\BookCovers\look-after-us.jpg
look-both-ways,C:\Users\HP USER\.cache\kagglehub\datasets\thomaskonstantin\6000-children-and-teen-book-covers\versions\1\BookCovers\look-both-ways.jpg
look-inside-a-hospital,C:\Users\HP USER\.cache\kagglehub\datasets\thomaskonstantin\6000-children-and-teen-book-covers\versions\1\BookCovers\look-inside-a-hospital.jpg
look-inside-space,C:\Users\HP USER\.cache\kagglehub\datasets\thomaskonstantin\6000-children-and-teen-book-covers\versions\1\BookCovers\look-inside-space.jpg
look-theres-a-helicopter,C:\Users\HP USER\.cache\kagglehub\datasets\thomaskonstantin\6000-children-and-teen-book-covers\versions\1\BookCovers\look-theres-a-helicopter.jpg
look-theres-a-submarine,C:\Users\HP USER\.cache\kagglehub\datasets\thomaskonstantin\6000-children-and-teen-book-covers\versions\1\BookCovers\look-theres-a-submarine.jpg
look-up,C:\Users\HP USER\.cache\kagglehub\datasets\thomaskonstantin\6000-children-and-teen-book-covers\versions\1\BookCovers\look-up.jpg
look-what-i-ve-got-,C:\Users\HP USER\.cache\kagglehub\datasets\thomaskonstantin\6000-children-and-teen-book-covers\versions\1\BookCovers\look-what-i-ve-got-.jpg
look,C:\Users\HP USER\.cache\kagglehub\datasets\thomaskonstantin\6000-children-and-teen-book-covers\versions\1\BookCovers\look.jpg
looking-after-william,C:\Users\HP USER\.cache\kagglehub\datasets\thomaskonstantin\6000-children-and-teen-book-covers\versions\1\BookCovers\looking-after-william.jpg
looking-at-the-stars-lewis-hine,C:\Users\HP USER\.cache\kagglehub\datasets\thomaskonstantin\6000-children-and-teen-book-covers\versions\1\BookCovers\looking-at-the-stars-lewis-hine.jpg
looking-at-the-stars,C:\Users\HP USER\.cache\kagglehub\datasets\thomaskonstantin\6000-children-and-teen-book-covers\versions\1\BookCovers\looking-at-the-stars.jpg
looking-glass-girl,C:\Users\HP USER\.cache\kagglehub\datasets\thomaskonstantin\6000-children-and-teen-book-covers\versions\1\BookCovers\looking-glass-girl.jpg
lookingforalaska,C:\Users\HP USER\.cache\kagglehub\datasets\thomaskonstantin\6000-children-and-teen-book-covers\versions\1\BookCovers\lookingforalaska.jpg
looshkin,C:\Users\HP USER\.cache\kagglehub\datasets\thomaskonstantin\6000-children-and-teen-book-covers\versions\1\BookCovers\looshkin.jpg
lordloss,C:\Users\HP USER\.cache\kagglehub\datasets\thomaskonstantin\6000-children-and-teen-book-covers\versions\1\BookCovers\lordloss.jpg
lori-and-max-and-the-book-thieves,C:\Users\HP USER\.cache\kagglehub\datasets\thomaskonstantin\6000-children-and-teen-book-covers\versions\1\BookCovers\lori-and-max-and-the-book-thieves.jpg
lori-and-max,C:\Users\HP USER\.cache\kagglehub\datasets\thomaskonstantin\6000-children-and-teen-book-covers\versions\1\BookCovers\lori-and-max.jpg
losing-it,C:\Users\HP USER\.cache\kagglehub\datasets\thomaskonstantin\6000-children-and-teen-book-covers\versions\1\BookCovers\losing-it.jpg
lost-children-mysteries-ravenstorm-island,C:\Users\HP USER\.cache\kagglehub\datasets\thomaskonstantin\6000-children-and-teen-book-covers\versions\1\BookCovers\lost-children-mysteries-ravenstorm-island.jpg
lost-for-words,C:\Users\HP USER\.cache\kagglehub\datasets\thomaskonstantin\6000-children-and-teen-book-covers\versions\1\BookCovers\lost-for-words.jpg
lost-found,C:\Users\HP USER\.cache\kagglehub\datasets\thomaskonstantin\6000-children-and-teen-book-covers\versions\1\BookCovers\lost-found.jpg
lost-in-the-toy-museum,C:\Users\HP USER\.cache\kagglehub\datasets\thomaskonstantin\6000-children-and-teen-book-covers\versions\1\BookCovers\lost-in-the-toy-museum.jpg
lost-tales,C:\Users\HP USER\.cache\kagglehub\datasets\thomaskonstantin\6000-children-and-teen-book-covers\versions\1\BookCovers\lost-tales.jpg
lost,C:\Users\HP USER\.cache\kagglehub\datasets\thomaskonstantin\6000-children-and-teen-book-covers\versions\1\BookCovers\lost.jpg
lots-of-frogs,C:\Users\HP USER\.cache\kagglehub\datasets\thomaskonstantin\6000-children-and-teen-book-covers\versions\1\BookCovers\lots-of-frogs.jpg
lots-the-diversity-of-life-on-earth,C:\Users\HP USER\.cache\kagglehub\datasets\thomaskonstantin\6000-children-and-teen-book-covers\versions\1\BookCovers\lots-the-diversity-of-life-on-earth.jpg
lots,C:\Users\HP USER\.cache\kagglehub\datasets\thomaskonstantin\6000-children-and-teen-book-covers\versions\1\BookCovers\lots.jpg
lottie-potter,C:\Users\HP USER\.cache\kagglehub\datasets\thomaskonstantin\6000-children-and-teen-book-covers\versions\1\BookCovers\lottie-potter.jpg
lou-out-of-luck,C:\Users\HP USER\.cache\kagglehub\datasets\thomaskonstantin\6000-children-and-teen-book-covers\versions\1\BookCovers\lou-out-of-luck.jpg
loud,C:\Users\HP USER\.cache\kagglehub\datasets\thomaskonstantin\6000-children-and-teen-book-covers\versions\1\BookCovers\loud.jpg
loudmouth-louis,C:\Users\HP USER\.cache\kagglehub\datasets\thomaskonstantin\6000-children-and-teen-book-covers\versions\1\BookCovers\loudmouth-louis.jpg
louie-lets-loose,C:\Users\HP USER\.cache\kagglehub\datasets\thomaskonstantin\6000-children-and-teen-book-covers\versions\1\BookCovers\louie-lets-loose.jpg
love-and-chicken-nuggets,C:\Users\HP USER\.cache\kagglehub\datasets\thomaskonstantin\6000-children-and-teen-book-covers\versions\1\BookCovers\love-and-chicken-nuggets.jpg
love-frankie,C:\Users\HP USER\.cache\kagglehub\datasets\thomaskonstantin\6000-children-and-teen-book-covers\versions\1\BookCovers\love-frankie.jpg
love-from-paddington,C:\Users\HP USER\.cache\kagglehub\datasets\thomaskonstantin\6000-children-and-teen-book-covers\versions\1\BookCovers\love-from-paddington.jpg
love-giraffes-cant-dance,C:\Users\HP USER\.cache\kagglehub\datasets\thomaskonstantin\6000-children-and-teen-book-covers\versions\1\BookCovers\love-giraffes-cant-dance.jpg
love-hate-and-other-filters,C:\Users\HP USER\.cache\kagglehub\datasets\thomaskonstantin\6000-children-and-teen-book-covers\versions\1\BookCovers\love-hate-and-other-filters.jpg
love-hurts,C:\Users\HP USER\.cache\kagglehub\datasets\thomaskonstantin\6000-children-and-teen-book-covers\versions\1\BookCovers\love-hurts.jpg
love-is-a-revolution,C:\Users\HP USER\.cache\kagglehub\datasets\thomaskonstantin\6000-children-and-teen-book-covers\versions\1\BookCovers\love-is-a-revolution.jpg
love-is,C:\Users\HP USER\.cache\kagglehub\datasets\thomaskonstantin\6000-children-and-teen-book-covers\versions\1\BookCovers\love-is.jpg
love-lessons,C:\Users\HP USER\.cache\kagglehub\datasets\thomaskonstantin\6000-children-and-teen-book-covers\versions\1\BookCovers\love-lessons.jpg
love-lies-lemon-pies,C:\Users\HP USER\.cache\kagglehub\datasets\thomaskonstantin\6000-children-and-teen-book-covers\versions\1\BookCovers\love-lies-lemon-pies.jpg
love-love,C:\Users\HP USER\.cache\kagglehub\datasets\thomaskonstantin\6000-children-and-teen-book-covers\versions\1\BookCovers\love-love.jpg
love-monster,C:\Users\HP USER\.cache\kagglehub\datasets\thomaskonstantin\6000-children-and-teen-book-covers\versions\1\BookCovers\love-monster.jpg
love-on-the-main-stage,C:\Users\HP USER\.cache\kagglehub\datasets\thomaskonstantin\6000-children-and-teen-book-covers\versions\1\BookCovers\love-on-the-main-stage.jpg
love-that-dog,C:\Users\HP USER\.cache\kagglehub\datasets\thomaskonstantin\6000-children-and-teen-book-covers\versions\1\BookCovers\love-that-dog.jpg
love-you-hoo,C:\Users\HP USER\.cache\kagglehub\datasets\thomaskonstantin\6000-children-and-teen-book-covers\versions\1\BookCovers\love-you-hoo.jpg
love-your-body,C:\Users\HP USER\.cache\kagglehub\datasets\thomaskonstantin\6000-children-and-teen-book-covers\versions\1\BookCovers\love-your-body.jpg
loves-makes-a-family,C:\Users\HP USER\.cache\kagglehub\datasets\thomaskonstantin\6000-children-and-teen-book-covers\versions\1\BookCovers\loves-makes-a-family.jpg
lucas,C:\Users\HP USER\.cache\kagglehub\datasets\thomaskonstantin\6000-children-and-teen-book-covers\versions\1\BookCovers\lucas.jpg
lucinda-belinda-melinda,C:\Users\HP USER\.cache\kagglehub\datasets\thomaskonstantin\6000-children-and-teen-book-covers\versions\1\BookCovers\lucinda-belinda-melinda.jpg
lucky-star,C:\Users\HP USER\.cache\kagglehub\datasets\thomaskonstantin\6000-children-and-teen-book-covers\versions\1\BookCovers\lucky-star.jpg
lucy-loud-and-clear,C:\Users\HP USER\.cache\kagglehub\datasets\thomaskonstantin\6000-children-and-teen-book-covers\versions\1\BookCovers\lucy-loud-and-clear.jpg
ludwig-the-space-dog,C:\Users\HP USER\.cache\kagglehub\datasets\thomaskonstantin\6000-children-and-teen-book-covers\versions\1\BookCovers\ludwig-the-space-dog.jpg
luka-and-the-fire-of-life,C:\Users\HP USER\.cache\kagglehub\datasets\thomaskonstantin\6000-children-and-teen-book-covers\versions\1\BookCovers\luka-and-the-fire-of-life.jpg
lullaby-for-little-one,C:\Users\HP USER\.cache\kagglehub\datasets\thomaskonstantin\6000-children-and-teen-book-covers\versions\1\BookCovers\lullaby-for-little-one.jpg
lulu-and-the-noisy-baby,C:\Users\HP USER\.cache\kagglehub\datasets\thomaskonstantin\6000-children-and-teen-book-covers\versions\1\BookCovers\lulu-and-the-noisy-baby.jpg
lulu-gets-a-cat,C:\Users\HP USER\.cache\kagglehub\datasets\thomaskonstantin\6000-children-and-teen-book-covers\versions\1\BookCovers\lulu-gets-a-cat.jpg
lulu-loves-library,C:\Users\HP USER\.cache\kagglehub\datasets\thomaskonstantin\6000-children-and-teen-book-covers\versions\1\BookCovers\lulu-loves-library.jpg
lulu-loves-stories,C:\Users\HP USER\.cache\kagglehub\datasets\thomaskonstantin\6000-children-and-teen-book-covers\versions\1\BookCovers\lulu-loves-stories.jpg
lulus-first-day,C:\Users\HP USER\.cache\kagglehub\datasets\thomaskonstantin\6000-children-and-teen-book-covers\versions\1\BookCovers\lulus-first-day.jpg
luna-loves-library-day,C:\Users\HP USER\.cache\kagglehub\datasets\thomaskonstantin\6000-children-and-teen-book-covers\versions\1\BookCovers\luna-loves-library-day.jpg
lydia,C:\Users\HP USER\.cache\kagglehub\datasets\thomaskonstantin\6000-children-and-teen-book-covers\versions\1\BookCovers\lydia.jpg
lying-about-last-summer,C:\Users\HP USER\.cache\kagglehub\datasets\thomaskonstantin\6000-children-and-teen-book-covers\versions\1\BookCovers\lying-about-last-summer.jpg
lying-out-loud,C:\Users\HP USER\.cache\kagglehub\datasets\thomaskonstantin\6000-children-and-teen-book-covers\versions\1\BookCovers\lying-out-loud.jpg
lyttle-lies-the-pudding-problem,C:\Users\HP USER\.cache\kagglehub\datasets\thomaskonstantin\6000-children-and-teen-book-covers\versions\1\BookCovers\lyttle-lies-the-pudding-problem.jpg
m-o-l-e,C:\Users\HP USER\.cache\kagglehub\datasets\thomaskonstantin\6000-children-and-teen-book-covers\versions\1\BookCovers\m-o-l-e.jpg
mabel-and-the-mountain,C:\Users\HP USER\.cache\kagglehub\datasets\thomaskonstantin\6000-children-and-teen-book-covers\versions\1\BookCovers\mabel-and-the-mountain.jpg
mabrook,C:\Users\HP USER\.cache\kagglehub\datasets\thomaskonstantin\6000-children-and-teen-book-covers\versions\1\BookCovers\mabrook.jpg
macavity,C:\Users\HP USER\.cache\kagglehub\datasets\thomaskonstantin\6000-children-and-teen-book-covers\versions\1\BookCovers\macavity.jpg
mad-about-mega-beasts,C:\Users\HP USER\.cache\kagglehub\datasets\thomaskonstantin\6000-children-and-teen-book-covers\versions\1\BookCovers\mad-about-mega-beasts.jpg
mad-about-monkeys,C:\Users\HP USER\.cache\kagglehub\datasets\thomaskonstantin\6000-children-and-teen-book-covers\versions\1\BookCovers\mad-about-monkeys.jpg
mad-about-trucks-and-diggers,C:\Users\HP USER\.cache\kagglehub\datasets\thomaskonstantin\6000-children-and-teen-book-covers\versions\1\BookCovers\mad-about-trucks-and-diggers.jpg
madame-badobedah,C:\Users\HP USER\.cache\kagglehub\datasets\thomaskonstantin\6000-children-and-teen-book-covers\versions\1\BookCovers\madame-badobedah.jpg
maddigan-s-fantasia,C:\Users\HP USER\.cache\kagglehub\datasets\thomaskonstantin\6000-children-and-teen-book-covers\versions\1\BookCovers\maddigan-s-fantasia.jpg
made-by-raffi,C:\Users\HP USER\.cache\kagglehub\datasets\thomaskonstantin\6000-children-and-teen-book-covers\versions\1\BookCovers\made-by-raffi.jpg
madeline-finn-and-the-library-dog,C:\Users\HP USER\.cache\kagglehub\datasets\thomaskonstantin\6000-children-and-teen-book-covers\versions\1\BookCovers\madeline-finn-and-the-library-dog.jpg
madinah,C:\Users\HP USER\.cache\kagglehub\datasets\thomaskonstantin\6000-children-and-teen-book-covers\versions\1\BookCovers\madinah.jpg
mae-llygoden-yn-fach,C:\Users\HP USER\.cache\kagglehub\datasets\thomaskonstantin\6000-children-and-teen-book-covers\versions\1\BookCovers\mae-llygoden-yn-fach.jpg
maes-first-day-of-school,C:\Users\HP USER\.cache\kagglehub\datasets\thomaskonstantin\6000-children-and-teen-book-covers\versions\1\BookCovers\maes-first-day-of-school.jpg
maggie-blue-and-the-dark-world,C:\Users\HP USER\.cache\kagglehub\datasets\thomaskonstantin\6000-children-and-teen-book-covers\versions\1\BookCovers\maggie-blue-and-the-dark-world.jpg
magic-beans,C:\Users\HP USER\.cache\kagglehub\datasets\thomaskonstantin\6000-children-and-teen-book-covers\versions\1\BookCovers\magic-beans.jpg
magic-faraway-tree,C:\Users\HP USER\.cache\kagglehub\datasets\thomaskonstantin\6000-children-and-teen-book-covers\versions\1\BookCovers\magic-faraway-tree.jpg
magic-marks-the-spot,C:\Users\HP USER\.cache\kagglehub\datasets\thomaskonstantin\6000-children-and-teen-book-covers\versions\1\BookCovers\magic-marks-the-spot.jpg
magic-molly,C:\Users\HP USER\.cache\kagglehub\datasets\thomaskonstantin\6000-children-and-teen-book-covers\versions\1\BookCovers\magic-molly.jpg
magical-pets-a-practical-guide,C:\Users\HP USER\.cache\kagglehub\datasets\thomaskonstantin\6000-children-and-teen-book-covers\versions\1\BookCovers\magical-pets-a-practical-guide.jpg
magicshoes,C:\Users\HP USER\.cache\kagglehub\datasets\thomaskonstantin\6000-children-and-teen-book-covers\versions\1\BookCovers\magicshoes.jpg
magrit,C:\Users\HP USER\.cache\kagglehub\datasets\thomaskonstantin\6000-children-and-teen-book-covers\versions\1\BookCovers\magrit.jpg
maisie-mae-bad-luck-bridesmaid,C:\Users\HP USER\.cache\kagglehub\datasets\thomaskonstantin\6000-children-and-teen-book-covers\versions\1\BookCovers\maisie-mae-bad-luck-bridesmaid.jpg
maisies-scrapbook,C:\Users\HP USER\.cache\kagglehub\datasets\thomaskonstantin\6000-children-and-teen-book-covers\versions\1\BookCovers\maisies-scrapbook.jpg
maisy-gets-a-pet,C:\Users\HP USER\.cache\kagglehub\datasets\thomaskonstantin\6000-children-and-teen-book-covers\versions\1\BookCovers\maisy-gets-a-pet.jpg
maisy-s-rainbow-dream,C:\Users\HP USER\.cache\kagglehub\datasets\thomaskonstantin\6000-children-and-teen-book-covers\versions\1\BookCovers\maisy-s-rainbow-dream.jpg
maisy-s-treasure-hunt,C:\Users\HP USER\.cache\kagglehub\datasets\thomaskonstantin\6000-children-and-teen-book-covers\versions\1\BookCovers\maisy-s-treasure-hunt.jpg
maisy-s-wonderful-weather-book,C:\Users\HP USER\.cache\kagglehub\datasets\thomaskonstantin\6000-children-and-teen-book-covers\versions\1\BookCovers\maisy-s-wonderful-weather-book.jpg
maisys-amazing-big-book-of-words,C:\Users\HP USER\.cache\kagglehub\datasets\thomaskonstantin\6000-children-and-teen-book-covers\versions\1\BookCovers\maisys-amazing-big-book-of-words.jpg
make-more-noise,C:\Users\HP USER\.cache\kagglehub\datasets\thomaskonstantin\6000-children-and-teen-book-covers\versions\1\BookCovers\make-more-noise.jpg
making-faces-a-book-of-emotions,C:\Users\HP USER\.cache\kagglehub\datasets\thomaskonstantin\6000-children-and-teen-book-covers\versions\1\BookCovers\making-faces-a-book-of-emotions.jpg
making-friends-,C:\Users\HP USER\.cache\kagglehub\datasets\thomaskonstantin\6000-children-and-teen-book-covers\versions\1\BookCovers\making-friends-.jpg
making-friends,C:\Users\HP USER\.cache\kagglehub\datasets\thomaskonstantin\6000-children-and-teen-book-covers\versions\1\BookCovers\making-friends.jpg
making-tracks---park,C:\Users\HP USER\.cache\kagglehub\datasets\thomaskonstantin\6000-children-and-teen-book-covers\versions\1\BookCovers\making-tracks---park.jpg
making-tracks-farm,C:\Users\HP USER\.cache\kagglehub\datasets\thomaskonstantin\6000-children-and-teen-book-covers\versions\1\BookCovers\making-tracks-farm.jpg
malamander,C:\Users\HP USER\.cache\kagglehub\datasets\thomaskonstantin\6000-children-and-teen-book-covers\versions\1\BookCovers\malamander.jpg
malarkey,C:\Users\HP USER\.cache\kagglehub\datasets\thomaskonstantin\6000-children-and-teen-book-covers\versions\1\BookCovers\malarkey.jpg
malice,C:\Users\HP USER\.cache\kagglehub\datasets\thomaskonstantin\6000-children-and-teen-book-covers\versions\1\BookCovers\malice.jpg
malkin-moonlight,C:\Users\HP USER\.cache\kagglehub\datasets\thomaskonstantin\6000-children-and-teen-book-covers\versions\1\BookCovers\malkin-moonlight.jpg
malorytowers,C:\Users\HP USER\.cache\kagglehub\datasets\thomaskonstantin\6000-children-and-teen-book-covers\versions\1\BookCovers\malorytowers.jpg
mama-zooms,C:\Users\HP USER\.cache\kagglehub\datasets\thomaskonstantin\6000-children-and-teen-book-covers\versions\1\BookCovers\mama-zooms.jpg
mamasaurus,C:\Users\HP USER\.cache\kagglehub\datasets\thomaskonstantin\6000-children-and-teen-book-covers\versions\1\BookCovers\mamasaurus.jpg
managing-your-money,C:\Users\HP USER\.cache\kagglehub\datasets\thomaskonstantin\6000-children-and-teen-book-covers\versions\1\BookCovers\managing-your-money.jpg
manatee-baby,C:\Users\HP USER\.cache\kagglehub\datasets\thomaskonstantin\6000-children-and-teen-book-covers\versions\1\BookCovers\manatee-baby.jpg
mango-bambang,C:\Users\HP USER\.cache\kagglehub\datasets\thomaskonstantin\6000-children-and-teen-book-covers\versions\1\BookCovers\mango-bambang.jpg
mango-delight,C:\Users\HP USER\.cache\kagglehub\datasets\thomaskonstantin\6000-children-and-teen-book-covers\versions\1\BookCovers\mango-delight.jpg
manifesto-how-to-be-interesting,C:\Users\HP USER\.cache\kagglehub\datasets\thomaskonstantin\6000-children-and-teen-book-covers\versions\1\BookCovers\manifesto-how-to-be-interesting.jpg
mannie-and-the-long-brave-day,C:\Users\HP USER\.cache\kagglehub\datasets\thomaskonstantin\6000-children-and-teen-book-covers\versions\1\BookCovers\mannie-and-the-long-brave-day.jpg
many-moons,C:\Users\HP USER\.cache\kagglehub\datasets\thomaskonstantin\6000-children-and-teen-book-covers\versions\1\BookCovers\many-moons.jpg
map-to-everywhere,C:\Users\HP USER\.cache\kagglehub\datasets\thomaskonstantin\6000-children-and-teen-book-covers\versions\1\BookCovers\map-to-everywhere.jpg
maps-of-the-united-kingdom,C:\Users\HP USER\.cache\kagglehub\datasets\thomaskonstantin\6000-children-and-teen-book-covers\versions\1\BookCovers\maps-of-the-united-kingdom.jpg
mara,C:\Users\HP USER\.cache\kagglehub\datasets\thomaskonstantin\6000-children-and-teen-book-covers\versions\1\BookCovers\mara.jpg
margot-and-me,C:\Users\HP USER\.cache\kagglehub\datasets\thomaskonstantin\6000-children-and-teen-book-covers\versions\1\BookCovers\margot-and-me.jpg
maria-and-me,C:\Users\HP USER\.cache\kagglehub\datasets\thomaskonstantin\6000-children-and-teen-book-covers\versions\1\BookCovers\maria-and-me.jpg
mariella-queen-of-the-skies,C:\Users\HP USER\.cache\kagglehub\datasets\thomaskonstantin\6000-children-and-teen-book-covers\versions\1\BookCovers\mariella-queen-of-the-skies.jpg
marley-dias-gets-it-done-and-so-can-you,C:\Users\HP USER\.cache\kagglehub\datasets\thomaskonstantin\6000-children-and-teen-book-covers\versions\1\BookCovers\marley-dias-gets-it-done-and-so-can-you.jpg
marmaduke-the-very-different-dragon,C:\Users\HP USER\.cache\kagglehub\datasets\thomaskonstantin\6000-children-and-teen-book-covers\versions\1\BookCovers\marmaduke-the-very-different-dragon.jpg
marooned-in-manhattan,C:\Users\HP USER\.cache\kagglehub\datasets\thomaskonstantin\6000-children-and-teen-book-covers\versions\1\BookCovers\marooned-in-manhattan.jpg
mars-evacuees,C:\Users\HP USER\.cache\kagglehub\datasets\thomaskonstantin\6000-children-and-teen-book-covers\versions\1\BookCovers\mars-evacuees.jpg
marsh-road-mysteries-diamonds-daggers,C:\Users\HP USER\.cache\kagglehub\datasets\thomaskonstantin\6000-children-and-teen-book-covers\versions\1\BookCovers\marsh-road-mysteries-diamonds-daggers.jpg
marshmallow-pie-the-cat-superstar-on-tv,C:\Users\HP USER\.cache\kagglehub\datasets\thomaskonstantin\6000-children-and-teen-book-covers\versions\1\BookCovers\marshmallow-pie-the-cat-superstar-on-tv.jpg
marshmallows-for-martians,C:\Users\HP USER\.cache\kagglehub\datasets\thomaskonstantin\6000-children-and-teen-book-covers\versions\1\BookCovers\marshmallows-for-martians.jpg
marta,C:\Users\HP USER\.cache\kagglehub\datasets\thomaskonstantin\6000-children-and-teen-book-covers\versions\1\BookCovers\marta.jpg
martian-girl,C:\Users\HP USER\.cache\kagglehub\datasets\thomaskonstantin\6000-children-and-teen-book-covers\versions\1\BookCovers\martian-girl.jpg
mary-and-frankenstein,C:\Users\HP USER\.cache\kagglehub\datasets\thomaskonstantin\6000-children-and-teen-book-covers\versions\1\BookCovers\mary-and-frankenstein.jpg
mary-poppins,C:\Users\HP USER\.cache\kagglehub\datasets\thomaskonstantin\6000-children-and-teen-book-covers\versions\1\BookCovers\mary-poppins.jpg
marys-hair,C:\Users\HP USER\.cache\kagglehub\datasets\thomaskonstantin\6000-children-and-teen-book-covers\versions\1\BookCovers\marys-hair.jpg
marys-monster,C:\Users\HP USER\.cache\kagglehub\datasets\thomaskonstantin\6000-children-and-teen-book-covers\versions\1\BookCovers\marys-monster.jpg
masque-of-the-red-death,C:\Users\HP USER\.cache\kagglehub\datasets\thomaskonstantin\6000-children-and-teen-book-covers\versions\1\BookCovers\masque-of-the-red-death.jpg
master-tracks-train,C:\Users\HP USER\.cache\kagglehub\datasets\thomaskonstantin\6000-children-and-teen-book-covers\versions\1\BookCovers\master-tracks-train.jpg
matched,C:\Users\HP USER\.cache\kagglehub\datasets\thomaskonstantin\6000-children-and-teen-book-covers\versions\1\BookCovers\matched.jpg
matilda,C:\Users\HP USER\.cache\kagglehub\datasets\thomaskonstantin\6000-children-and-teen-book-covers\versions\1\BookCovers\matilda.jpg
matisse,C:\Users\HP USER\.cache\kagglehub\datasets\thomaskonstantin\6000-children-and-teen-book-covers\versions\1\BookCovers\matisse.jpg
matt-millz,C:\Users\HP USER\.cache\kagglehub\datasets\thomaskonstantin\6000-children-and-teen-book-covers\versions\1\BookCovers\matt-millz.jpg
maus,C:\Users\HP USER\.cache\kagglehub\datasets\thomaskonstantin\6000-children-and-teen-book-covers\versions\1\BookCovers\maus.jpg
max-and-bird,C:\Users\HP USER\.cache\kagglehub\datasets\thomaskonstantin\6000-children-and-teen-book-covers\versions\1\BookCovers\max-and-bird.jpg
max-and-the-midknights,C:\Users\HP USER\.cache\kagglehub\datasets\thomaskonstantin\6000-children-and-teen-book-covers\versions\1\BookCovers\max-and-the-midknights.jpg
max-and-the-millions,C:\Users\HP USER\.cache\kagglehub\datasets\thomaskonstantin\6000-children-and-teen-book-covers\versions\1\BookCovers\max-and-the-millions.jpg
max-at-night,C:\Users\HP USER\.cache\kagglehub\datasets\thomaskonstantin\6000-children-and-teen-book-covers\versions\1\BookCovers\max-at-night.jpg
max-helsing-monster-hunter,C:\Users\HP USER\.cache\kagglehub\datasets\thomaskonstantin\6000-children-and-teen-book-covers\versions\1\BookCovers\max-helsing-monster-hunter.jpg
max-kowalski-didnt-mean-it,C:\Users\HP USER\.cache\kagglehub\datasets\thomaskonstantin\6000-children-and-teen-book-covers\versions\1\BookCovers\max-kowalski-didnt-mean-it.jpg
max-the-brave,C:\Users\HP USER\.cache\kagglehub\datasets\thomaskonstantin\6000-children-and-teen-book-covers\versions\1\BookCovers\max-the-brave.jpg
maybe-a-fox,C:\Users\HP USER\.cache\kagglehub\datasets\thomaskonstantin\6000-children-and-teen-book-covers\versions\1\BookCovers\maybe-a-fox.jpg
mctavish-goes-wild,C:\Users\HP USER\.cache\kagglehub\datasets\thomaskonstantin\6000-children-and-teen-book-covers\versions\1\BookCovers\mctavish-goes-wild.jpg
mctavish-on-the-move,C:\Users\HP USER\.cache\kagglehub\datasets\thomaskonstantin\6000-children-and-teen-book-covers\versions\1\BookCovers\mctavish-on-the-move.jpg
mctavish-takes-the-biscuit,C:\Users\HP USER\.cache\kagglehub\datasets\thomaskonstantin\6000-children-and-teen-book-covers\versions\1\BookCovers\mctavish-takes-the-biscuit.jpg
me-and-earl-and-the-dying-girl,C:\Users\HP USER\.cache\kagglehub\datasets\thomaskonstantin\6000-children-and-teen-book-covers\versions\1\BookCovers\me-and-earl-and-the-dying-girl.jpg
me-and-mister-p,C:\Users\HP USER\.cache\kagglehub\datasets\thomaskonstantin\6000-children-and-teen-book-covers\versions\1\BookCovers\me-and-mister-p.jpg
me-and-my-cat-jacket,C:\Users\HP USER\.cache\kagglehub\datasets\thomaskonstantin\6000-children-and-teen-book-covers\versions\1\BookCovers\me-and-my-cat-jacket.jpg
me-and-my-fear,C:\Users\HP USER\.cache\kagglehub\datasets\thomaskonstantin\6000-children-and-teen-book-covers\versions\1\BookCovers\me-and-my-fear.jpg
me-and-my-sister,C:\Users\HP USER\.cache\kagglehub\datasets\thomaskonstantin\6000-children-and-teen-book-covers\versions\1\BookCovers\me-and-my-sister.jpg
me-and-you,C:\Users\HP USER\.cache\kagglehub\datasets\thomaskonstantin\6000-children-and-teen-book-covers\versions\1\BookCovers\me-and-you.jpg
me-my-dad-and-the-end-of-the-rainbow,C:\Users\HP USER\.cache\kagglehub\datasets\thomaskonstantin\6000-children-and-teen-book-covers\versions\1\BookCovers\me-my-dad-and-the-end-of-the-rainbow.jpg
me-myself-millyd,C:\Users\HP USER\.cache\kagglehub\datasets\thomaskonstantin\6000-children-and-teen-book-covers\versions\1\BookCovers\me-myself-millyd.jpg
me,C:\Users\HP USER\.cache\kagglehub\datasets\thomaskonstantin\6000-children-and-teen-book-covers\versions\1\BookCovers\me.jpg
measuring-angels,C:\Users\HP USER\.cache\kagglehub\datasets\thomaskonstantin\6000-children-and-teen-book-covers\versions\1\BookCovers\measuring-angels.jpg
medici-seal,C:\Users\HP USER\.cache\kagglehub\datasets\thomaskonstantin\6000-children-and-teen-book-covers\versions\1\BookCovers\medici-seal.jpg
meekoo-and-the-big-red-potty,C:\Users\HP USER\.cache\kagglehub\datasets\thomaskonstantin\6000-children-and-teen-book-covers\versions\1\BookCovers\meekoo-and-the-big-red-potty.jpg
meerkatmail,C:\Users\HP USER\.cache\kagglehub\datasets\thomaskonstantin\6000-children-and-teen-book-covers\versions\1\BookCovers\meerkatmail.jpg
meesha-makes-friends,C:\Users\HP USER\.cache\kagglehub\datasets\thomaskonstantin\6000-children-and-teen-book-covers\versions\1\BookCovers\meesha-makes-friends.jpg
meet-the-oceans,C:\Users\HP USER\.cache\kagglehub\datasets\thomaskonstantin\6000-children-and-teen-book-covers\versions\1\BookCovers\meet-the-oceans.jpg
meg-comes-to-school,C:\Users\HP USER\.cache\kagglehub\datasets\thomaskonstantin\6000-children-and-teen-book-covers\versions\1\BookCovers\meg-comes-to-school.jpg
meg-goes-to-bed,C:\Users\HP USER\.cache\kagglehub\datasets\thomaskonstantin\6000-children-and-teen-book-covers\versions\1\BookCovers\meg-goes-to-bed.jpg
meg-in-the-jungle,C:\Users\HP USER\.cache\kagglehub\datasets\thomaskonstantin\6000-children-and-teen-book-covers\versions\1\BookCovers\meg-in-the-jungle.jpg
mega-robo-bros-2-mega-robo-rumble,C:\Users\HP USER\.cache\kagglehub\datasets\thomaskonstantin\6000-children-and-teen-book-covers\versions\1\BookCovers\mega-robo-bros-2-mega-robo-rumble.jpg
mega-robo-bros,C:\Users\HP USER\.cache\kagglehub\datasets\thomaskonstantin\6000-children-and-teen-book-covers\versions\1\BookCovers\mega-robo-bros.jpg
mega-robo-revenge,C:\Users\HP USER\.cache\kagglehub\datasets\thomaskonstantin\6000-children-and-teen-book-covers\versions\1\BookCovers\mega-robo-revenge.jpg
megan,C:\Users\HP USER\.cache\kagglehub\datasets\thomaskonstantin\6000-children-and-teen-book-covers\versions\1\BookCovers\megan.jpg
melowy,C:\Users\HP USER\.cache\kagglehub\datasets\thomaskonstantin\6000-children-and-teen-book-covers\versions\1\BookCovers\melowy.jpg
melrose-and-croc,C:\Users\HP USER\.cache\kagglehub\datasets\thomaskonstantin\6000-children-and-teen-book-covers\versions\1\BookCovers\melrose-and-croc.jpg
memoirs-of-a-neurotic-zombie2,C:\Users\HP USER\.cache\kagglehub\datasets\thomaskonstantin\6000-children-and-teen-book-covers\versions\1\BookCovers\memoirs-of-a-neurotic-zombie2.jpg
memory-of-an-elephant,C:\Users\HP USER\.cache\kagglehub\datasets\thomaskonstantin\6000-children-and-teen-book-covers\versions\1\BookCovers\memory-of-an-elephant.jpg
mermaid,C:\Users\HP USER\.cache\kagglehub\datasets\thomaskonstantin\6000-children-and-teen-book-covers\versions\1\BookCovers\mermaid.jpg
merry-christmas-hugless-douglas,C:\Users\HP USER\.cache\kagglehub\datasets\thomaskonstantin\6000-children-and-teen-book-covers\versions\1\BookCovers\merry-christmas-hugless-douglas.jpg
metamorph,C:\Users\HP USER\.cache\kagglehub\datasets\thomaskonstantin\6000-children-and-teen-book-covers\versions\1\BookCovers\metamorph.jpg
miaow-said-the-cow,C:\Users\HP USER\.cache\kagglehub\datasets\thomaskonstantin\6000-children-and-teen-book-covers\versions\1\BookCovers\miaow-said-the-cow.jpg
mic-drop,C:\Users\HP USER\.cache\kagglehub\datasets\thomaskonstantin\6000-children-and-teen-book-covers\versions\1\BookCovers\mic-drop.jpg
michael-rosen-s-a-z-jacket,C:\Users\HP USER\.cache\kagglehub\datasets\thomaskonstantin\6000-children-and-teen-book-covers\versions\1\BookCovers\michael-rosen-s-a-z-jacket.jpg
michael-rosen-s-book-of-bad-things,C:\Users\HP USER\.cache\kagglehub\datasets\thomaskonstantin\6000-children-and-teen-book-covers\versions\1\BookCovers\michael-rosen-s-book-of-bad-things.jpg
michael-rosen-s-sad-book,C:\Users\HP USER\.cache\kagglehub\datasets\thomaskonstantin\6000-children-and-teen-book-covers\versions\1\BookCovers\michael-rosen-s-sad-book.jpg
mickey-and-the-animal-spies,C:\Users\HP USER\.cache\kagglehub\datasets\thomaskonstantin\6000-children-and-teen-book-covers\versions\1\BookCovers\mickey-and-the-animal-spies.jpg
midge-and-mo,C:\Users\HP USER\.cache\kagglehub\datasets\thomaskonstantin\6000-children-and-teen-book-covers\versions\1\BookCovers\midge-and-mo.jpg
midnight-at-the-zoo,C:\Users\HP USER\.cache\kagglehub\datasets\thomaskonstantin\6000-children-and-teen-book-covers\versions\1\BookCovers\midnight-at-the-zoo.jpg
midnight-for-charlie-bone,C:\Users\HP USER\.cache\kagglehub\datasets\thomaskonstantin\6000-children-and-teen-book-covers\versions\1\BookCovers\midnight-for-charlie-bone.jpg
midnight,C:\Users\HP USER\.cache\kagglehub\datasets\thomaskonstantin\6000-children-and-teen-book-covers\versions\1\BookCovers\midnight.jpg
midwinterbloodd,C:\Users\HP USER\.cache\kagglehub\datasets\thomaskonstantin\6000-children-and-teen-book-covers\versions\1\BookCovers\midwinterbloodd.jpg
miffy-and-the-new-baby,C:\Users\HP USER\.cache\kagglehub\datasets\thomaskonstantin\6000-children-and-teen-book-covers\versions\1\BookCovers\miffy-and-the-new-baby.jpg
mighty-min,C:\Users\HP USER\.cache\kagglehub\datasets\thomaskonstantin\6000-children-and-teen-book-covers\versions\1\BookCovers\mighty-min.jpg
mighty-small,C:\Users\HP USER\.cache\kagglehub\datasets\thomaskonstantin\6000-children-and-teen-book-covers\versions\1\BookCovers\mighty-small.jpg
milkweed-,C:\Users\HP USER\.cache\kagglehub\datasets\thomaskonstantin\6000-children-and-teen-book-covers\versions\1\BookCovers\milkweed-.jpg
millies-missing-yawn,C:\Users\HP USER\.cache\kagglehub\datasets\thomaskonstantin\6000-children-and-teen-book-covers\versions\1\BookCovers\millies-missing-yawn.jpg
millions-,C:\Users\HP USER\.cache\kagglehub\datasets\thomaskonstantin\6000-children-and-teen-book-covers\versions\1\BookCovers\millions-.jpg
milly-and-the-mermaids,C:\Users\HP USER\.cache\kagglehub\datasets\thomaskonstantin\6000-children-and-teen-book-covers\versions\1\BookCovers\milly-and-the-mermaids.jpg
milly-molly-mandy,C:\Users\HP USER\.cache\kagglehub\datasets\thomaskonstantin\6000-children-and-teen-book-covers\versions\1\BookCovers\milly-molly-mandy.jpg
milo-imagines-the-world,C:\Users\HP USER\.cache\kagglehub\datasets\thomaskonstantin\6000-children-and-teen-book-covers\versions\1\BookCovers\milo-imagines-the-world.jpg
milton-the-megastar,C:\Users\HP USER\.cache\kagglehub\datasets\thomaskonstantin\6000-children-and-teen-book-covers\versions\1\BookCovers\milton-the-megastar.jpg
milton-the-mighty,C:\Users\HP USER\.cache\kagglehub\datasets\thomaskonstantin\6000-children-and-teen-book-covers\versions\1\BookCovers\milton-the-mighty.jpg
mind-games,C:\Users\HP USER\.cache\kagglehub\datasets\thomaskonstantin\6000-children-and-teen-book-covers\versions\1\BookCovers\mind-games.jpg
mind-the-gap,C:\Users\HP USER\.cache\kagglehub\datasets\thomaskonstantin\6000-children-and-teen-book-covers\versions\1\BookCovers\mind-the-gap.jpg
mind-writer,C:\Users\HP USER\.cache\kagglehub\datasets\thomaskonstantin\6000-children-and-teen-book-covers\versions\1\BookCovers\mind-writer.jpg
mind-your-head,C:\Users\HP USER\.cache\kagglehub\datasets\thomaskonstantin\6000-children-and-teen-book-covers\versions\1\BookCovers\mind-your-head.jpg
mine,C:\Users\HP USER\.cache\kagglehub\datasets\thomaskonstantin\6000-children-and-teen-book-covers\versions\1\BookCovers\mine.jpg
mini-monsters---can-i-play,C:\Users\HP USER\.cache\kagglehub\datasets\thomaskonstantin\6000-children-and-teen-book-covers\versions\1\BookCovers\mini-monsters---can-i-play.jpg
mini-monsters-can-i-be-the-best,C:\Users\HP USER\.cache\kagglehub\datasets\thomaskonstantin\6000-children-and-teen-book-covers\versions\1\BookCovers\mini-monsters-can-i-be-the-best.jpg
mini-rabbit-must-help,C:\Users\HP USER\.cache\kagglehub\datasets\thomaskonstantin\6000-children-and-teen-book-covers\versions\1\BookCovers\mini-rabbit-must-help.jpg
mini-rabbit-not-lost,C:\Users\HP USER\.cache\kagglehub\datasets\thomaskonstantin\6000-children-and-teen-book-covers\versions\1\BookCovers\mini-rabbit-not-lost.jpg
ministry-of-pandemonium,C:\Users\HP USER\.cache\kagglehub\datasets\thomaskonstantin\6000-children-and-teen-book-covers\versions\1\BookCovers\ministry-of-pandemonium.jpg
minty,C:\Users\HP USER\.cache\kagglehub\datasets\thomaskonstantin\6000-children-and-teen-book-covers\versions\1\BookCovers\minty.jpg
minus-me,C:\Users\HP USER\.cache\kagglehub\datasets\thomaskonstantin\6000-children-and-teen-book-covers\versions\1\BookCovers\minus-me.jpg
mira-forecasts-the-future,C:\Users\HP USER\.cache\kagglehub\datasets\thomaskonstantin\6000-children-and-teen-book-covers\versions\1\BookCovers\mira-forecasts-the-future.jpg
mirabelle-gets-up-to-mischief,C:\Users\HP USER\.cache\kagglehub\datasets\thomaskonstantin\6000-children-and-teen-book-covers\versions\1\BookCovers\mirabelle-gets-up-to-mischief.jpg
miraculous-miranda,C:\Users\HP USER\.cache\kagglehub\datasets\thomaskonstantin\6000-children-and-teen-book-covers\versions\1\BookCovers\miraculous-miranda.jpg
miras-curly-hair,C:\Users\HP USER\.cache\kagglehub\datasets\thomaskonstantin\6000-children-and-teen-book-covers\versions\1\BookCovers\miras-curly-hair.jpg
mirror-baby-hello-you,C:\Users\HP USER\.cache\kagglehub\datasets\thomaskonstantin\6000-children-and-teen-book-covers\versions\1\BookCovers\mirror-baby-hello-you.jpg
mirror-baby-peekaboo-by-campbell-books,C:\Users\HP USER\.cache\kagglehub\datasets\thomaskonstantin\6000-children-and-teen-book-covers\versions\1\BookCovers\mirror-baby-peekaboo-by-campbell-books.jpg
mirror-magic,C:\Users\HP USER\.cache\kagglehub\datasets\thomaskonstantin\6000-children-and-teen-book-covers\versions\1\BookCovers\mirror-magic.jpg
misadventures-of-sweetie-pie,C:\Users\HP USER\.cache\kagglehub\datasets\thomaskonstantin\6000-children-and-teen-book-covers\versions\1\BookCovers\misadventures-of-sweetie-pie.jpg
mischief-at-midnight,C:\Users\HP USER\.cache\kagglehub\datasets\thomaskonstantin\6000-children-and-teen-book-covers\versions\1\BookCovers\mischief-at-midnight.jpg
miss-hazeltine,C:\Users\HP USER\.cache\kagglehub\datasets\thomaskonstantin\6000-children-and-teen-book-covers\versions\1\BookCovers\miss-hazeltine.jpg
missing-arabella,C:\Users\HP USER\.cache\kagglehub\datasets\thomaskonstantin\6000-children-and-teen-book-covers\versions\1\BookCovers\missing-arabella.jpg
mister-creecher,C:\Users\HP USER\.cache\kagglehub\datasets\thomaskonstantin\6000-children-and-teen-book-covers\versions\1\BookCovers\mister-creecher.jpg
mister-seahorse,C:\Users\HP USER\.cache\kagglehub\datasets\thomaskonstantin\6000-children-and-teen-book-covers\versions\1\BookCovers\mister-seahorse.jpg
mistletoe-and-murder,C:\Users\HP USER\.cache\kagglehub\datasets\thomaskonstantin\6000-children-and-teen-book-covers\versions\1\BookCovers\mistletoe-and-murder.jpg
mix-it-up,C:\Users\HP USER\.cache\kagglehub\datasets\thomaskonstantin\6000-children-and-teen-book-covers\versions\1\BookCovers\mix-it-up.jpg
mixed,C:\Users\HP USER\.cache\kagglehub\datasets\thomaskonstantin\6000-children-and-teen-book-covers\versions\1\BookCovers\mixed.jpg
mo-lottie-and-the-junkers,C:\Users\HP USER\.cache\kagglehub\datasets\thomaskonstantin\6000-children-and-teen-book-covers\versions\1\BookCovers\mo-lottie-and-the-junkers.jpg
mockingbird-song,C:\Users\HP USER\.cache\kagglehub\datasets\thomaskonstantin\6000-children-and-teen-book-covers\versions\1\BookCovers\mockingbird-song.jpg
mog-the-forgetful-cat,C:\Users\HP USER\.cache\kagglehub\datasets\thomaskonstantin\6000-children-and-teen-book-covers\versions\1\BookCovers\mog-the-forgetful-cat.jpg
mold-and-the-poison,C:\Users\HP USER\.cache\kagglehub\datasets\thomaskonstantin\6000-children-and-teen-book-covers\versions\1\BookCovers\mold-and-the-poison.jpg
molly-and-the-mathematical-mystery,C:\Users\HP USER\.cache\kagglehub\datasets\thomaskonstantin\6000-children-and-teen-book-covers\versions\1\BookCovers\molly-and-the-mathematical-mystery.jpg
mommy-mama-and-me,C:\Users\HP USER\.cache\kagglehub\datasets\thomaskonstantin\6000-children-and-teen-book-covers\versions\1\BookCovers\mommy-mama-and-me.jpg
momo,C:\Users\HP USER\.cache\kagglehub\datasets\thomaskonstantin\6000-children-and-teen-book-covers\versions\1\BookCovers\momo.jpg
monday,C:\Users\HP USER\.cache\kagglehub\datasets\thomaskonstantin\6000-children-and-teen-book-covers\versions\1\BookCovers\monday.jpg
monkey-and-me,C:\Users\HP USER\.cache\kagglehub\datasets\thomaskonstantin\6000-children-and-teen-book-covers\versions\1\BookCovers\monkey-and-me.jpg
monkey-photo,C:\Users\HP USER\.cache\kagglehub\datasets\thomaskonstantin\6000-children-and-teen-book-covers\versions\1\BookCovers\monkey-photo.jpg
monkey-puzzle,C:\Users\HP USER\.cache\kagglehub\datasets\thomaskonstantin\6000-children-and-teen-book-covers\versions\1\BookCovers\monkey-puzzle.jpg
monster-busters,C:\Users\HP USER\.cache\kagglehub\datasets\thomaskonstantin\6000-children-and-teen-book-covers\versions\1\BookCovers\monster-busters.jpg
monster-school,C:\Users\HP USER\.cache\kagglehub\datasets\thomaskonstantin\6000-children-and-teen-book-covers\versions\1\BookCovers\monster-school.jpg
monster-slayer,C:\Users\HP USER\.cache\kagglehub\datasets\thomaskonstantin\6000-children-and-teen-book-covers\versions\1\BookCovers\monster-slayer.jpg
monsters-love-underpants,C:\Users\HP USER\.cache\kagglehub\datasets\thomaskonstantin\6000-children-and-teen-book-covers\versions\1\BookCovers\monsters-love-underpants.jpg
monstersaurus,C:\Users\HP USER\.cache\kagglehub\datasets\thomaskonstantin\6000-children-and-teen-book-covers\versions\1\BookCovers\monstersaurus.jpg
monstersofmen,C:\Users\HP USER\.cache\kagglehub\datasets\thomaskonstantin\6000-children-and-teen-book-covers\versions\1\BookCovers\monstersofmen.jpg
monsterzoo,C:\Users\HP USER\.cache\kagglehub\datasets\thomaskonstantin\6000-children-and-teen-book-covers\versions\1\BookCovers\monsterzoo.jpg
montacute-house,C:\Users\HP USER\.cache\kagglehub\datasets\thomaskonstantin\6000-children-and-teen-book-covers\versions\1\BookCovers\montacute-house.jpg
monty-and-the-poodles,C:\Users\HP USER\.cache\kagglehub\datasets\thomaskonstantin\6000-children-and-teen-book-covers\versions\1\BookCovers\monty-and-the-poodles.jpg
moo-on-the-farm,C:\Users\HP USER\.cache\kagglehub\datasets\thomaskonstantin\6000-children-and-teen-book-covers\versions\1\BookCovers\moo-on-the-farm.jpg
moomin-and-the-birthday-button,C:\Users\HP USER\.cache\kagglehub\datasets\thomaskonstantin\6000-children-and-teen-book-covers\versions\1\BookCovers\moomin-and-the-birthday-button.jpg
moomin-s-little-book-of-numbers,C:\Users\HP USER\.cache\kagglehub\datasets\thomaskonstantin\6000-children-and-teen-book-covers\versions\1\BookCovers\moomin-s-little-book-of-numbers.jpg
moomin,C:\Users\HP USER\.cache\kagglehub\datasets\thomaskonstantin\6000-children-and-teen-book-covers\versions\1\BookCovers\moomin.jpg
moon-juice,C:\Users\HP USER\.cache\kagglehub\datasets\thomaskonstantin\6000-children-and-teen-book-covers\versions\1\BookCovers\moon-juice.jpg
moon-pie,C:\Users\HP USER\.cache\kagglehub\datasets\thomaskonstantin\6000-children-and-teen-book-covers\versions\1\BookCovers\moon-pie.jpg
moon-princess,C:\Users\HP USER\.cache\kagglehub\datasets\thomaskonstantin\6000-children-and-teen-book-covers\versions\1\BookCovers\moon-princess.jpg
moon,C:\Users\HP USER\.cache\kagglehub\datasets\thomaskonstantin\6000-children-and-teen-book-covers\versions\1\BookCovers\moon.jpg
moonchild-voyage-of-the-lost-and-found,C:\Users\HP USER\.cache\kagglehub\datasets\thomaskonstantin\6000-children-and-teen-book-covers\versions\1\BookCovers\moonchild-voyage-of-the-lost-and-found.jpg
moondust,C:\Users\HP USER\.cache\kagglehub\datasets\thomaskonstantin\6000-children-and-teen-book-covers\versions\1\BookCovers\moondust.jpg
moone-boythe-blunder-years,C:\Users\HP USER\.cache\kagglehub\datasets\thomaskonstantin\6000-children-and-teen-book-covers\versions\1\BookCovers\moone-boythe-blunder-years.jpg
moonlight-dreamers,C:\Users\HP USER\.cache\kagglehub\datasets\thomaskonstantin\6000-children-and-teen-book-covers\versions\1\BookCovers\moonlight-dreamers.jpg
moonlocket,C:\Users\HP USER\.cache\kagglehub\datasets\thomaskonstantin\6000-children-and-teen-book-covers\versions\1\BookCovers\moonlocket.jpg
moonofgomrath,C:\Users\HP USER\.cache\kagglehub\datasets\thomaskonstantin\6000-children-and-teen-book-covers\versions\1\BookCovers\moonofgomrath.jpg
moonrise,C:\Users\HP USER\.cache\kagglehub\datasets\thomaskonstantin\6000-children-and-teen-book-covers\versions\1\BookCovers\moonrise.jpg
more-pants,C:\Users\HP USER\.cache\kagglehub\datasets\thomaskonstantin\6000-children-and-teen-book-covers\versions\1\BookCovers\more-pants.jpg
more-pricks-than-kicks,C:\Users\HP USER\.cache\kagglehub\datasets\thomaskonstantin\6000-children-and-teen-book-covers\versions\1\BookCovers\more-pricks-than-kicks.jpg
more-would-you-rather-web,C:\Users\HP USER\.cache\kagglehub\datasets\thomaskonstantin\6000-children-and-teen-book-covers\versions\1\BookCovers\more-would-you-rather-web.jpg
morris-the-mankiest-monster,C:\Users\HP USER\.cache\kagglehub\datasets\thomaskonstantin\6000-children-and-teen-book-covers\versions\1\BookCovers\morris-the-mankiest-monster.jpg
mortalengines-,C:\Users\HP USER\.cache\kagglehub\datasets\thomaskonstantin\6000-children-and-teen-book-covers\versions\1\BookCovers\mortalengines-.jpg
mortality-doctrine-eye-of-minds,C:\Users\HP USER\.cache\kagglehub\datasets\thomaskonstantin\6000-children-and-teen-book-covers\versions\1\BookCovers\mortality-doctrine-eye-of-minds.jpg
mortimer-keene-robot-riot,C:\Users\HP USER\.cache\kagglehub\datasets\thomaskonstantin\6000-children-and-teen-book-covers\versions\1\BookCovers\mortimer-keene-robot-riot.jpg
mortlock,C:\Users\HP USER\.cache\kagglehub\datasets\thomaskonstantin\6000-children-and-teen-book-covers\versions\1\BookCovers\mortlock.jpg
mossbelly-macfearsome-and-the-dwarves-of-doom,C:\Users\HP USER\.cache\kagglehub\datasets\thomaskonstantin\6000-children-and-teen-book-covers\versions\1\BookCovers\mossbelly-macfearsome-and-the-dwarves-of-doom.jpg
most-beautiful-place-in-world,C:\Users\HP USER\.cache\kagglehub\datasets\thomaskonstantin\6000-children-and-teen-book-covers\versions\1\BookCovers\most-beautiful-place-in-world.jpg
moth-girls,C:\Users\HP USER\.cache\kagglehub\datasets\thomaskonstantin\6000-children-and-teen-book-covers\versions\1\BookCovers\moth-girls.jpg
mother-carys-butter-knife,C:\Users\HP USER\.cache\kagglehub\datasets\thomaskonstantin\6000-children-and-teen-book-covers\versions\1\BookCovers\mother-carys-butter-knife.jpg
mouse-noses,C:\Users\HP USER\.cache\kagglehub\datasets\thomaskonstantin\6000-children-and-teen-book-covers\versions\1\BookCovers\mouse-noses.jpg
mouse-trouble,C:\Users\HP USER\.cache\kagglehub\datasets\thomaskonstantin\6000-children-and-teen-book-covers\versions\1\BookCovers\mouse-trouble.jpg
mouse-who-ate-the-moon,C:\Users\HP USER\.cache\kagglehub\datasets\thomaskonstantin\6000-children-and-teen-book-covers\versions\1\BookCovers\mouse-who-ate-the-moon.jpg
moxie,C:\Users\HP USER\.cache\kagglehub\datasets\thomaskonstantin\6000-children-and-teen-book-covers\versions\1\BookCovers\moxie.jpg
mozartquestion,C:\Users\HP USER\.cache\kagglehub\datasets\thomaskonstantin\6000-children-and-teen-book-covers\versions\1\BookCovers\mozartquestion.jpg
mr-aesop-s-story-shop,C:\Users\HP USER\.cache\kagglehub\datasets\thomaskonstantin\6000-children-and-teen-book-covers\versions\1\BookCovers\mr-aesop-s-story-shop.jpg
mr-benn-gladiator,C:\Users\HP USER\.cache\kagglehub\datasets\thomaskonstantin\6000-children-and-teen-book-covers\versions\1\BookCovers\mr-benn-gladiator.jpg
mr-biff-the-boxer,C:\Users\HP USER\.cache\kagglehub\datasets\thomaskonstantin\6000-children-and-teen-book-covers\versions\1\BookCovers\mr-biff-the-boxer.jpg
mr-big,C:\Users\HP USER\.cache\kagglehub\datasets\thomaskonstantin\6000-children-and-teen-book-covers\versions\1\BookCovers\mr-big.jpg
mr-birdsnest-and-the-house-next-door3,C:\Users\HP USER\.cache\kagglehub\datasets\thomaskonstantin\6000-children-and-teen-book-covers\versions\1\BookCovers\mr-birdsnest-and-the-house-next-door3.jpg
mr-bunny-s-chocolate-factory,C:\Users\HP USER\.cache\kagglehub\datasets\thomaskonstantin\6000-children-and-teen-book-covers\versions\1\BookCovers\mr-bunny-s-chocolate-factory.jpg
mr-grumpys-rhino,C:\Users\HP USER\.cache\kagglehub\datasets\thomaskonstantin\6000-children-and-teen-book-covers\versions\1\BookCovers\mr-grumpys-rhino.jpg
mr-gum-and-the-cherry-tree2,C:\Users\HP USER\.cache\kagglehub\datasets\thomaskonstantin\6000-children-and-teen-book-covers\versions\1\BookCovers\mr-gum-and-the-cherry-tree2.jpg
mr-large-in-charge,C:\Users\HP USER\.cache\kagglehub\datasets\thomaskonstantin\6000-children-and-teen-book-covers\versions\1\BookCovers\mr-large-in-charge.jpg
mr-mistoffelees,C:\Users\HP USER\.cache\kagglehub\datasets\thomaskonstantin\6000-children-and-teen-book-covers\versions\1\BookCovers\mr-mistoffelees.jpg
mr-peek-and-the-misunderstanding-at-the-zoo,C:\Users\HP USER\.cache\kagglehub\datasets\thomaskonstantin\6000-children-and-teen-book-covers\versions\1\BookCovers\mr-peek-and-the-misunderstanding-at-the-zoo.jpg
mr-penguin-and-the-catastrophic-cruise,C:\Users\HP USER\.cache\kagglehub\datasets\thomaskonstantin\6000-children-and-teen-book-covers\versions\1\BookCovers\mr-penguin-and-the-catastrophic-cruise.jpg
mr-penguin-and-the-fortress-of-secrets,C:\Users\HP USER\.cache\kagglehub\datasets\thomaskonstantin\6000-children-and-teen-book-covers\versions\1\BookCovers\mr-penguin-and-the-fortress-of-secrets.jpg
mr-pusskins-colours,C:\Users\HP USER\.cache\kagglehub\datasets\thomaskonstantin\6000-children-and-teen-book-covers\versions\1\BookCovers\mr-pusskins-colours.jpg
mr-scruff,C:\Users\HP USER\.cache\kagglehub\datasets\thomaskonstantin\6000-children-and-teen-book-covers\versions\1\BookCovers\mr-scruff.jpg
mr-shahas-recipes-for-wonder,C:\Users\HP USER\.cache\kagglehub\datasets\thomaskonstantin\6000-children-and-teen-book-covers\versions\1\BookCovers\mr-shahas-recipes-for-wonder.jpg
mr-tiger-betsy-and-the-golden-seahorse,C:\Users\HP USER\.cache\kagglehub\datasets\thomaskonstantin\6000-children-and-teen-book-covers\versions\1\BookCovers\mr-tiger-betsy-and-the-golden-seahorse.jpg
mr-tweed-s-busy-day,C:\Users\HP USER\.cache\kagglehub\datasets\thomaskonstantin\6000-children-and-teen-book-covers\versions\1\BookCovers\mr-tweed-s-busy-day.jpg
mr-tweeds-good-deeds,C:\Users\HP USER\.cache\kagglehub\datasets\thomaskonstantin\6000-children-and-teen-book-covers\versions\1\BookCovers\mr-tweeds-good-deeds.jpg
mr-underbed,C:\Users\HP USER\.cache\kagglehub\datasets\thomaskonstantin\6000-children-and-teen-book-covers\versions\1\BookCovers\mr-underbed.jpg
mr-wolf-and-the-enormous-turnip2,C:\Users\HP USER\.cache\kagglehub\datasets\thomaskonstantin\6000-children-and-teen-book-covers\versions\1\BookCovers\mr-wolf-and-the-enormous-turnip2.jpg
mr-wolfs-pancakes,C:\Users\HP USER\.cache\kagglehub\datasets\thomaskonstantin\6000-children-and-teen-book-covers\versions\1\BookCovers\mr-wolfs-pancakes.jpg
mrgum-bear,C:\Users\HP USER\.cache\kagglehub\datasets\thomaskonstantin\6000-children-and-teen-book-covers\versions\1\BookCovers\mrgum-bear.jpg
mrgum-goblins,C:\Users\HP USER\.cache\kagglehub\datasets\thomaskonstantin\6000-children-and-teen-book-covers\versions\1\BookCovers\mrgum-goblins.jpg
mrs-bibis-elephant,C:\Users\HP USER\.cache\kagglehub\datasets\thomaskonstantin\6000-children-and-teen-book-covers\versions\1\BookCovers\mrs-bibis-elephant.jpg
mrs-ladybird,C:\Users\HP USER\.cache\kagglehub\datasets\thomaskonstantin\6000-children-and-teen-book-covers\versions\1\BookCovers\mrs-ladybird.jpg
mrs-mole,C:\Users\HP USER\.cache\kagglehub\datasets\thomaskonstantin\6000-children-and-teen-book-covers\versions\1\BookCovers\mrs-mole.jpg
mrs-mos-monster,C:\Users\HP USER\.cache\kagglehub\datasets\thomaskonstantin\6000-children-and-teen-book-covers\versions\1\BookCovers\mrs-mos-monster.jpg
mrs-noahs-garden,C:\Users\HP USER\.cache\kagglehub\datasets\thomaskonstantin\6000-children-and-teen-book-covers\versions\1\BookCovers\mrs-noahs-garden.jpg
mrs-wobble-the-waitress,C:\Users\HP USER\.cache\kagglehub\datasets\thomaskonstantin\6000-children-and-teen-book-covers\versions\1\BookCovers\mrs-wobble-the-waitress.jpg
mrskip-,C:\Users\HP USER\.cache\kagglehub\datasets\thomaskonstantin\6000-children-and-teen-book-covers\versions\1\BookCovers\mrskip-.jpg
muck-and-magic,C:\Users\HP USER\.cache\kagglehub\datasets\thomaskonstantin\6000-children-and-teen-book-covers\versions\1\BookCovers\muck-and-magic.jpg
muddle-earth,C:\Users\HP USER\.cache\kagglehub\datasets\thomaskonstantin\6000-children-and-teen-book-covers\versions\1\BookCovers\muddle-earth.jpg
mudpuddle-farm-pigs-might-fly,C:\Users\HP USER\.cache\kagglehub\datasets\thomaskonstantin\6000-children-and-teen-book-covers\versions\1\BookCovers\mudpuddle-farm-pigs-might-fly.jpg
muhammad-ali,C:\Users\HP USER\.cache\kagglehub\datasets\thomaskonstantin\6000-children-and-teen-book-covers\versions\1\BookCovers\muhammad-ali.jpg
mumhunt,C:\Users\HP USER\.cache\kagglehub\datasets\thomaskonstantin\6000-children-and-teen-book-covers\versions\1\BookCovers\mumhunt.jpg
mummy-,C:\Users\HP USER\.cache\kagglehub\datasets\thomaskonstantin\6000-children-and-teen-book-covers\versions\1\BookCovers\mummy-.jpg
mummy-laid-an-egg-,C:\Users\HP USER\.cache\kagglehub\datasets\thomaskonstantin\6000-children-and-teen-book-covers\versions\1\BookCovers\mummy-laid-an-egg-.jpg
mummy,C:\Users\HP USER\.cache\kagglehub\datasets\thomaskonstantin\6000-children-and-teen-book-covers\versions\1\BookCovers\mummy.jpg
mummys-suitcase,C:\Users\HP USER\.cache\kagglehub\datasets\thomaskonstantin\6000-children-and-teen-book-covers\versions\1\BookCovers\mummys-suitcase.jpg
mummysrevenge,C:\Users\HP USER\.cache\kagglehub\datasets\thomaskonstantin\6000-children-and-teen-book-covers\versions\1\BookCovers\mummysrevenge.jpg
mums-jumper,C:\Users\HP USER\.cache\kagglehub\datasets\thomaskonstantin\6000-children-and-teen-book-covers\versions\1\BookCovers\mums-jumper.jpg
mumsnet-book-animal-stories,C:\Users\HP USER\.cache\kagglehub\datasets\thomaskonstantin\6000-children-and-teen-book-covers\versions\1\BookCovers\mumsnet-book-animal-stories.jpg
muncle-trogg,C:\Users\HP USER\.cache\kagglehub\datasets\thomaskonstantin\6000-children-and-teen-book-covers\versions\1\BookCovers\muncle-trogg.jpg
mungo-monkey-has-a-birthday-party,C:\Users\HP USER\.cache\kagglehub\datasets\thomaskonstantin\6000-children-and-teen-book-covers\versions\1\BookCovers\mungo-monkey-has-a-birthday-party.jpg
murder-most-unladylike,C:\Users\HP USER\.cache\kagglehub\datasets\thomaskonstantin\6000-children-and-teen-book-covers\versions\1\BookCovers\murder-most-unladylike.jpg
murder-on-the-safari-star,C:\Users\HP USER\.cache\kagglehub\datasets\thomaskonstantin\6000-children-and-teen-book-covers\versions\1\BookCovers\murder-on-the-safari-star.jpg
music-is-my-life,C:\Users\HP USER\.cache\kagglehub\datasets\thomaskonstantin\6000-children-and-teen-book-covers\versions\1\BookCovers\music-is-my-life.jpg
mustard-custard-grumble-belly-and-gravy,C:\Users\HP USER\.cache\kagglehub\datasets\thomaskonstantin\6000-children-and-teen-book-covers\versions\1\BookCovers\mustard-custard-grumble-belly-and-gravy.jpg
mutant-zombies-cursed-my-school-trip,C:\Users\HP USER\.cache\kagglehub\datasets\thomaskonstantin\6000-children-and-teen-book-covers\versions\1\BookCovers\mutant-zombies-cursed-my-school-trip.jpg
mww-mww,C:\Users\HP USER\.cache\kagglehub\datasets\thomaskonstantin\6000-children-and-teen-book-covers\versions\1\BookCovers\mww-mww.jpg
my-big-barefoot-book-of-wonderful-words,C:\Users\HP USER\.cache\kagglehub\datasets\thomaskonstantin\6000-children-and-teen-book-covers\versions\1\BookCovers\my-big-barefoot-book-of-wonderful-words.jpg
my-book-of-birds,C:\Users\HP USER\.cache\kagglehub\datasets\thomaskonstantin\6000-children-and-teen-book-covers\versions\1\BookCovers\my-book-of-birds.jpg
my-brigadista-year,C:\Users\HP USER\.cache\kagglehub\datasets\thomaskonstantin\6000-children-and-teen-book-covers\versions\1\BookCovers\my-brigadista-year.jpg
my-brother-sammy,C:\Users\HP USER\.cache\kagglehub\datasets\thomaskonstantin\6000-children-and-teen-book-covers\versions\1\BookCovers\my-brother-sammy.jpg
my-brother,C:\Users\HP USER\.cache\kagglehub\datasets\thomaskonstantin\6000-children-and-teen-book-covers\versions\1\BookCovers\my-brother.jpg
my-brothers-keeper,C:\Users\HP USER\.cache\kagglehub\datasets\thomaskonstantin\6000-children-and-teen-book-covers\versions\1\BookCovers\my-brothers-keeper.jpg
my-butterfly-bouquet,C:\Users\HP USER\.cache\kagglehub\datasets\thomaskonstantin\6000-children-and-teen-book-covers\versions\1\BookCovers\my-butterfly-bouquet.jpg
my-cousin-is-a-time-traveller,C:\Users\HP USER\.cache\kagglehub\datasets\thomaskonstantin\6000-children-and-teen-book-covers\versions\1\BookCovers\my-cousin-is-a-time-traveller.jpg
my-dad-is-a-grizzly-bear,C:\Users\HP USER\.cache\kagglehub\datasets\thomaskonstantin\6000-children-and-teen-book-covers\versions\1\BookCovers\my-dad-is-a-grizzly-bear.jpg
my-dad-is-brilliantr,C:\Users\HP USER\.cache\kagglehub\datasets\thomaskonstantin\6000-children-and-teen-book-covers\versions\1\BookCovers\my-dad-is-brilliantr.jpg
my-dad,C:\Users\HP USER\.cache\kagglehub\datasets\thomaskonstantin\6000-children-and-teen-book-covers\versions\1\BookCovers\my-dad.jpg
my-daddies,C:\Users\HP USER\.cache\kagglehub\datasets\thomaskonstantin\6000-children-and-teen-book-covers\versions\1\BookCovers\my-daddies.jpg
my-daddy-is-a-silly-monkey,C:\Users\HP USER\.cache\kagglehub\datasets\thomaskonstantin\6000-children-and-teen-book-covers\versions\1\BookCovers\my-daddy-is-a-silly-monkey.jpg
my-daddys-going-away,C:\Users\HP USER\.cache\kagglehub\datasets\thomaskonstantin\6000-children-and-teen-book-covers\versions\1\BookCovers\my-daddys-going-away.jpg
my-dog-is-a-carrot,C:\Users\HP USER\.cache\kagglehub\datasets\thomaskonstantin\6000-children-and-teen-book-covers\versions\1\BookCovers\my-dog-is-a-carrot.jpg
my-embarrassing-dad-s-gone-viral-,C:\Users\HP USER\.cache\kagglehub\datasets\thomaskonstantin\6000-children-and-teen-book-covers\versions\1\BookCovers\my-embarrassing-dad-s-gone-viral-.jpg
my-family-and-other-ghosts,C:\Users\HP USER\.cache\kagglehub\datasets\thomaskonstantin\6000-children-and-teen-book-covers\versions\1\BookCovers\my-family-and-other-ghosts.jpg
my-familys-changing,C:\Users\HP USER\.cache\kagglehub\datasets\thomaskonstantin\6000-children-and-teen-book-covers\versions\1\BookCovers\my-familys-changing.jpg
my-favourite-fairy-tales,C:\Users\HP USER\.cache\kagglehub\datasets\thomaskonstantin\6000-children-and-teen-book-covers\versions\1\BookCovers\my-favourite-fairy-tales.jpg
my-first-atlas,C:\Users\HP USER\.cache\kagglehub\datasets\thomaskonstantin\6000-children-and-teen-book-covers\versions\1\BookCovers\my-first-atlas.jpg
my-first-book-of-quantum-physics,C:\Users\HP USER\.cache\kagglehub\datasets\thomaskonstantin\6000-children-and-teen-book-covers\versions\1\BookCovers\my-first-book-of-quantum-physics.jpg
my-first-day,C:\Users\HP USER\.cache\kagglehub\datasets\thomaskonstantin\6000-children-and-teen-book-covers\versions\1\BookCovers\my-first-day.jpg
my-first-ladybird-thesaurus,C:\Users\HP USER\.cache\kagglehub\datasets\thomaskonstantin\6000-children-and-teen-book-covers\versions\1\BookCovers\my-first-ladybird-thesaurus.jpg
my-first-mog-abc,C:\Users\HP USER\.cache\kagglehub\datasets\thomaskonstantin\6000-children-and-teen-book-covers\versions\1\BookCovers\my-first-mog-abc.jpg
my-first-signs,C:\Users\HP USER\.cache\kagglehub\datasets\thomaskonstantin\6000-children-and-teen-book-covers\versions\1\BookCovers\my-first-signs.jpg
my-friend-earht,C:\Users\HP USER\.cache\kagglehub\datasets\thomaskonstantin\6000-children-and-teen-book-covers\versions\1\BookCovers\my-friend-earht.jpg
my-friend-fred,C:\Users\HP USER\.cache\kagglehub\datasets\thomaskonstantin\6000-children-and-teen-book-covers\versions\1\BookCovers\my-friend-fred.jpg
my-friend-nigel,C:\Users\HP USER\.cache\kagglehub\datasets\thomaskonstantin\6000-children-and-teen-book-covers\versions\1\BookCovers\my-friend-nigel.jpg
my-friends-a-griskwok,C:\Users\HP USER\.cache\kagglehub\datasets\thomaskonstantin\6000-children-and-teen-book-covers\versions\1\BookCovers\my-friends-a-griskwok.jpg
my-grandma-and-me,C:\Users\HP USER\.cache\kagglehub\datasets\thomaskonstantin\6000-children-and-teen-book-covers\versions\1\BookCovers\my-grandma-and-me.jpg
my-granny-hres,C:\Users\HP USER\.cache\kagglehub\datasets\thomaskonstantin\6000-children-and-teen-book-covers\versions\1\BookCovers\my-granny-hres.jpg
my-hair,C:\Users\HP USER\.cache\kagglehub\datasets\thomaskonstantin\6000-children-and-teen-book-covers\versions\1\BookCovers\my-hair.jpg
my-life-as-a-cat,C:\Users\HP USER\.cache\kagglehub\datasets\thomaskonstantin\6000-children-and-teen-book-covers\versions\1\BookCovers\my-life-as-a-cat.jpg
my-little-book-of-big-freedoms,C:\Users\HP USER\.cache\kagglehub\datasets\thomaskonstantin\6000-children-and-teen-book-covers\versions\1\BookCovers\my-little-book-of-big-freedoms.jpg
my-little-book-of-trains2,C:\Users\HP USER\.cache\kagglehub\datasets\thomaskonstantin\6000-children-and-teen-book-covers\versions\1\BookCovers\my-little-book-of-trains2.jpg
my-magical-unicorn,C:\Users\HP USER\.cache\kagglehub\datasets\thomaskonstantin\6000-children-and-teen-book-covers\versions\1\BookCovers\my-magical-unicorn.jpg
my-messed-up-life,C:\Users\HP USER\.cache\kagglehub\datasets\thomaskonstantin\6000-children-and-teen-book-covers\versions\1\BookCovers\my-messed-up-life.jpg
my-monster-and-me,C:\Users\HP USER\.cache\kagglehub\datasets\thomaskonstantin\6000-children-and-teen-book-covers\versions\1\BookCovers\my-monster-and-me.jpg
my-mum-always-looks-after-me-so-much,C:\Users\HP USER\.cache\kagglehub\datasets\thomaskonstantin\6000-children-and-teen-book-covers\versions\1\BookCovers\my-mum-always-looks-after-me-so-much.jpg
my-mum-tracy-beaker,C:\Users\HP USER\.cache\kagglehub\datasets\thomaskonstantin\6000-children-and-teen-book-covers\versions\1\BookCovers\my-mum-tracy-beaker.jpg
my-mum,C:\Users\HP USER\.cache\kagglehub\datasets\thomaskonstantin\6000-children-and-teen-book-covers\versions\1\BookCovers\my-mum.jpg
my-mums-growing-down,C:\Users\HP USER\.cache\kagglehub\datasets\thomaskonstantin\6000-children-and-teen-book-covers\versions\1\BookCovers\my-mums-growing-down.jpg
my-name-is-bear,C:\Users\HP USER\.cache\kagglehub\datasets\thomaskonstantin\6000-children-and-teen-book-covers\versions\1\BookCovers\my-name-is-bear.jpg
my-name-is-bob,C:\Users\HP USER\.cache\kagglehub\datasets\thomaskonstantin\6000-children-and-teen-book-covers\versions\1\BookCovers\my-name-is-bob.jpg
my-name-is-not-refugee,C:\Users\HP USER\.cache\kagglehub\datasets\thomaskonstantin\6000-children-and-teen-book-covers\versions\1\BookCovers\my-name-is-not-refugee.jpg
my-name-is-parvana,C:\Users\HP USER\.cache\kagglehub\datasets\thomaskonstantin\6000-children-and-teen-book-covers\versions\1\BookCovers\my-name-is-parvana.jpg
my-name-s-not-fridays,C:\Users\HP USER\.cache\kagglehub\datasets\thomaskonstantin\6000-children-and-teen-book-covers\versions\1\BookCovers\my-name-s-not-fridays.jpg
my-nanas-garden,C:\Users\HP USER\.cache\kagglehub\datasets\thomaskonstantin\6000-children-and-teen-book-covers\versions\1\BookCovers\my-nanas-garden.jpg
my-new-shoes,C:\Users\HP USER\.cache\kagglehub\datasets\thomaskonstantin\6000-children-and-teen-book-covers\versions\1\BookCovers\my-new-shoes.jpg
my-pet-book,C:\Users\HP USER\.cache\kagglehub\datasets\thomaskonstantin\6000-children-and-teen-book-covers\versions\1\BookCovers\my-pet-book.jpg
my-pet-star-by-corrinne-averiss-and-rosalind-beardshaw-web,C:\Users\HP USER\.cache\kagglehub\datasets\thomaskonstantin\6000-children-and-teen-book-covers\versions\1\BookCovers\my-pet-star-by-corrinne-averiss-and-rosalind-beardshaw-web.jpg
my-pet-t-rex,C:\Users\HP USER\.cache\kagglehub\datasets\thomaskonstantin\6000-children-and-teen-book-covers\versions\1\BookCovers\my-pet-t-rex.jpg
my-side-of-the-diamond,C:\Users\HP USER\.cache\kagglehub\datasets\thomaskonstantin\6000-children-and-teen-book-covers\versions\1\BookCovers\my-side-of-the-diamond.jpg
my-sister-is-an-alien,C:\Users\HP USER\.cache\kagglehub\datasets\thomaskonstantin\6000-children-and-teen-book-covers\versions\1\BookCovers\my-sister-is-an-alien.jpg
my-so-called-haunting,C:\Users\HP USER\.cache\kagglehub\datasets\thomaskonstantin\6000-children-and-teen-book-covers\versions\1\BookCovers\my-so-called-haunting.jpg
my-story---noor-un-nissa-inayat-khan,C:\Users\HP USER\.cache\kagglehub\datasets\thomaskonstantin\6000-children-and-teen-book-covers\versions\1\BookCovers\my-story---noor-un-nissa-inayat-khan.jpg
my-swordhand-is-singing,C:\Users\HP USER\.cache\kagglehub\datasets\thomaskonstantin\6000-children-and-teen-book-covers\versions\1\BookCovers\my-swordhand-is-singing.jpg
my-true-love-gave-to-me,C:\Users\HP USER\.cache\kagglehub\datasets\thomaskonstantin\6000-children-and-teen-book-covers\versions\1\BookCovers\my-true-love-gave-to-me.jpg
my-two-grandads,C:\Users\HP USER\.cache\kagglehub\datasets\thomaskonstantin\6000-children-and-teen-book-covers\versions\1\BookCovers\my-two-grandads.jpg
my-uncle-is-a-hunkle-says-clarice-bean,C:\Users\HP USER\.cache\kagglehub\datasets\thomaskonstantin\6000-children-and-teen-book-covers\versions\1\BookCovers\my-uncle-is-a-hunkle-says-clarice-bean.jpg
my-village,C:\Users\HP USER\.cache\kagglehub\datasets\thomaskonstantin\6000-children-and-teen-book-covers\versions\1\BookCovers\my-village.jpg
mybestfri,C:\Users\HP USER\.cache\kagglehub\datasets\thomaskonstantin\6000-children-and-teen-book-covers\versions\1\BookCovers\mybestfri.jpg
myeviltwin,C:\Users\HP USER\.cache\kagglehub\datasets\thomaskonstantin\6000-children-and-teen-book-covers\versions\1\BookCovers\myeviltwin.jpg
mynameisbook,C:\Users\HP USER\.cache\kagglehub\datasets\thomaskonstantin\6000-children-and-teen-book-covers\versions\1\BookCovers\mynameisbook.jpg
mynameismina,C:\Users\HP USER\.cache\kagglehub\datasets\thomaskonstantin\6000-children-and-teen-book-covers\versions\1\BookCovers\mynameismina.jpg
mysisterlivesonmatlepiece,C:\Users\HP USER\.cache\kagglehub\datasets\thomaskonstantin\6000-children-and-teen-book-covers\versions\1\BookCovers\mysisterlivesonmatlepiece.jpg
mystery-and-mayhem,C:\Users\HP USER\.cache\kagglehub\datasets\thomaskonstantin\6000-children-and-teen-book-covers\versions\1\BookCovers\mystery-and-mayhem.jpg
mystery-at-the-ice-hotel,C:\Users\HP USER\.cache\kagglehub\datasets\thomaskonstantin\6000-children-and-teen-book-covers\versions\1\BookCovers\mystery-at-the-ice-hotel.jpg
mystery-of-jewelled-moth,C:\Users\HP USER\.cache\kagglehub\datasets\thomaskonstantin\6000-children-and-teen-book-covers\versions\1\BookCovers\mystery-of-jewelled-moth.jpg
mystery-of-the-clockwork-sparrow,C:\Users\HP USER\.cache\kagglehub\datasets\thomaskonstantin\6000-children-and-teen-book-covers\versions\1\BookCovers\mystery-of-the-clockwork-sparrow.jpg
myth-atlas,C:\Users\HP USER\.cache\kagglehub\datasets\thomaskonstantin\6000-children-and-teen-book-covers\versions\1\BookCovers\myth-atlas.jpg
mythologica,C:\Users\HP USER\.cache\kagglehub\datasets\thomaskonstantin\6000-children-and-teen-book-covers\versions\1\BookCovers\mythologica.jpg
n413173-1-,C:\Users\HP USER\.cache\kagglehub\datasets\thomaskonstantin\6000-children-and-teen-book-covers\versions\1\BookCovers\n413173-1-.jpg
nadine-dreams-of-home,C:\Users\HP USER\.cache\kagglehub\datasets\thomaskonstantin\6000-children-and-teen-book-covers\versions\1\BookCovers\nadine-dreams-of-home.jpg
nadiyas-bake-me-a-celebration-story,C:\Users\HP USER\.cache\kagglehub\datasets\thomaskonstantin\6000-children-and-teen-book-covers\versions\1\BookCovers\nadiyas-bake-me-a-celebration-story.jpg
nadolig-llawen-cyw,C:\Users\HP USER\.cache\kagglehub\datasets\thomaskonstantin\6000-children-and-teen-book-covers\versions\1\BookCovers\nadolig-llawen-cyw.jpg
nadolig-y-bwsi-beryglus,C:\Users\HP USER\.cache\kagglehub\datasets\thomaskonstantin\6000-children-and-teen-book-covers\versions\1\BookCovers\nadolig-y-bwsi-beryglus.jpg
namebooksecret,C:\Users\HP USER\.cache\kagglehub\datasets\thomaskonstantin\6000-children-and-teen-book-covers\versions\1\BookCovers\namebooksecret.jpg
nancy-parker-diary-of-detection,C:\Users\HP USER\.cache\kagglehub\datasets\thomaskonstantin\6000-children-and-teen-book-covers\versions\1\BookCovers\nancy-parker-diary-of-detection.jpg
nancy-parker-high-res,C:\Users\HP USER\.cache\kagglehub\datasets\thomaskonstantin\6000-children-and-teen-book-covers\versions\1\BookCovers\nancy-parker-high-res.jpg
nanette-s-baguette,C:\Users\HP USER\.cache\kagglehub\datasets\thomaskonstantin\6000-children-and-teen-book-covers\versions\1\BookCovers\nanette-s-baguette.jpg
nara-and-the-island,C:\Users\HP USER\.cache\kagglehub\datasets\thomaskonstantin\6000-children-and-teen-book-covers\versions\1\BookCovers\nara-and-the-island.jpg
narwhal-unicorn-of-the-sea,C:\Users\HP USER\.cache\kagglehub\datasets\thomaskonstantin\6000-children-and-teen-book-covers\versions\1\BookCovers\narwhal-unicorn-of-the-sea.jpg
natboff,C:\Users\HP USER\.cache\kagglehub\datasets\thomaskonstantin\6000-children-and-teen-book-covers\versions\1\BookCovers\natboff.jpg
natures-day,C:\Users\HP USER\.cache\kagglehub\datasets\thomaskonstantin\6000-children-and-teen-book-covers\versions\1\BookCovers\natures-day.jpg
near-thing-captain-najork,C:\Users\HP USER\.cache\kagglehub\datasets\thomaskonstantin\6000-children-and-teen-book-covers\versions\1\BookCovers\near-thing-captain-najork.jpg
ned-s-circus-of-marvels,C:\Users\HP USER\.cache\kagglehub\datasets\thomaskonstantin\6000-children-and-teen-book-covers\versions\1\BookCovers\ned-s-circus-of-marvels.jpg
ned-the-nature,C:\Users\HP USER\.cache\kagglehub\datasets\thomaskonstantin\6000-children-and-teen-book-covers\versions\1\BookCovers\ned-the-nature.jpg
neena-gill,C:\Users\HP USER\.cache\kagglehub\datasets\thomaskonstantin\6000-children-and-teen-book-covers\versions\1\BookCovers\neena-gill.jpg
neffy-and-the-feathered-dinosaurs,C:\Users\HP USER\.cache\kagglehub\datasets\thomaskonstantin\6000-children-and-teen-book-covers\versions\1\BookCovers\neffy-and-the-feathered-dinosaurs.jpg
nell-and-the-circus-of-dreams,C:\Users\HP USER\.cache\kagglehub\datasets\thomaskonstantin\6000-children-and-teen-book-covers\versions\1\BookCovers\nell-and-the-circus-of-dreams.jpg
nellie-choc-ice-penguin-explorer,C:\Users\HP USER\.cache\kagglehub\datasets\thomaskonstantin\6000-children-and-teen-book-covers\versions\1\BookCovers\nellie-choc-ice-penguin-explorer.jpg
nervous-nigel,C:\Users\HP USER\.cache\kagglehub\datasets\thomaskonstantin\6000-children-and-teen-book-covers\versions\1\BookCovers\nervous-nigel.jpg
ness,C:\Users\HP USER\.cache\kagglehub\datasets\thomaskonstantin\6000-children-and-teen-book-covers\versions\1\BookCovers\ness.jpg
nest,C:\Users\HP USER\.cache\kagglehub\datasets\thomaskonstantin\6000-children-and-teen-book-covers\versions\1\BookCovers\nest.jpg
never-ask-a-dinosaur-to-dinner,C:\Users\HP USER\.cache\kagglehub\datasets\thomaskonstantin\6000-children-and-teen-book-covers\versions\1\BookCovers\never-ask-a-dinosaur-to-dinner.jpg
never-ending,C:\Users\HP USER\.cache\kagglehub\datasets\thomaskonstantin\6000-children-and-teen-book-covers\versions\1\BookCovers\never-ending.jpg
never-ever,C:\Users\HP USER\.cache\kagglehub\datasets\thomaskonstantin\6000-children-and-teen-book-covers\versions\1\BookCovers\never-ever.jpg
never-evers,C:\Users\HP USER\.cache\kagglehub\datasets\thomaskonstantin\6000-children-and-teen-book-covers\versions\1\BookCovers\never-evers.jpg
never-let-me-go,C:\Users\HP USER\.cache\kagglehub\datasets\thomaskonstantin\6000-children-and-teen-book-covers\versions\1\BookCovers\never-let-me-go.jpg
never-show-a-t-rex-a-book,C:\Users\HP USER\.cache\kagglehub\datasets\thomaskonstantin\6000-children-and-teen-book-covers\versions\1\BookCovers\never-show-a-t-rex-a-book.jpg
never-take-a-bear-to-school,C:\Users\HP USER\.cache\kagglehub\datasets\thomaskonstantin\6000-children-and-teen-book-covers\versions\1\BookCovers\never-take-a-bear-to-school.jpg
never-tickle-a-tiger,C:\Users\HP USER\.cache\kagglehub\datasets\thomaskonstantin\6000-children-and-teen-book-covers\versions\1\BookCovers\never-tickle-a-tiger.jpg
nevertell,C:\Users\HP USER\.cache\kagglehub\datasets\thomaskonstantin\6000-children-and-teen-book-covers\versions\1\BookCovers\nevertell.jpg
new-and-collected-poems-for-children,C:\Users\HP USER\.cache\kagglehub\datasets\thomaskonstantin\6000-children-and-teen-book-covers\versions\1\BookCovers\new-and-collected-poems-for-children.jpg
new-in-town,C:\Users\HP USER\.cache\kagglehub\datasets\thomaskonstantin\6000-children-and-teen-book-covers\versions\1\BookCovers\new-in-town.jpg
new-small-person,C:\Users\HP USER\.cache\kagglehub\datasets\thomaskonstantin\6000-children-and-teen-book-covers\versions\1\BookCovers\new-small-person.jpg
newes-from-the-dead,C:\Users\HP USER\.cache\kagglehub\datasets\thomaskonstantin\6000-children-and-teen-book-covers\versions\1\BookCovers\newes-from-the-dead.jpg
nibbles-colours,C:\Users\HP USER\.cache\kagglehub\datasets\thomaskonstantin\6000-children-and-teen-book-covers\versions\1\BookCovers\nibbles-colours.jpg
nibbles-numbers,C:\Users\HP USER\.cache\kagglehub\datasets\thomaskonstantin\6000-children-and-teen-book-covers\versions\1\BookCovers\nibbles-numbers.jpg
nibbles-the-book-monster,C:\Users\HP USER\.cache\kagglehub\datasets\thomaskonstantin\6000-children-and-teen-book-covers\versions\1\BookCovers\nibbles-the-book-monster.jpg
nibbles-the-monster-hunt,C:\Users\HP USER\.cache\kagglehub\datasets\thomaskonstantin\6000-children-and-teen-book-covers\versions\1\BookCovers\nibbles-the-monster-hunt.jpg
nice-work-for-the-cat-and-the-king,C:\Users\HP USER\.cache\kagglehub\datasets\thomaskonstantin\6000-children-and-teen-book-covers\versions\1\BookCovers\nice-work-for-the-cat-and-the-king.jpg
nicholas-and-the-wild-ones,C:\Users\HP USER\.cache\kagglehub\datasets\thomaskonstantin\6000-children-and-teen-book-covers\versions\1\BookCovers\nicholas-and-the-wild-ones.jpg
night-monkey-day-monkey,C:\Users\HP USER\.cache\kagglehub\datasets\thomaskonstantin\6000-children-and-teen-book-covers\versions\1\BookCovers\night-monkey-day-monkey.jpg
night-of-the-moon,C:\Users\HP USER\.cache\kagglehub\datasets\thomaskonstantin\6000-children-and-teen-book-covers\versions\1\BookCovers\night-of-the-moon.jpg
night-sky-dragons,C:\Users\HP USER\.cache\kagglehub\datasets\thomaskonstantin\6000-children-and-teen-book-covers\versions\1\BookCovers\night-sky-dragons.jpg
night-speakers,C:\Users\HP USER\.cache\kagglehub\datasets\thomaskonstantin\6000-children-and-teen-book-covers\versions\1\BookCovers\night-speakers.jpg
nightlights,C:\Users\HP USER\.cache\kagglehub\datasets\thomaskonstantin\6000-children-and-teen-book-covers\versions\1\BookCovers\nightlights.jpg
nightmares-,C:\Users\HP USER\.cache\kagglehub\datasets\thomaskonstantin\6000-children-and-teen-book-covers\versions\1\BookCovers\nightmares-.jpg
nightrise,C:\Users\HP USER\.cache\kagglehub\datasets\thomaskonstantin\6000-children-and-teen-book-covers\versions\1\BookCovers\nightrise.jpg
nightshade,C:\Users\HP USER\.cache\kagglehub\datasets\thomaskonstantin\6000-children-and-teen-book-covers\versions\1\BookCovers\nightshade.jpg
nimesh-the-adventurer,C:\Users\HP USER\.cache\kagglehub\datasets\thomaskonstantin\6000-children-and-teen-book-covers\versions\1\BookCovers\nimesh-the-adventurer.jpg
nina-and-the-kung-fu-adventure,C:\Users\HP USER\.cache\kagglehub\datasets\thomaskonstantin\6000-children-and-teen-book-covers\versions\1\BookCovers\nina-and-the-kung-fu-adventure.jpg
nina-and-the-magical-carnival,C:\Users\HP USER\.cache\kagglehub\datasets\thomaskonstantin\6000-children-and-teen-book-covers\versions\1\BookCovers\nina-and-the-magical-carnival.jpg
nineteen,C:\Users\HP USER\.cache\kagglehub\datasets\thomaskonstantin\6000-children-and-teen-book-covers\versions\1\BookCovers\nineteen.jpg
nini-at-carnival,C:\Users\HP USER\.cache\kagglehub\datasets\thomaskonstantin\6000-children-and-teen-book-covers\versions\1\BookCovers\nini-at-carnival.jpg
ninja-kid,C:\Users\HP USER\.cache\kagglehub\datasets\thomaskonstantin\6000-children-and-teen-book-covers\versions\1\BookCovers\ninja-kid.jpg
nits,C:\Users\HP USER\.cache\kagglehub\datasets\thomaskonstantin\6000-children-and-teen-book-covers\versions\1\BookCovers\nits.jpg
no-ballet-shoes-in-syria,C:\Users\HP USER\.cache\kagglehub\datasets\thomaskonstantin\6000-children-and-teen-book-covers\versions\1\BookCovers\no-ballet-shoes-in-syria.jpg
no-bed-without-ted,C:\Users\HP USER\.cache\kagglehub\datasets\thomaskonstantin\6000-children-and-teen-book-covers\versions\1\BookCovers\no-bed-without-ted.jpg
no-bot-the-robots-new-bottom,C:\Users\HP USER\.cache\kagglehub\datasets\thomaskonstantin\6000-children-and-teen-book-covers\versions\1\BookCovers\no-bot-the-robots-new-bottom.jpg
no-fixed-address,C:\Users\HP USER\.cache\kagglehub\datasets\thomaskonstantin\6000-children-and-teen-book-covers\versions\1\BookCovers\no-fixed-address.jpg
no-probllama,C:\Users\HP USER\.cache\kagglehub\datasets\thomaskonstantin\6000-children-and-teen-book-covers\versions\1\BookCovers\no-probllama.jpg
no-said-rabbit,C:\Users\HP USER\.cache\kagglehub\datasets\thomaskonstantin\6000-children-and-teen-book-covers\versions\1\BookCovers\no-said-rabbit.jpg
no-such-thing-as-dragons,C:\Users\HP USER\.cache\kagglehub\datasets\thomaskonstantin\6000-children-and-teen-book-covers\versions\1\BookCovers\no-such-thing-as-dragons.jpg
no-turning-back,C:\Users\HP USER\.cache\kagglehub\datasets\thomaskonstantin\6000-children-and-teen-book-covers\versions\1\BookCovers\no-turning-back.jpg
no1carspotter,C:\Users\HP USER\.cache\kagglehub\datasets\thomaskonstantin\6000-children-and-teen-book-covers\versions\1\BookCovers\no1carspotter.jpg
noahbarleywater,C:\Users\HP USER\.cache\kagglehub\datasets\thomaskonstantin\6000-children-and-teen-book-covers\versions\1\BookCovers\noahbarleywater.jpg
noahs-gold,C:\Users\HP USER\.cache\kagglehub\datasets\thomaskonstantin\6000-children-and-teen-book-covers\versions\1\BookCovers\noahs-gold.jpg
noble-conflicts,C:\Users\HP USER\.cache\kagglehub\datasets\thomaskonstantin\6000-children-and-teen-book-covers\versions\1\BookCovers\noble-conflicts.jpg
nobody-saw-no-one,C:\Users\HP USER\.cache\kagglehub\datasets\thomaskonstantin\6000-children-and-teen-book-covers\versions\1\BookCovers\nobody-saw-no-one.jpg
noggin,C:\Users\HP USER\.cache\kagglehub\datasets\thomaskonstantin\6000-children-and-teen-book-covers\versions\1\BookCovers\noggin.jpg
noisy-tractor,C:\Users\HP USER\.cache\kagglehub\datasets\thomaskonstantin\6000-children-and-teen-book-covers\versions\1\BookCovers\noisy-tractor.jpg
noisybottoms,C:\Users\HP USER\.cache\kagglehub\datasets\thomaskonstantin\6000-children-and-teen-book-covers\versions\1\BookCovers\noisybottoms.jpg
noo-noos,C:\Users\HP USER\.cache\kagglehub\datasets\thomaskonstantin\6000-children-and-teen-book-covers\versions\1\BookCovers\noo-noos.jpg
norman-the-norman-from-normandy,C:\Users\HP USER\.cache\kagglehub\datasets\thomaskonstantin\6000-children-and-teen-book-covers\versions\1\BookCovers\norman-the-norman-from-normandy.jpg
norris-the-bear-who-shared,C:\Users\HP USER\.cache\kagglehub\datasets\thomaskonstantin\6000-children-and-teen-book-covers\versions\1\BookCovers\norris-the-bear-who-shared.jpg
norse-myths-tales-of-odin-thor-and-loki,C:\Users\HP USER\.cache\kagglehub\datasets\thomaskonstantin\6000-children-and-teen-book-covers\versions\1\BookCovers\norse-myths-tales-of-odin-thor-and-loki.jpg
northern-lights,C:\Users\HP USER\.cache\kagglehub\datasets\thomaskonstantin\6000-children-and-teen-book-covers\versions\1\BookCovers\northern-lights.jpg
northernlights-,C:\Users\HP USER\.cache\kagglehub\datasets\thomaskonstantin\6000-children-and-teen-book-covers\versions\1\BookCovers\northernlights-.jpg
norton-and-alpha,C:\Users\HP USER\.cache\kagglehub\datasets\thomaskonstantin\6000-children-and-teen-book-covers\versions\1\BookCovers\norton-and-alpha.jpg
nos-da-tractor,C:\Users\HP USER\.cache\kagglehub\datasets\thomaskonstantin\6000-children-and-teen-book-covers\versions\1\BookCovers\nos-da-tractor.jpg
not-as-we-know-it,C:\Users\HP USER\.cache\kagglehub\datasets\thomaskonstantin\6000-children-and-teen-book-covers\versions\1\BookCovers\not-as-we-know-it.jpg
not-bad-for-a-bad-lad,C:\Users\HP USER\.cache\kagglehub\datasets\thomaskonstantin\6000-children-and-teen-book-covers\versions\1\BookCovers\not-bad-for-a-bad-lad.jpg
not-for-parents-how-to-be-a-dinosaur-hunter,C:\Users\HP USER\.cache\kagglehub\datasets\thomaskonstantin\6000-children-and-teen-book-covers\versions\1\BookCovers\not-for-parents-how-to-be-a-dinosaur-hunter.jpg
not-if-i-see-you-first,C:\Users\HP USER\.cache\kagglehub\datasets\thomaskonstantin\6000-children-and-teen-book-covers\versions\1\BookCovers\not-if-i-see-you-first.jpg
not-in-that-dress-princess,C:\Users\HP USER\.cache\kagglehub\datasets\thomaskonstantin\6000-children-and-teen-book-covers\versions\1\BookCovers\not-in-that-dress-princess.jpg
not-now-bernard,C:\Users\HP USER\.cache\kagglehub\datasets\thomaskonstantin\6000-children-and-teen-book-covers\versions\1\BookCovers\not-now-bernard.jpg
not-so-perfect-penguin,C:\Users\HP USER\.cache\kagglehub\datasets\thomaskonstantin\6000-children-and-teen-book-covers\versions\1\BookCovers\not-so-perfect-penguin.jpg
not-that-pet,C:\Users\HP USER\.cache\kagglehub\datasets\thomaskonstantin\6000-children-and-teen-book-covers\versions\1\BookCovers\not-that-pet.jpg
not-the-end-of-the-world,C:\Users\HP USER\.cache\kagglehub\datasets\thomaskonstantin\6000-children-and-teen-book-covers\versions\1\BookCovers\not-the-end-of-the-world.jpg
noteworthy,C:\Users\HP USER\.cache\kagglehub\datasets\thomaskonstantin\6000-children-and-teen-book-covers\versions\1\BookCovers\noteworthy.jpg
nothing-ever-happens-here,C:\Users\HP USER\.cache\kagglehub\datasets\thomaskonstantin\6000-children-and-teen-book-covers\versions\1\BookCovers\nothing-ever-happens-here.jpg
nothing-whyme-with-orange,C:\Users\HP USER\.cache\kagglehub\datasets\thomaskonstantin\6000-children-and-teen-book-covers\versions\1\BookCovers\nothing-whyme-with-orange.jpg
nothing,C:\Users\HP USER\.cache\kagglehub\datasets\thomaskonstantin\6000-children-and-teen-book-covers\versions\1\BookCovers\nothing.jpg
notso-hotso,C:\Users\HP USER\.cache\kagglehub\datasets\thomaskonstantin\6000-children-and-teen-book-covers\versions\1\BookCovers\notso-hotso.jpg
noughts-and-crosses,C:\Users\HP USER\.cache\kagglehub\datasets\thomaskonstantin\6000-children-and-teen-book-covers\versions\1\BookCovers\noughts-and-crosses.jpg
now-or-never-a-dunkirk-story,C:\Users\HP USER\.cache\kagglehub\datasets\thomaskonstantin\6000-children-and-teen-book-covers\versions\1\BookCovers\now-or-never-a-dunkirk-story.jpg
now-wash-your-hands,C:\Users\HP USER\.cache\kagglehub\datasets\thomaskonstantin\6000-children-and-teen-book-covers\versions\1\BookCovers\now-wash-your-hands.jpg
now,C:\Users\HP USER\.cache\kagglehub\datasets\thomaskonstantin\6000-children-and-teen-book-covers\versions\1\BookCovers\now.jpg
nowhere-emporium,C:\Users\HP USER\.cache\kagglehub\datasets\thomaskonstantin\6000-children-and-teen-book-covers\versions\1\BookCovers\nowhere-emporium.jpg
nuddynedxmas,C:\Users\HP USER\.cache\kagglehub\datasets\thomaskonstantin\6000-children-and-teen-book-covers\versions\1\BookCovers\nuddynedxmas.jpg
numbers,C:\Users\HP USER\.cache\kagglehub\datasets\thomaskonstantin\6000-children-and-teen-book-covers\versions\1\BookCovers\numbers.jpg
nursery-rhyme-rainbow,C:\Users\HP USER\.cache\kagglehub\datasets\thomaskonstantin\6000-children-and-teen-book-covers\versions\1\BookCovers\nursery-rhyme-rainbow.jpg
nursery-rhymes,C:\Users\HP USER\.cache\kagglehub\datasets\thomaskonstantin\6000-children-and-teen-book-covers\versions\1\BookCovers\nursery-rhymes.jpg
nuts-in-space,C:\Users\HP USER\.cache\kagglehub\datasets\thomaskonstantin\6000-children-and-teen-book-covers\versions\1\BookCovers\nuts-in-space.jpg
nuts,C:\Users\HP USER\.cache\kagglehub\datasets\thomaskonstantin\6000-children-and-teen-book-covers\versions\1\BookCovers\nuts.jpg
obsessive-about-octopuses,C:\Users\HP USER\.cache\kagglehub\datasets\thomaskonstantin\6000-children-and-teen-book-covers\versions\1\BookCovers\obsessive-about-octopuses.jpg
oct2014-goose-laura-wall-jacket,C:\Users\HP USER\.cache\kagglehub\datasets\thomaskonstantin\6000-children-and-teen-book-covers\versions\1\BookCovers\oct2014-goose-laura-wall-jacket.jpg
octavian-nothing,C:\Users\HP USER\.cache\kagglehub\datasets\thomaskonstantin\6000-children-and-teen-book-covers\versions\1\BookCovers\octavian-nothing.jpg
october-october,C:\Users\HP USER\.cache\kagglehub\datasets\thomaskonstantin\6000-children-and-teen-book-covers\versions\1\BookCovers\october-october.jpg
octopants,C:\Users\HP USER\.cache\kagglehub\datasets\thomaskonstantin\6000-children-and-teen-book-covers\versions\1\BookCovers\octopants.jpg
octopus-socktopus,C:\Users\HP USER\.cache\kagglehub\datasets\thomaskonstantin\6000-children-and-teen-book-covers\versions\1\BookCovers\octopus-socktopus.jpg
od-geoffrey-cov-uk,C:\Users\HP USER\.cache\kagglehub\datasets\thomaskonstantin\6000-children-and-teen-book-covers\versions\1\BookCovers\od-geoffrey-cov-uk.jpg
odd-and-the-frost-giants,C:\Users\HP USER\.cache\kagglehub\datasets\thomaskonstantin\6000-children-and-teen-book-covers\versions\1\BookCovers\odd-and-the-frost-giants.jpg
oddegg,C:\Users\HP USER\.cache\kagglehub\datasets\thomaskonstantin\6000-children-and-teen-book-covers\versions\1\BookCovers\oddegg.jpg
off-the-pages,C:\Users\HP USER\.cache\kagglehub\datasets\thomaskonstantin\6000-children-and-teen-book-covers\versions\1\BookCovers\off-the-pages.jpg
off-to-the-beach,C:\Users\HP USER\.cache\kagglehub\datasets\thomaskonstantin\6000-children-and-teen-book-covers\versions\1\BookCovers\off-to-the-beach.jpg
off-to-the-park-,C:\Users\HP USER\.cache\kagglehub\datasets\thomaskonstantin\6000-children-and-teen-book-covers\versions\1\BookCovers\off-to-the-park-.jpg
oh-my-gods,C:\Users\HP USER\.cache\kagglehub\datasets\thomaskonstantin\6000-children-and-teen-book-covers\versions\1\BookCovers\oh-my-gods.jpg
oh-the-places-youll-go,C:\Users\HP USER\.cache\kagglehub\datasets\thomaskonstantin\6000-children-and-teen-book-covers\versions\1\BookCovers\oh-the-places-youll-go.jpg
oi-cat,C:\Users\HP USER\.cache\kagglehub\datasets\thomaskonstantin\6000-children-and-teen-book-covers\versions\1\BookCovers\oi-cat.jpg
oi-dog,C:\Users\HP USER\.cache\kagglehub\datasets\thomaskonstantin\6000-children-and-teen-book-covers\versions\1\BookCovers\oi-dog.jpg
oi-duck-billed-platypus,C:\Users\HP USER\.cache\kagglehub\datasets\thomaskonstantin\6000-children-and-teen-book-covers\versions\1\BookCovers\oi-duck-billed-platypus.jpg
oi-frog,C:\Users\HP USER\.cache\kagglehub\datasets\thomaskonstantin\6000-children-and-teen-book-covers\versions\1\BookCovers\oi-frog.jpg
oi-get-off-our-train,C:\Users\HP USER\.cache\kagglehub\datasets\thomaskonstantin\6000-children-and-teen-book-covers\versions\1\BookCovers\oi-get-off-our-train.jpg
old-dog,C:\Users\HP USER\.cache\kagglehub\datasets\thomaskonstantin\6000-children-and-teen-book-covers\versions\1\BookCovers\old-dog.jpg
old-enough-to-save-the-planet,C:\Users\HP USER\.cache\kagglehub\datasets\thomaskonstantin\6000-children-and-teen-book-covers\versions\1\BookCovers\old-enough-to-save-the-planet.jpg
old-macdonald-had-a-phone,C:\Users\HP USER\.cache\kagglehub\datasets\thomaskonstantin\6000-children-and-teen-book-covers\versions\1\BookCovers\old-macdonald-had-a-phone.jpg
old-macdonald-heard-a-parp,C:\Users\HP USER\.cache\kagglehub\datasets\thomaskonstantin\6000-children-and-teen-book-covers\versions\1\BookCovers\old-macdonald-heard-a-parp.jpg
old-peters-russian-tales,C:\Users\HP USER\.cache\kagglehub\datasets\thomaskonstantin\6000-children-and-teen-book-covers\versions\1\BookCovers\old-peters-russian-tales.jpg
oliver-and-patch,C:\Users\HP USER\.cache\kagglehub\datasets\thomaskonstantin\6000-children-and-teen-book-covers\versions\1\BookCovers\oliver-and-patch.jpg
oliver-elephant,C:\Users\HP USER\.cache\kagglehub\datasets\thomaskonstantin\6000-children-and-teen-book-covers\versions\1\BookCovers\oliver-elephant.jpg
oliver-moon-and-the-potion-commotion,C:\Users\HP USER\.cache\kagglehub\datasets\thomaskonstantin\6000-children-and-teen-book-covers\versions\1\BookCovers\oliver-moon-and-the-potion-commotion.jpg
oliver-twisted,C:\Users\HP USER\.cache\kagglehub\datasets\thomaskonstantin\6000-children-and-teen-book-covers\versions\1\BookCovers\oliver-twisted.jpg
oliver-who-was-small-but-mighty,C:\Users\HP USER\.cache\kagglehub\datasets\thomaskonstantin\6000-children-and-teen-book-covers\versions\1\BookCovers\oliver-who-was-small-but-mighty.jpg
olivia-goes-to-venice,C:\Users\HP USER\.cache\kagglehub\datasets\thomaskonstantin\6000-children-and-teen-book-covers\versions\1\BookCovers\olivia-goes-to-venice.jpg
ollies-magic-bunny,C:\Users\HP USER\.cache\kagglehub\datasets\thomaskonstantin\6000-children-and-teen-book-covers\versions\1\BookCovers\ollies-magic-bunny.jpg
olliexmas,C:\Users\HP USER\.cache\kagglehub\datasets\thomaskonstantin\6000-children-and-teen-book-covers\versions\1\BookCovers\olliexmas.jpg
omar-the-bees-and-me,C:\Users\HP USER\.cache\kagglehub\datasets\thomaskonstantin\6000-children-and-teen-book-covers\versions\1\BookCovers\omar-the-bees-and-me.jpg
omega-the-unknown,C:\Users\HP USER\.cache\kagglehub\datasets\thomaskonstantin\6000-children-and-teen-book-covers\versions\1\BookCovers\omega-the-unknown.jpg
on-a-magical-do-nothing-day,C:\Users\HP USER\.cache\kagglehub\datasets\thomaskonstantin\6000-children-and-teen-book-covers\versions\1\BookCovers\on-a-magical-do-nothing-day.jpg
on-angel-wings,C:\Users\HP USER\.cache\kagglehub\datasets\thomaskonstantin\6000-children-and-teen-book-covers\versions\1\BookCovers\on-angel-wings.jpg
on-sleepy-hill,C:\Users\HP USER\.cache\kagglehub\datasets\thomaskonstantin\6000-children-and-teen-book-covers\versions\1\BookCovers\on-sleepy-hill.jpg
on-the-come-up,C:\Users\HP USER\.cache\kagglehub\datasets\thomaskonstantin\6000-children-and-teen-book-covers\versions\1\BookCovers\on-the-come-up.jpg
on-the-move-braille,C:\Users\HP USER\.cache\kagglehub\datasets\thomaskonstantin\6000-children-and-teen-book-covers\versions\1\BookCovers\on-the-move-braille.jpg
on-the-move,C:\Users\HP USER\.cache\kagglehub\datasets\thomaskonstantin\6000-children-and-teen-book-covers\versions\1\BookCovers\on-the-move.jpg
once-upon-a-bathtime,C:\Users\HP USER\.cache\kagglehub\datasets\thomaskonstantin\6000-children-and-teen-book-covers\versions\1\BookCovers\once-upon-a-bathtime.jpg
once-upon-a-bedtime2,C:\Users\HP USER\.cache\kagglehub\datasets\thomaskonstantin\6000-children-and-teen-book-covers\versions\1\BookCovers\once-upon-a-bedtime2.jpg
once-upon-a-raindrop,C:\Users\HP USER\.cache\kagglehub\datasets\thomaskonstantin\6000-children-and-teen-book-covers\versions\1\BookCovers\once-upon-a-raindrop.jpg
once-upon-a-rhythm-cover,C:\Users\HP USER\.cache\kagglehub\datasets\thomaskonstantin\6000-children-and-teen-book-covers\versions\1\BookCovers\once-upon-a-rhythm-cover.jpg
once-upon-a-star-cover,C:\Users\HP USER\.cache\kagglehub\datasets\thomaskonstantin\6000-children-and-teen-book-covers\versions\1\BookCovers\once-upon-a-star-cover.jpg
once-upon-a-wild-wood,C:\Users\HP USER\.cache\kagglehub\datasets\thomaskonstantin\6000-children-and-teen-book-covers\versions\1\BookCovers\once-upon-a-wild-wood.jpg
once-upon-an-alphabet,C:\Users\HP USER\.cache\kagglehub\datasets\thomaskonstantin\6000-children-and-teen-book-covers\versions\1\BookCovers\once-upon-an-alphabet.jpg
once,C:\Users\HP USER\.cache\kagglehub\datasets\thomaskonstantin\6000-children-and-teen-book-covers\versions\1\BookCovers\once.jpg
one-christmas-wish,C:\Users\HP USER\.cache\kagglehub\datasets\thomaskonstantin\6000-children-and-teen-book-covers\versions\1\BookCovers\one-christmas-wish.jpg
one-crow-aloned,C:\Users\HP USER\.cache\kagglehub\datasets\thomaskonstantin\6000-children-and-teen-book-covers\versions\1\BookCovers\one-crow-aloned.jpg
one-day-on-our-blue-planet-savannah,C:\Users\HP USER\.cache\kagglehub\datasets\thomaskonstantin\6000-children-and-teen-book-covers\versions\1\BookCovers\one-day-on-our-blue-planet-savannah.jpg
one-dog-and-his-boy,C:\Users\HP USER\.cache\kagglehub\datasets\thomaskonstantin\6000-children-and-teen-book-covers\versions\1\BookCovers\one-dog-and-his-boy.jpg
one-girl,C:\Users\HP USER\.cache\kagglehub\datasets\thomaskonstantin\6000-children-and-teen-book-covers\versions\1\BookCovers\one-girl.jpg
one-house-for-all,C:\Users\HP USER\.cache\kagglehub\datasets\thomaskonstantin\6000-children-and-teen-book-covers\versions\1\BookCovers\one-house-for-all.jpg
one-moonlit-night,C:\Users\HP USER\.cache\kagglehub\datasets\thomaskonstantin\6000-children-and-teen-book-covers\versions\1\BookCovers\one-moonlit-night.jpg
one-night-in-the-zoo,C:\Users\HP USER\.cache\kagglehub\datasets\thomaskonstantin\6000-children-and-teen-book-covers\versions\1\BookCovers\one-night-in-the-zoo.jpg
one-of-us,C:\Users\HP USER\.cache\kagglehub\datasets\thomaskonstantin\6000-children-and-teen-book-covers\versions\1\BookCovers\one-of-us.jpg
one-silver-summer,C:\Users\HP USER\.cache\kagglehub\datasets\thomaskonstantin\6000-children-and-teen-book-covers\versions\1\BookCovers\one-silver-summer.jpg
one-snowy-night,C:\Users\HP USER\.cache\kagglehub\datasets\thomaskonstantin\6000-children-and-teen-book-covers\versions\1\BookCovers\one-snowy-night.jpg
one-special-sleepover,C:\Users\HP USER\.cache\kagglehub\datasets\thomaskonstantin\6000-children-and-teen-book-covers\versions\1\BookCovers\one-special-sleepover.jpg
one-ted,C:\Users\HP USER\.cache\kagglehub\datasets\thomaskonstantin\6000-children-and-teen-book-covers\versions\1\BookCovers\one-ted.jpg
one-two-cockatoo,C:\Users\HP USER\.cache\kagglehub\datasets\thomaskonstantin\6000-children-and-teen-book-covers\versions\1\BookCovers\one-two-cockatoo.jpg
one-two-three-to-the-zoo,C:\Users\HP USER\.cache\kagglehub\datasets\thomaskonstantin\6000-children-and-teen-book-covers\versions\1\BookCovers\one-two-three-to-the-zoo.jpg
one-two-tree-,C:\Users\HP USER\.cache\kagglehub\datasets\thomaskonstantin\6000-children-and-teen-book-covers\versions\1\BookCovers\one-two-tree-.jpg
one-year-with-kipper,C:\Users\HP USER\.cache\kagglehub\datasets\thomaskonstantin\6000-children-and-teen-book-covers\versions\1\BookCovers\one-year-with-kipper.jpg
oned,C:\Users\HP USER\.cache\kagglehub\datasets\thomaskonstantin\6000-children-and-teen-book-covers\versions\1\BookCovers\oned.jpg
ones-that-disappeared,C:\Users\HP USER\.cache\kagglehub\datasets\thomaskonstantin\6000-children-and-teen-book-covers\versions\1\BookCovers\ones-that-disappeared.jpg
only-eva,C:\Users\HP USER\.cache\kagglehub\datasets\thomaskonstantin\6000-children-and-teen-book-covers\versions\1\BookCovers\only-eva.jpg
only-ever-yours2,C:\Users\HP USER\.cache\kagglehub\datasets\thomaskonstantin\6000-children-and-teen-book-covers\versions\1\BookCovers\only-ever-yours2.jpg
only-one-of-me,C:\Users\HP USER\.cache\kagglehub\datasets\thomaskonstantin\6000-children-and-teen-book-covers\versions\1\BookCovers\only-one-of-me.jpg
opal-plumstead,C:\Users\HP USER\.cache\kagglehub\datasets\thomaskonstantin\6000-children-and-teen-book-covers\versions\1\BookCovers\opal-plumstead.jpg
open-up-please-,C:\Users\HP USER\.cache\kagglehub\datasets\thomaskonstantin\6000-children-and-teen-book-covers\versions\1\BookCovers\open-up-please-.jpg
operation-ouch,C:\Users\HP USER\.cache\kagglehub\datasets\thomaskonstantin\6000-children-and-teen-book-covers\versions\1\BookCovers\operation-ouch.jpg
opposites,C:\Users\HP USER\.cache\kagglehub\datasets\thomaskonstantin\6000-children-and-teen-book-covers\versions\1\BookCovers\opposites.jpg
optimists-die-first,C:\Users\HP USER\.cache\kagglehub\datasets\thomaskonstantin\6000-children-and-teen-book-covers\versions\1\BookCovers\optimists-die-first.jpg
orangebear-applepear,C:\Users\HP USER\.cache\kagglehub\datasets\thomaskonstantin\6000-children-and-teen-book-covers\versions\1\BookCovers\orangebear-applepear.jpg
orangeboy,C:\Users\HP USER\.cache\kagglehub\datasets\thomaskonstantin\6000-children-and-teen-book-covers\versions\1\BookCovers\orangeboy.jpg
orangesinnomansland,C:\Users\HP USER\.cache\kagglehub\datasets\thomaskonstantin\6000-children-and-teen-book-covers\versions\1\BookCovers\orangesinnomansland.jpg
orbiting-jupiters,C:\Users\HP USER\.cache\kagglehub\datasets\thomaskonstantin\6000-children-and-teen-book-covers\versions\1\BookCovers\orbiting-jupiters.jpg
orion-lost,C:\Users\HP USER\.cache\kagglehub\datasets\thomaskonstantin\6000-children-and-teen-book-covers\versions\1\BookCovers\orion-lost.jpg
orphans-of-the-tide,C:\Users\HP USER\.cache\kagglehub\datasets\thomaskonstantin\6000-children-and-teen-book-covers\versions\1\BookCovers\orphans-of-the-tide.jpg
oscar-the-hungry-unicorn,C:\Users\HP USER\.cache\kagglehub\datasets\thomaskonstantin\6000-children-and-teen-book-covers\versions\1\BookCovers\oscar-the-hungry-unicorn.jpg
ostrich-boys,C:\Users\HP USER\.cache\kagglehub\datasets\thomaskonstantin\6000-children-and-teen-book-covers\versions\1\BookCovers\ostrich-boys.jpg
otters-moon,C:\Users\HP USER\.cache\kagglehub\datasets\thomaskonstantin\6000-children-and-teen-book-covers\versions\1\BookCovers\otters-moon.jpg
ottolineandtheyellowcat300dpi,C:\Users\HP USER\.cache\kagglehub\datasets\thomaskonstantin\6000-children-and-teen-book-covers\versions\1\BookCovers\ottolineandtheyellowcat300dpi.jpg
ottolinegoschool,C:\Users\HP USER\.cache\kagglehub\datasets\thomaskonstantin\6000-children-and-teen-book-covers\versions\1\BookCovers\ottolinegoschool.jpg
our-amazing-planet,C:\Users\HP USER\.cache\kagglehub\datasets\thomaskonstantin\6000-children-and-teen-book-covers\versions\1\BookCovers\our-amazing-planet.jpg
our-little-inventor,C:\Users\HP USER\.cache\kagglehub\datasets\thomaskonstantin\6000-children-and-teen-book-covers\versions\1\BookCovers\our-little-inventor.jpg
our-world-a-first-book-of-geography,C:\Users\HP USER\.cache\kagglehub\datasets\thomaskonstantin\6000-children-and-teen-book-covers\versions\1\BookCovers\our-world-a-first-book-of-geography.jpg
out-of-heart,C:\Users\HP USER\.cache\kagglehub\datasets\thomaskonstantin\6000-children-and-teen-book-covers\versions\1\BookCovers\out-of-heart.jpg
out-of-shadows2,C:\Users\HP USER\.cache\kagglehub\datasets\thomaskonstantin\6000-children-and-teen-book-covers\versions\1\BookCovers\out-of-shadows2.jpg
out-of-the-blue-barefoot,C:\Users\HP USER\.cache\kagglehub\datasets\thomaskonstantin\6000-children-and-teen-book-covers\versions\1\BookCovers\out-of-the-blue-barefoot.jpg
out-of-the-blue,C:\Users\HP USER\.cache\kagglehub\datasets\thomaskonstantin\6000-children-and-teen-book-covers\versions\1\BookCovers\out-of-the-blue.jpg
out-of-the-clouds2,C:\Users\HP USER\.cache\kagglehub\datasets\thomaskonstantin\6000-children-and-teen-book-covers\versions\1\BookCovers\out-of-the-clouds2.jpg
outcasts-the-game,C:\Users\HP USER\.cache\kagglehub\datasets\thomaskonstantin\6000-children-and-teen-book-covers\versions\1\BookCovers\outcasts-the-game.jpg
outlaw-the-legend-of-robin-hood,C:\Users\HP USER\.cache\kagglehub\datasets\thomaskonstantin\6000-children-and-teen-book-covers\versions\1\BookCovers\outlaw-the-legend-of-robin-hood.jpg
outlaw-varjak-paw,C:\Users\HP USER\.cache\kagglehub\datasets\thomaskonstantin\6000-children-and-teen-book-covers\versions\1\BookCovers\outlaw-varjak-paw.jpg
outlaw,C:\Users\HP USER\.cache\kagglehub\datasets\thomaskonstantin\6000-children-and-teen-book-covers\versions\1\BookCovers\outlaw.jpg
outlaww,C:\Users\HP USER\.cache\kagglehub\datasets\thomaskonstantin\6000-children-and-teen-book-covers\versions\1\BookCovers\outlaww.jpg
outside-guide-to-discovering-nature,C:\Users\HP USER\.cache\kagglehub\datasets\thomaskonstantin\6000-children-and-teen-book-covers\versions\1\BookCovers\outside-guide-to-discovering-nature.jpg
over-and-under-the-pond,C:\Users\HP USER\.cache\kagglehub\datasets\thomaskonstantin\6000-children-and-teen-book-covers\versions\1\BookCovers\over-and-under-the-pond.jpg
over-the-hills-far-away,C:\Users\HP USER\.cache\kagglehub\datasets\thomaskonstantin\6000-children-and-teen-book-covers\versions\1\BookCovers\over-the-hills-far-away.jpg
over-the-line2,C:\Users\HP USER\.cache\kagglehub\datasets\thomaskonstantin\6000-children-and-teen-book-covers\versions\1\BookCovers\over-the-line2.jpg
overheard-in-a-tower-block,C:\Users\HP USER\.cache\kagglehub\datasets\thomaskonstantin\6000-children-and-teen-book-covers\versions\1\BookCovers\overheard-in-a-tower-block.jpg
owen-and-the-soldier,C:\Users\HP USER\.cache\kagglehub\datasets\thomaskonstantin\6000-children-and-teen-book-covers\versions\1\BookCovers\owen-and-the-soldier.jpg
owl-babies,C:\Users\HP USER\.cache\kagglehub\datasets\thomaskonstantin\6000-children-and-teen-book-covers\versions\1\BookCovers\owl-babies.jpg
owl-service,C:\Users\HP USER\.cache\kagglehub\datasets\thomaskonstantin\6000-children-and-teen-book-covers\versions\1\BookCovers\owl-service.jpg
oxford-roald-dahl-dictionary,C:\Users\HP USER\.cache\kagglehub\datasets\thomaskonstantin\6000-children-and-teen-book-covers\versions\1\BookCovers\oxford-roald-dahl-dictionary.jpg
p-p,C:\Users\HP USER\.cache\kagglehub\datasets\thomaskonstantin\6000-children-and-teen-book-covers\versions\1\BookCovers\p-p.jpg
pablo-and-the-noisy-party,C:\Users\HP USER\.cache\kagglehub\datasets\thomaskonstantin\6000-children-and-teen-book-covers\versions\1\BookCovers\pablo-and-the-noisy-party.jpg
pablo-jane-and-the-hot-air-contraption,C:\Users\HP USER\.cache\kagglehub\datasets\thomaskonstantin\6000-children-and-teen-book-covers\versions\1\BookCovers\pablo-jane-and-the-hot-air-contraption.jpg
pablo-the-ar,C:\Users\HP USER\.cache\kagglehub\datasets\thomaskonstantin\6000-children-and-teen-book-covers\versions\1\BookCovers\pablo-the-ar.jpg
paddington,C:\Users\HP USER\.cache\kagglehub\datasets\thomaskonstantin\6000-children-and-teen-book-covers\versions\1\BookCovers\paddington.jpg
paddingtonhere-now,C:\Users\HP USER\.cache\kagglehub\datasets\thomaskonstantin\6000-children-and-teen-book-covers\versions\1\BookCovers\paddingtonhere-now.jpg
paddingtoninthegarden,C:\Users\HP USER\.cache\kagglehub\datasets\thomaskonstantin\6000-children-and-teen-book-covers\versions\1\BookCovers\paddingtoninthegarden.jpg
pairs-in-the-garden,C:\Users\HP USER\.cache\kagglehub\datasets\thomaskonstantin\6000-children-and-teen-book-covers\versions\1\BookCovers\pairs-in-the-garden.jpg
panda-at-the-door,C:\Users\HP USER\.cache\kagglehub\datasets\thomaskonstantin\6000-children-and-teen-book-covers\versions\1\BookCovers\panda-at-the-door.jpg
panther,C:\Users\HP USER\.cache\kagglehub\datasets\thomaskonstantin\6000-children-and-teen-book-covers\versions\1\BookCovers\panther.jpg
pants-are-everything,C:\Users\HP USER\.cache\kagglehub\datasets\thomaskonstantin\6000-children-and-teen-book-covers\versions\1\BookCovers\pants-are-everything.jpg
pants,C:\Users\HP USER\.cache\kagglehub\datasets\thomaskonstantin\6000-children-and-teen-book-covers\versions\1\BookCovers\pants.jpg
papa-penguin,C:\Users\HP USER\.cache\kagglehub\datasets\thomaskonstantin\6000-children-and-teen-book-covers\versions\1\BookCovers\papa-penguin.jpg
paper-avalanche,C:\Users\HP USER\.cache\kagglehub\datasets\thomaskonstantin\6000-children-and-teen-book-covers\versions\1\BookCovers\paper-avalanche.jpg
paper-weights,C:\Users\HP USER\.cache\kagglehub\datasets\thomaskonstantin\6000-children-and-teen-book-covers\versions\1\BookCovers\paper-weights.jpg
paperdolls,C:\Users\HP USER\.cache\kagglehub\datasets\thomaskonstantin\6000-children-and-teen-book-covers\versions\1\BookCovers\paperdolls.jpg
paradise-bird,C:\Users\HP USER\.cache\kagglehub\datasets\thomaskonstantin\6000-children-and-teen-book-covers\versions\1\BookCovers\paradise-bird.jpg
party-for-dads,C:\Users\HP USER\.cache\kagglehub\datasets\thomaskonstantin\6000-children-and-teen-book-covers\versions\1\BookCovers\party-for-dads.jpg
pat-a-cake-nursery-rhymes,C:\Users\HP USER\.cache\kagglehub\datasets\thomaskonstantin\6000-children-and-teen-book-covers\versions\1\BookCovers\pat-a-cake-nursery-rhymes.jpg
pathfinders,C:\Users\HP USER\.cache\kagglehub\datasets\thomaskonstantin\6000-children-and-teen-book-covers\versions\1\BookCovers\pathfinders.jpg
patina,C:\Users\HP USER\.cache\kagglehub\datasets\thomaskonstantin\6000-children-and-teen-book-covers\versions\1\BookCovers\patina.jpg
patrick,C:\Users\HP USER\.cache\kagglehub\datasets\thomaskonstantin\6000-children-and-teen-book-covers\versions\1\BookCovers\patrick.jpg
paws-off-my-book,C:\Users\HP USER\.cache\kagglehub\datasets\thomaskonstantin\6000-children-and-teen-book-covers\versions\1\BookCovers\paws-off-my-book.jpg
pax,C:\Users\HP USER\.cache\kagglehub\datasets\thomaskonstantin\6000-children-and-teen-book-covers\versions\1\BookCovers\pax.jpg
pb,C:\Users\HP USER\.cache\kagglehub\datasets\thomaskonstantin\6000-children-and-teen-book-covers\versions\1\BookCovers\pb.jpg
peace-and-conflict,C:\Users\HP USER\.cache\kagglehub\datasets\thomaskonstantin\6000-children-and-teen-book-covers\versions\1\BookCovers\peace-and-conflict.jpg
peace-and-me,C:\Users\HP USER\.cache\kagglehub\datasets\thomaskonstantin\6000-children-and-teen-book-covers\versions\1\BookCovers\peace-and-me.jpg
peace-at-last2,C:\Users\HP USER\.cache\kagglehub\datasets\thomaskonstantin\6000-children-and-teen-book-covers\versions\1\BookCovers\peace-at-last2.jpg
peace-maker,C:\Users\HP USER\.cache\kagglehub\datasets\thomaskonstantin\6000-children-and-teen-book-covers\versions\1\BookCovers\peace-maker.jpg
peanut-butter-and-jelly,C:\Users\HP USER\.cache\kagglehub\datasets\thomaskonstantin\6000-children-and-teen-book-covers\versions\1\BookCovers\peanut-butter-and-jelly.jpg
peas-book-of-holidays2,C:\Users\HP USER\.cache\kagglehub\datasets\thomaskonstantin\6000-children-and-teen-book-covers\versions\1\BookCovers\peas-book-of-holidays2.jpg
peck-peck-peck,C:\Users\HP USER\.cache\kagglehub\datasets\thomaskonstantin\6000-children-and-teen-book-covers\versions\1\BookCovers\peck-peck-peck.jpg
peek-a-boo-baby-animals,C:\Users\HP USER\.cache\kagglehub\datasets\thomaskonstantin\6000-children-and-teen-book-covers\versions\1\BookCovers\peek-a-boo-baby-animals.jpg
peek-a-boo-nursery-games,C:\Users\HP USER\.cache\kagglehub\datasets\thomaskonstantin\6000-children-and-teen-book-covers\versions\1\BookCovers\peek-a-boo-nursery-games.jpg
peek-through-around-town,C:\Users\HP USER\.cache\kagglehub\datasets\thomaskonstantin\6000-children-and-teen-book-covers\versions\1\BookCovers\peek-through-around-town.jpg
peek-through-jobs-we-do,C:\Users\HP USER\.cache\kagglehub\datasets\thomaskonstantin\6000-children-and-teen-book-covers\versions\1\BookCovers\peek-through-jobs-we-do.jpg
peekaboo-apple,C:\Users\HP USER\.cache\kagglehub\datasets\thomaskonstantin\6000-children-and-teen-book-covers\versions\1\BookCovers\peekaboo-apple.jpg
peekaboo-bear,C:\Users\HP USER\.cache\kagglehub\datasets\thomaskonstantin\6000-children-and-teen-book-covers\versions\1\BookCovers\peekaboo-bear.jpg
peekaboo-jungle,C:\Users\HP USER\.cache\kagglehub\datasets\thomaskonstantin\6000-children-and-teen-book-covers\versions\1\BookCovers\peekaboo-jungle.jpg
peekaboo-opposites,C:\Users\HP USER\.cache\kagglehub\datasets\thomaskonstantin\6000-children-and-teen-book-covers\versions\1\BookCovers\peekaboo-opposites.jpg
peekaboo-park,C:\Users\HP USER\.cache\kagglehub\datasets\thomaskonstantin\6000-children-and-teen-book-covers\versions\1\BookCovers\peekaboo-park.jpg
peep-inside-the-nighttime,C:\Users\HP USER\.cache\kagglehub\datasets\thomaskonstantin\6000-children-and-teen-book-covers\versions\1\BookCovers\peep-inside-the-nighttime.jpg
peepo,C:\Users\HP USER\.cache\kagglehub\datasets\thomaskonstantin\6000-children-and-teen-book-covers\versions\1\BookCovers\peepo.jpg
penalty-,C:\Users\HP USER\.cache\kagglehub\datasets\thomaskonstantin\6000-children-and-teen-book-covers\versions\1\BookCovers\penalty-.jpg
penderwicks,C:\Users\HP USER\.cache\kagglehub\datasets\thomaskonstantin\6000-children-and-teen-book-covers\versions\1\BookCovers\penderwicks.jpg
penguin-by-polly-dunbar,C:\Users\HP USER\.cache\kagglehub\datasets\thomaskonstantin\6000-children-and-teen-book-covers\versions\1\BookCovers\penguin-by-polly-dunbar.jpg
penguin-in-peril,C:\Users\HP USER\.cache\kagglehub\datasets\thomaskonstantin\6000-children-and-teen-book-covers\versions\1\BookCovers\penguin-in-peril.jpg
penguin-problems,C:\Users\HP USER\.cache\kagglehub\datasets\thomaskonstantin\6000-children-and-teen-book-covers\versions\1\BookCovers\penguin-problems.jpg
penguinwho,C:\Users\HP USER\.cache\kagglehub\datasets\thomaskonstantin\6000-children-and-teen-book-covers\versions\1\BookCovers\penguinwho.jpg
penny-dreadful-is-a-record-breaker,C:\Users\HP USER\.cache\kagglehub\datasets\thomaskonstantin\6000-children-and-teen-book-covers\versions\1\BookCovers\penny-dreadful-is-a-record-breaker.jpg
peppas-magical-unicorn,C:\Users\HP USER\.cache\kagglehub\datasets\thomaskonstantin\6000-children-and-teen-book-covers\versions\1\BookCovers\peppas-magical-unicorn.jpg
pepperpotbaby,C:\Users\HP USER\.cache\kagglehub\datasets\thomaskonstantin\6000-children-and-teen-book-covers\versions\1\BookCovers\pepperpotbaby.jpg
perfect-cover-small,C:\Users\HP USER\.cache\kagglehub\datasets\thomaskonstantin\6000-children-and-teen-book-covers\versions\1\BookCovers\perfect-cover-small.jpg
perfectly-ella,C:\Users\HP USER\.cache\kagglehub\datasets\thomaskonstantin\6000-children-and-teen-book-covers\versions\1\BookCovers\perfectly-ella.jpg
perfectly-norman,C:\Users\HP USER\.cache\kagglehub\datasets\thomaskonstantin\6000-children-and-teen-book-covers\versions\1\BookCovers\perfectly-norman.jpg
perfectly-polite-penguins,C:\Users\HP USER\.cache\kagglehub\datasets\thomaskonstantin\6000-children-and-teen-book-covers\versions\1\BookCovers\perfectly-polite-penguins.jpg
perijee-and-me,C:\Users\HP USER\.cache\kagglehub\datasets\thomaskonstantin\6000-children-and-teen-book-covers\versions\1\BookCovers\perijee-and-me.jpg
peril-en-pointe,C:\Users\HP USER\.cache\kagglehub\datasets\thomaskonstantin\6000-children-and-teen-book-covers\versions\1\BookCovers\peril-en-pointe.jpg
peril-in-paris,C:\Users\HP USER\.cache\kagglehub\datasets\thomaskonstantin\6000-children-and-teen-book-covers\versions\1\BookCovers\peril-in-paris.jpg
persepolis,C:\Users\HP USER\.cache\kagglehub\datasets\thomaskonstantin\6000-children-and-teen-book-covers\versions\1\BookCovers\persepolis.jpg
persist,C:\Users\HP USER\.cache\kagglehub\datasets\thomaskonstantin\6000-children-and-teen-book-covers\versions\1\BookCovers\persist.jpg
person-controller,C:\Users\HP USER\.cache\kagglehub\datasets\thomaskonstantin\6000-children-and-teen-book-covers\versions\1\BookCovers\person-controller.jpg
peskyrat,C:\Users\HP USER\.cache\kagglehub\datasets\thomaskonstantin\6000-children-and-teen-book-covers\versions\1\BookCovers\peskyrat.jpg
pests,C:\Users\HP USER\.cache\kagglehub\datasets\thomaskonstantin\6000-children-and-teen-book-covers\versions\1\BookCovers\pests.jpg
petals-in-the-ashes,C:\Users\HP USER\.cache\kagglehub\datasets\thomaskonstantin\6000-children-and-teen-book-covers\versions\1\BookCovers\petals-in-the-ashes.jpg
pete-cat-four-groovy-buttons,C:\Users\HP USER\.cache\kagglehub\datasets\thomaskonstantin\6000-children-and-teen-book-covers\versions\1\BookCovers\pete-cat-four-groovy-buttons.jpg
pete-with-no-pants,C:\Users\HP USER\.cache\kagglehub\datasets\thomaskonstantin\6000-children-and-teen-book-covers\versions\1\BookCovers\pete-with-no-pants.jpg
peter-pan-in-scarlet,C:\Users\HP USER\.cache\kagglehub\datasets\thomaskonstantin\6000-children-and-teen-book-covers\versions\1\BookCovers\peter-pan-in-scarlet.jpg
peter-pan,C:\Users\HP USER\.cache\kagglehub\datasets\thomaskonstantin\6000-children-and-teen-book-covers\versions\1\BookCovers\peter-pan.jpg
peter-the-penguin-pioneer,C:\Users\HP USER\.cache\kagglehub\datasets\thomaskonstantin\6000-children-and-teen-book-covers\versions\1\BookCovers\peter-the-penguin-pioneer.jpg
petr-horacek,C:\Users\HP USER\.cache\kagglehub\datasets\thomaskonstantin\6000-children-and-teen-book-covers\versions\1\BookCovers\petr-horacek.jpg
pets,C:\Users\HP USER\.cache\kagglehub\datasets\thomaskonstantin\6000-children-and-teen-book-covers\versions\1\BookCovers\pets.jpg
pharaoh-s-fate,C:\Users\HP USER\.cache\kagglehub\datasets\thomaskonstantin\6000-children-and-teen-book-covers\versions\1\BookCovers\pharaoh-s-fate.jpg
philippa-fisher-and-the-stone-fairys-promise,C:\Users\HP USER\.cache\kagglehub\datasets\thomaskonstantin\6000-children-and-teen-book-covers\versions\1\BookCovers\philippa-fisher-and-the-stone-fairys-promise.jpg
philomena-jessie-hall,C:\Users\HP USER\.cache\kagglehub\datasets\thomaskonstantin\6000-children-and-teen-book-covers\versions\1\BookCovers\philomena-jessie-hall.jpg
phoenix-rising,C:\Users\HP USER\.cache\kagglehub\datasets\thomaskonstantin\6000-children-and-teen-book-covers\versions\1\BookCovers\phoenix-rising.jpg
picasso,C:\Users\HP USER\.cache\kagglehub\datasets\thomaskonstantin\6000-children-and-teen-book-covers\versions\1\BookCovers\picasso.jpg
pick-a-pine-tree,C:\Users\HP USER\.cache\kagglehub\datasets\thomaskonstantin\6000-children-and-teen-book-covers\versions\1\BookCovers\pick-a-pine-tree.jpg
pick-a-pumpkin,C:\Users\HP USER\.cache\kagglehub\datasets\thomaskonstantin\6000-children-and-teen-book-covers\versions\1\BookCovers\pick-a-pumpkin.jpg
picklewitch-and-jack,C:\Users\HP USER\.cache\kagglehub\datasets\thomaskonstantin\6000-children-and-teen-book-covers\versions\1\BookCovers\picklewitch-and-jack.jpg
picnic,C:\Users\HP USER\.cache\kagglehub\datasets\thomaskonstantin\6000-children-and-teen-book-covers\versions\1\BookCovers\picnic.jpg
picture-me-goned,C:\Users\HP USER\.cache\kagglehub\datasets\thomaskonstantin\6000-children-and-teen-book-covers\versions\1\BookCovers\picture-me-goned.jpg
pie-in-the-sky,C:\Users\HP USER\.cache\kagglehub\datasets\thomaskonstantin\6000-children-and-teen-book-covers\versions\1\BookCovers\pie-in-the-sky.jpg
pig-and-small,C:\Users\HP USER\.cache\kagglehub\datasets\thomaskonstantin\6000-children-and-teen-book-covers\versions\1\BookCovers\pig-and-small.jpg
pigeon-pi,C:\Users\HP USER\.cache\kagglehub\datasets\thomaskonstantin\6000-children-and-teen-book-covers\versions\1\BookCovers\pigeon-pi.jpg
pigeon-spy,C:\Users\HP USER\.cache\kagglehub\datasets\thomaskonstantin\6000-children-and-teen-book-covers\versions\1\BookCovers\pigeon-spy.jpg
pigeonwantpuppy,C:\Users\HP USER\.cache\kagglehub\datasets\thomaskonstantin\6000-children-and-teen-book-covers\versions\1\BookCovers\pigeonwantpuppy.jpg
piggy-handsome,C:\Users\HP USER\.cache\kagglehub\datasets\thomaskonstantin\6000-children-and-teen-book-covers\versions\1\BookCovers\piggy-handsome.jpg
piggybook,C:\Users\HP USER\.cache\kagglehub\datasets\thomaskonstantin\6000-children-and-teen-book-covers\versions\1\BookCovers\piggybook.jpg
pigheart-boy,C:\Users\HP USER\.cache\kagglehub\datasets\thomaskonstantin\6000-children-and-teen-book-covers\versions\1\BookCovers\pigheart-boy.jpg
piglet-called-truffle,C:\Users\HP USER\.cache\kagglehub\datasets\thomaskonstantin\6000-children-and-teen-book-covers\versions\1\BookCovers\piglet-called-truffle.jpg
pigsticks-and-harold-lost-in-time,C:\Users\HP USER\.cache\kagglehub\datasets\thomaskonstantin\6000-children-and-teen-book-covers\versions\1\BookCovers\pigsticks-and-harold-lost-in-time.jpg
pike,C:\Users\HP USER\.cache\kagglehub\datasets\thomaskonstantin\6000-children-and-teen-book-covers\versions\1\BookCovers\pike.jpg
pink-,C:\Users\HP USER\.cache\kagglehub\datasets\thomaskonstantin\6000-children-and-teen-book-covers\versions\1\BookCovers\pink-.jpg
pinocchio,C:\Users\HP USER\.cache\kagglehub\datasets\thomaskonstantin\6000-children-and-teen-book-covers\versions\1\BookCovers\pinocchio.jpg
pip-and-posy-the-christmas-tree,C:\Users\HP USER\.cache\kagglehub\datasets\thomaskonstantin\6000-children-and-teen-book-covers\versions\1\BookCovers\pip-and-posy-the-christmas-tree.jpg
pip-posy-bedtime-frog,C:\Users\HP USER\.cache\kagglehub\datasets\thomaskonstantin\6000-children-and-teen-book-covers\versions\1\BookCovers\pip-posy-bedtime-frog.jpg
pip-posy-little-puddle,C:\Users\HP USER\.cache\kagglehub\datasets\thomaskonstantin\6000-children-and-teen-book-covers\versions\1\BookCovers\pip-posy-little-puddle.jpg
pip-posy-snowy-day,C:\Users\HP USER\.cache\kagglehub\datasets\thomaskonstantin\6000-children-and-teen-book-covers\versions\1\BookCovers\pip-posy-snowy-day.jpg
pippi,C:\Users\HP USER\.cache\kagglehub\datasets\thomaskonstantin\6000-children-and-teen-book-covers\versions\1\BookCovers\pippi.jpg
pippilongstocking,C:\Users\HP USER\.cache\kagglehub\datasets\thomaskonstantin\6000-children-and-teen-book-covers\versions\1\BookCovers\pippilongstocking.jpg
pirate-blunderbeard,C:\Users\HP USER\.cache\kagglehub\datasets\thomaskonstantin\6000-children-and-teen-book-covers\versions\1\BookCovers\pirate-blunderbeard.jpg
pirate-pete-a-changethestory-book,C:\Users\HP USER\.cache\kagglehub\datasets\thomaskonstantin\6000-children-and-teen-book-covers\versions\1\BookCovers\pirate-pete-a-changethestory-book.jpg
pirate-stew,C:\Users\HP USER\.cache\kagglehub\datasets\thomaskonstantin\6000-children-and-teen-book-covers\versions\1\BookCovers\pirate-stew.jpg
pirates-dead-mens-tales,C:\Users\HP USER\.cache\kagglehub\datasets\thomaskonstantin\6000-children-and-teen-book-covers\versions\1\BookCovers\pirates-dead-mens-tales.jpg
pirates,C:\Users\HP USER\.cache\kagglehub\datasets\thomaskonstantin\6000-children-and-teen-book-covers\versions\1\BookCovers\pirates.jpg
pizazz,C:\Users\HP USER\.cache\kagglehub\datasets\thomaskonstantin\6000-children-and-teen-book-covers\versions\1\BookCovers\pizazz.jpg
pizza-cake,C:\Users\HP USER\.cache\kagglehub\datasets\thomaskonstantin\6000-children-and-teen-book-covers\versions\1\BookCovers\pizza-cake.jpg
pizzasaurus-rex,C:\Users\HP USER\.cache\kagglehub\datasets\thomaskonstantin\6000-children-and-teen-book-covers\versions\1\BookCovers\pizzasaurus-rex.jpg
plain-tales-from-the-hills,C:\Users\HP USER\.cache\kagglehub\datasets\thomaskonstantin\6000-children-and-teen-book-covers\versions\1\BookCovers\plain-tales-from-the-hills.jpg
planet-awesome,C:\Users\HP USER\.cache\kagglehub\datasets\thomaskonstantin\6000-children-and-teen-book-covers\versions\1\BookCovers\planet-awesome.jpg
planet-omar---accidental-super-spy,C:\Users\HP USER\.cache\kagglehub\datasets\thomaskonstantin\6000-children-and-teen-book-covers\versions\1\BookCovers\planet-omar---accidental-super-spy.jpg
planet-omar---incredible-rescue-mission,C:\Users\HP USER\.cache\kagglehub\datasets\thomaskonstantin\6000-children-and-teen-book-covers\versions\1\BookCovers\planet-omar---incredible-rescue-mission.jpg
planet-omar-accidental-trouble-magnet,C:\Users\HP USER\.cache\kagglehub\datasets\thomaskonstantin\6000-children-and-teen-book-covers\versions\1\BookCovers\planet-omar-accidental-trouble-magnet.jpg
planet-rescue,C:\Users\HP USER\.cache\kagglehub\datasets\thomaskonstantin\6000-children-and-teen-book-covers\versions\1\BookCovers\planet-rescue.jpg
planet-stan,C:\Users\HP USER\.cache\kagglehub\datasets\thomaskonstantin\6000-children-and-teen-book-covers\versions\1\BookCovers\planet-stan.jpg
planetarium,C:\Users\HP USER\.cache\kagglehub\datasets\thomaskonstantin\6000-children-and-teen-book-covers\versions\1\BookCovers\planetarium.jpg
plastic-sucks,C:\Users\HP USER\.cache\kagglehub\datasets\thomaskonstantin\6000-children-and-teen-book-covers\versions\1\BookCovers\plastic-sucks.jpg
play-the-shape-game,C:\Users\HP USER\.cache\kagglehub\datasets\thomaskonstantin\6000-children-and-teen-book-covers\versions\1\BookCovers\play-the-shape-game.jpg
playing-atari-with-saddam-hussein,C:\Users\HP USER\.cache\kagglehub\datasets\thomaskonstantin\6000-children-and-teen-book-covers\versions\1\BookCovers\playing-atari-with-saddam-hussein.jpg
playing-with-fire,C:\Users\HP USER\.cache\kagglehub\datasets\thomaskonstantin\6000-children-and-teen-book-covers\versions\1\BookCovers\playing-with-fire.jpg
playing-with-phyre,C:\Users\HP USER\.cache\kagglehub\datasets\thomaskonstantin\6000-children-and-teen-book-covers\versions\1\BookCovers\playing-with-phyre.jpg
playingwithfire,C:\Users\HP USER\.cache\kagglehub\datasets\thomaskonstantin\6000-children-and-teen-book-covers\versions\1\BookCovers\playingwithfire.jpg
playtime,C:\Users\HP USER\.cache\kagglehub\datasets\thomaskonstantin\6000-children-and-teen-book-covers\versions\1\BookCovers\playtime.jpg
please-mr-panda,C:\Users\HP USER\.cache\kagglehub\datasets\thomaskonstantin\6000-children-and-teen-book-covers\versions\1\BookCovers\please-mr-panda.jpg
pobl-y-pants,C:\Users\HP USER\.cache\kagglehub\datasets\thomaskonstantin\6000-children-and-teen-book-covers\versions\1\BookCovers\pobl-y-pants.jpg
podkin-paperback,C:\Users\HP USER\.cache\kagglehub\datasets\thomaskonstantin\6000-children-and-teen-book-covers\versions\1\BookCovers\podkin-paperback.jpg
poems-aloud,C:\Users\HP USER\.cache\kagglehub\datasets\thomaskonstantin\6000-children-and-teen-book-covers\versions\1\BookCovers\poems-aloud.jpg
poetry-for-a-change,C:\Users\HP USER\.cache\kagglehub\datasets\thomaskonstantin\6000-children-and-teen-book-covers\versions\1\BookCovers\poetry-for-a-change.jpg
point-blancz,C:\Users\HP USER\.cache\kagglehub\datasets\thomaskonstantin\6000-children-and-teen-book-covers\versions\1\BookCovers\point-blancz.jpg
polar-bears-underwear,C:\Users\HP USER\.cache\kagglehub\datasets\thomaskonstantin\6000-children-and-teen-book-covers\versions\1\BookCovers\polar-bears-underwear.jpg
polar-survival-handbook,C:\Users\HP USER\.cache\kagglehub\datasets\thomaskonstantin\6000-children-and-teen-book-covers\versions\1\BookCovers\polar-survival-handbook.jpg
polarxpress,C:\Users\HP USER\.cache\kagglehub\datasets\thomaskonstantin\6000-children-and-teen-book-covers\versions\1\BookCovers\polarxpress.jpg
politics-for-beginners-cover,C:\Users\HP USER\.cache\kagglehub\datasets\thomaskonstantin\6000-children-and-teen-book-covers\versions\1\BookCovers\politics-for-beginners-cover.jpg
polly-parrot-picks-a-pirate,C:\Users\HP USER\.cache\kagglehub\datasets\thomaskonstantin\6000-children-and-teen-book-covers\versions\1\BookCovers\polly-parrot-picks-a-pirate.jpg
polly-s-pink-pyjamas,C:\Users\HP USER\.cache\kagglehub\datasets\thomaskonstantin\6000-children-and-teen-book-covers\versions\1\BookCovers\polly-s-pink-pyjamas.jpg
pom-and-pim,C:\Users\HP USER\.cache\kagglehub\datasets\thomaskonstantin\6000-children-and-teen-book-covers\versions\1\BookCovers\pom-and-pim.jpg
pony-on-the-twelfth-floor,C:\Users\HP USER\.cache\kagglehub\datasets\thomaskonstantin\6000-children-and-teen-book-covers\versions\1\BookCovers\pony-on-the-twelfth-floor.jpg
poo-a-natural-history-of-the-unmentionable,C:\Users\HP USER\.cache\kagglehub\datasets\thomaskonstantin\6000-children-and-teen-book-covers\versions\1\BookCovers\poo-a-natural-history-of-the-unmentionable.jpg
poor-little-rabbit,C:\Users\HP USER\.cache\kagglehub\datasets\thomaskonstantin\6000-children-and-teen-book-covers\versions\1\BookCovers\poor-little-rabbit.jpg
pop-up-peekaboo-space,C:\Users\HP USER\.cache\kagglehub\datasets\thomaskonstantin\6000-children-and-teen-book-covers\versions\1\BookCovers\pop-up-peekaboo-space.jpg
poppy-field,C:\Users\HP USER\.cache\kagglehub\datasets\thomaskonstantin\6000-children-and-teen-book-covers\versions\1\BookCovers\poppy-field.jpg
poppy-goes-wild,C:\Users\HP USER\.cache\kagglehub\datasets\thomaskonstantin\6000-children-and-teen-book-covers\versions\1\BookCovers\poppy-goes-wild.jpg
poppy-the-police-horse,C:\Users\HP USER\.cache\kagglehub\datasets\thomaskonstantin\6000-children-and-teen-book-covers\versions\1\BookCovers\poppy-the-police-horse.jpg
postcards-from-no-mans-lands,C:\Users\HP USER\.cache\kagglehub\datasets\thomaskonstantin\6000-children-and-teen-book-covers\versions\1\BookCovers\postcards-from-no-mans-lands.jpg
postmanbear,C:\Users\HP USER\.cache\kagglehub\datasets\thomaskonstantin\6000-children-and-teen-book-covers\versions\1\BookCovers\postmanbear.jpg
potkin-and-stubbs,C:\Users\HP USER\.cache\kagglehub\datasets\thomaskonstantin\6000-children-and-teen-book-covers\versions\1\BookCovers\potkin-and-stubbs.jpg
powerof6,C:\Users\HP USER\.cache\kagglehub\datasets\thomaskonstantin\6000-children-and-teen-book-covers\versions\1\BookCovers\powerof6.jpg
predatorsgold,C:\Users\HP USER\.cache\kagglehub\datasets\thomaskonstantin\6000-children-and-teen-book-covers\versions\1\BookCovers\predatorsgold.jpg
prehistoric-actual-size-cover,C:\Users\HP USER\.cache\kagglehub\datasets\thomaskonstantin\6000-children-and-teen-book-covers\versions\1\BookCovers\prehistoric-actual-size-cover.jpg
pretend-cows,C:\Users\HP USER\.cache\kagglehub\datasets\thomaskonstantin\6000-children-and-teen-book-covers\versions\1\BookCovers\pretend-cows.jpg
pretty-funny,C:\Users\HP USER\.cache\kagglehub\datasets\thomaskonstantin\6000-children-and-teen-book-covers\versions\1\BookCovers\pretty-funny.jpg
pretty-monsters,C:\Users\HP USER\.cache\kagglehub\datasets\thomaskonstantin\6000-children-and-teen-book-covers\versions\1\BookCovers\pretty-monsters.jpg
pretty-thing,C:\Users\HP USER\.cache\kagglehub\datasets\thomaskonstantin\6000-children-and-teen-book-covers\versions\1\BookCovers\pretty-thing.jpg
previously,C:\Users\HP USER\.cache\kagglehub\datasets\thomaskonstantin\6000-children-and-teen-book-covers\versions\1\BookCovers\previously.jpg
prince-cinders,C:\Users\HP USER\.cache\kagglehub\datasets\thomaskonstantin\6000-children-and-teen-book-covers\versions\1\BookCovers\prince-cinders.jpg
prince-of-mist,C:\Users\HP USER\.cache\kagglehub\datasets\thomaskonstantin\6000-children-and-teen-book-covers\versions\1\BookCovers\prince-of-mist.jpg
princeless,C:\Users\HP USER\.cache\kagglehub\datasets\thomaskonstantin\6000-children-and-teen-book-covers\versions\1\BookCovers\princeless.jpg
princess-and-foal,C:\Users\HP USER\.cache\kagglehub\datasets\thomaskonstantin\6000-children-and-teen-book-covers\versions\1\BookCovers\princess-and-foal.jpg
princess-and-the-pony,C:\Users\HP USER\.cache\kagglehub\datasets\thomaskonstantin\6000-children-and-teen-book-covers\versions\1\BookCovers\princess-and-the-pony.jpg
princess-arabella-and-the-giant-cake,C:\Users\HP USER\.cache\kagglehub\datasets\thomaskonstantin\6000-children-and-teen-book-covers\versions\1\BookCovers\princess-arabella-and-the-giant-cake.jpg
princess-arabella-goes-to-school,C:\Users\HP USER\.cache\kagglehub\datasets\thomaskonstantin\6000-children-and-teen-book-covers\versions\1\BookCovers\princess-arabella-goes-to-school.jpg
princess-arabella-is-a-big-sister,C:\Users\HP USER\.cache\kagglehub\datasets\thomaskonstantin\6000-children-and-teen-book-covers\versions\1\BookCovers\princess-arabella-is-a-big-sister.jpg
princess-diaries,C:\Users\HP USER\.cache\kagglehub\datasets\thomaskonstantin\6000-children-and-teen-book-covers\versions\1\BookCovers\princess-diaries.jpg
princess-grace,C:\Users\HP USER\.cache\kagglehub\datasets\thomaskonstantin\6000-children-and-teen-book-covers\versions\1\BookCovers\princess-grace.jpg
princess-kevin,C:\Users\HP USER\.cache\kagglehub\datasets\thomaskonstantin\6000-children-and-teen-book-covers\versions\1\BookCovers\princess-kevin.jpg
princess-mirror-belle-dragon-pox,C:\Users\HP USER\.cache\kagglehub\datasets\thomaskonstantin\6000-children-and-teen-book-covers\versions\1\BookCovers\princess-mirror-belle-dragon-pox.jpg
princess-mirrorbelle,C:\Users\HP USER\.cache\kagglehub\datasets\thomaskonstantin\6000-children-and-teen-book-covers\versions\1\BookCovers\princess-mirrorbelle.jpg
princess-poppy-a-true-princess,C:\Users\HP USER\.cache\kagglehub\datasets\thomaskonstantin\6000-children-and-teen-book-covers\versions\1\BookCovers\princess-poppy-a-true-princess.jpg
princess-primrose,C:\Users\HP USER\.cache\kagglehub\datasets\thomaskonstantin\6000-children-and-teen-book-covers\versions\1\BookCovers\princess-primrose.jpg
princess-smartypants-breaks-the-rules,C:\Users\HP USER\.cache\kagglehub\datasets\thomaskonstantin\6000-children-and-teen-book-covers\versions\1\BookCovers\princess-smartypants-breaks-the-rules.jpg
princess-smartypants,C:\Users\HP USER\.cache\kagglehub\datasets\thomaskonstantin\6000-children-and-teen-book-covers\versions\1\BookCovers\princess-smartypants.jpg
princess-xmas,C:\Users\HP USER\.cache\kagglehub\datasets\thomaskonstantin\6000-children-and-teen-book-covers\versions\1\BookCovers\princess-xmas.jpg
princessaasta,C:\Users\HP USER\.cache\kagglehub\datasets\thomaskonstantin\6000-children-and-teen-book-covers\versions\1\BookCovers\princessaasta.jpg
prisoner-of-ice-and-snow,C:\Users\HP USER\.cache\kagglehub\datasets\thomaskonstantin\6000-children-and-teen-book-covers\versions\1\BookCovers\prisoner-of-ice-and-snow.jpg
prisoners-of-geography,C:\Users\HP USER\.cache\kagglehub\datasets\thomaskonstantin\6000-children-and-teen-book-covers\versions\1\BookCovers\prisoners-of-geography.jpg
private-peaceful,C:\Users\HP USER\.cache\kagglehub\datasets\thomaskonstantin\6000-children-and-teen-book-covers\versions\1\BookCovers\private-peaceful.jpg
productimage-7558367-1-,C:\Users\HP USER\.cache\kagglehub\datasets\thomaskonstantin\6000-children-and-teen-book-covers\versions\1\BookCovers\productimage-7558367-1-.jpg
professional-crocodile,C:\Users\HP USER\.cache\kagglehub\datasets\thomaskonstantin\6000-children-and-teen-book-covers\versions\1\BookCovers\professional-crocodile.jpg
professor-astro-cats-deep-sea-voyage,C:\Users\HP USER\.cache\kagglehub\datasets\thomaskonstantin\6000-children-and-teen-book-covers\versions\1\BookCovers\professor-astro-cats-deep-sea-voyage.jpg
professor-astro-cats-human-body-odyssey,C:\Users\HP USER\.cache\kagglehub\datasets\thomaskonstantin\6000-children-and-teen-book-covers\versions\1\BookCovers\professor-astro-cats-human-body-odyssey.jpg
professor-wooford-mcpaws-history-of-cars2,C:\Users\HP USER\.cache\kagglehub\datasets\thomaskonstantin\6000-children-and-teen-book-covers\versions\1\BookCovers\professor-wooford-mcpaws-history-of-cars2.jpg
proud-of-me,C:\Users\HP USER\.cache\kagglehub\datasets\thomaskonstantin\6000-children-and-teen-book-covers\versions\1\BookCovers\proud-of-me.jpg
puddle-pug,C:\Users\HP USER\.cache\kagglehub\datasets\thomaskonstantin\6000-children-and-teen-book-covers\versions\1\BookCovers\puddle-pug.jpg
puffin-baby-and-toddler-treasury,C:\Users\HP USER\.cache\kagglehub\datasets\thomaskonstantin\6000-children-and-teen-book-covers\versions\1\BookCovers\puffin-baby-and-toddler-treasury.jpg
pug-hug,C:\Users\HP USER\.cache\kagglehub\datasets\thomaskonstantin\6000-children-and-teen-book-covers\versions\1\BookCovers\pug-hug.jpg
pugs,C:\Users\HP USER\.cache\kagglehub\datasets\thomaskonstantin\6000-children-and-teen-book-covers\versions\1\BookCovers\pugs.jpg
pumpkin-grumpkin,C:\Users\HP USER\.cache\kagglehub\datasets\thomaskonstantin\6000-children-and-teen-book-covers\versions\1\BookCovers\pumpkin-grumpkin.jpg
pumpkin-heads,C:\Users\HP USER\.cache\kagglehub\datasets\thomaskonstantin\6000-children-and-teen-book-covers\versions\1\BookCovers\pumpkin-heads.jpg
pumpkin-soup,C:\Users\HP USER\.cache\kagglehub\datasets\thomaskonstantin\6000-children-and-teen-book-covers\versions\1\BookCovers\pumpkin-soup.jpg
puppy-academy-star-on-stormy-mountain,C:\Users\HP USER\.cache\kagglehub\datasets\thomaskonstantin\6000-children-and-teen-book-covers\versions\1\BookCovers\puppy-academy-star-on-stormy-mountain.jpg
purple-hibiscus,C:\Users\HP USER\.cache\kagglehub\datasets\thomaskonstantin\6000-children-and-teen-book-covers\versions\1\BookCovers\purple-hibiscus.jpg
puss-in-boots-2,C:\Users\HP USER\.cache\kagglehub\datasets\thomaskonstantin\6000-children-and-teen-book-covers\versions\1\BookCovers\puss-in-boots-2.jpg
put-your-botty-on-the-potty,C:\Users\HP USER\.cache\kagglehub\datasets\thomaskonstantin\6000-children-and-teen-book-covers\versions\1\BookCovers\put-your-botty-on-the-potty.jpg
q-pootle-5-in-space,C:\Users\HP USER\.cache\kagglehub\datasets\thomaskonstantin\6000-children-and-teen-book-covers\versions\1\BookCovers\q-pootle-5-in-space.jpg
q-pootle-5,C:\Users\HP USER\.cache\kagglehub\datasets\thomaskonstantin\6000-children-and-teen-book-covers\versions\1\BookCovers\q-pootle-5.jpg
qissat,C:\Users\HP USER\.cache\kagglehub\datasets\thomaskonstantin\6000-children-and-teen-book-covers\versions\1\BookCovers\qissat.jpg
queen-munch-and-queen-nibble,C:\Users\HP USER\.cache\kagglehub\datasets\thomaskonstantin\6000-children-and-teen-book-covers\versions\1\BookCovers\queen-munch-and-queen-nibble.jpg
queen-of-darkness,C:\Users\HP USER\.cache\kagglehub\datasets\thomaskonstantin\6000-children-and-teen-book-covers\versions\1\BookCovers\queen-of-darkness.jpg
queen-of-dreams,C:\Users\HP USER\.cache\kagglehub\datasets\thomaskonstantin\6000-children-and-teen-book-covers\versions\1\BookCovers\queen-of-dreams.jpg
queen-of-physics,C:\Users\HP USER\.cache\kagglehub\datasets\thomaskonstantin\6000-children-and-teen-book-covers\versions\1\BookCovers\queen-of-physics.jpg
queen-of-the-hanukkah-dosas,C:\Users\HP USER\.cache\kagglehub\datasets\thomaskonstantin\6000-children-and-teen-book-covers\versions\1\BookCovers\queen-of-the-hanukkah-dosas.jpg
queens-knickers,C:\Users\HP USER\.cache\kagglehub\datasets\thomaskonstantin\6000-children-and-teen-book-covers\versions\1\BookCovers\queens-knickers.jpg
queer-heroes,C:\Users\HP USER\.cache\kagglehub\datasets\thomaskonstantin\6000-children-and-teen-book-covers\versions\1\BookCovers\queer-heroes.jpg
quest,C:\Users\HP USER\.cache\kagglehub\datasets\thomaskonstantin\6000-children-and-teen-book-covers\versions\1\BookCovers\quest.jpg
question-everything,C:\Users\HP USER\.cache\kagglehub\datasets\thomaskonstantin\6000-children-and-teen-book-covers\versions\1\BookCovers\question-everything.jpg
quick-lets-get-out-of-here,C:\Users\HP USER\.cache\kagglehub\datasets\thomaskonstantin\6000-children-and-teen-book-covers\versions\1\BookCovers\quick-lets-get-out-of-here.jpg
quick-quack-quentin,C:\Users\HP USER\.cache\kagglehub\datasets\thomaskonstantin\6000-children-and-teen-book-covers\versions\1\BookCovers\quick-quack-quentin.jpg
quiet-music,C:\Users\HP USER\.cache\kagglehub\datasets\thomaskonstantin\6000-children-and-teen-book-covers\versions\1\BookCovers\quiet-music.jpg
quiet2,C:\Users\HP USER\.cache\kagglehub\datasets\thomaskonstantin\6000-children-and-teen-book-covers\versions\1\BookCovers\quiet2.jpg
r-is-for-russia,C:\Users\HP USER\.cache\kagglehub\datasets\thomaskonstantin\6000-children-and-teen-book-covers\versions\1\BookCovers\r-is-for-russia.jpg
rabbit-and-bear,C:\Users\HP USER\.cache\kagglehub\datasets\thomaskonstantin\6000-children-and-teen-book-covers\versions\1\BookCovers\rabbit-and-bear.jpg
rabbit-and-the-shadow,C:\Users\HP USER\.cache\kagglehub\datasets\thomaskonstantin\6000-children-and-teen-book-covers\versions\1\BookCovers\rabbit-and-the-shadow.jpg
rabbit-bright,C:\Users\HP USER\.cache\kagglehub\datasets\thomaskonstantin\6000-children-and-teen-book-covers\versions\1\BookCovers\rabbit-bright.jpg
rabbit-emily-brown,C:\Users\HP USER\.cache\kagglehub\datasets\thomaskonstantin\6000-children-and-teen-book-covers\versions\1\BookCovers\rabbit-emily-brown.jpg
rabbit-s-nap,C:\Users\HP USER\.cache\kagglehub\datasets\thomaskonstantin\6000-children-and-teen-book-covers\versions\1\BookCovers\rabbit-s-nap.jpg
rabbits-don-t-lay-eggs,C:\Users\HP USER\.cache\kagglehub\datasets\thomaskonstantin\6000-children-and-teen-book-covers\versions\1\BookCovers\rabbits-don-t-lay-eggs.jpg
rabbityness,C:\Users\HP USER\.cache\kagglehub\datasets\thomaskonstantin\6000-children-and-teen-book-covers\versions\1\BookCovers\rabbityness.jpg
race-to-the-frozen-north-the-matthew-henson-story,C:\Users\HP USER\.cache\kagglehub\datasets\thomaskonstantin\6000-children-and-teen-book-covers\versions\1\BookCovers\race-to-the-frozen-north-the-matthew-henson-story.jpg
race,C:\Users\HP USER\.cache\kagglehub\datasets\thomaskonstantin\6000-children-and-teen-book-covers\versions\1\BookCovers\race.jpg
rachelrileydiaries,C:\Users\HP USER\.cache\kagglehub\datasets\thomaskonstantin\6000-children-and-teen-book-covers\versions\1\BookCovers\rachelrileydiaries.jpg
radio-boy,C:\Users\HP USER\.cache\kagglehub\datasets\thomaskonstantin\6000-children-and-teen-book-covers\versions\1\BookCovers\radio-boy.jpg
radio-silence,C:\Users\HP USER\.cache\kagglehub\datasets\thomaskonstantin\6000-children-and-teen-book-covers\versions\1\BookCovers\radio-silence.jpg
rage-withind,C:\Users\HP USER\.cache\kagglehub\datasets\thomaskonstantin\6000-children-and-teen-book-covers\versions\1\BookCovers\rage-withind.jpg
railheads,C:\Users\HP USER\.cache\kagglehub\datasets\thomaskonstantin\6000-children-and-teen-book-covers\versions\1\BookCovers\railheads.jpg
railsea,C:\Users\HP USER\.cache\kagglehub\datasets\thomaskonstantin\6000-children-and-teen-book-covers\versions\1\BookCovers\railsea.jpg
railway-children,C:\Users\HP USER\.cache\kagglehub\datasets\thomaskonstantin\6000-children-and-teen-book-covers\versions\1\BookCovers\railway-children.jpg
rain-before-rainbows,C:\Users\HP USER\.cache\kagglehub\datasets\thomaskonstantin\6000-children-and-teen-book-covers\versions\1\BookCovers\rain-before-rainbows.jpg
rain-door,C:\Users\HP USER\.cache\kagglehub\datasets\thomaskonstantin\6000-children-and-teen-book-covers\versions\1\BookCovers\rain-door.jpg
rainbow-chameleon,C:\Users\HP USER\.cache\kagglehub\datasets\thomaskonstantin\6000-children-and-teen-book-covers\versions\1\BookCovers\rainbow-chameleon.jpg
rainbow-magic-jae-the-boy-band-fairy,C:\Users\HP USER\.cache\kagglehub\datasets\thomaskonstantin\6000-children-and-teen-book-covers\versions\1\BookCovers\rainbow-magic-jae-the-boy-band-fairy.jpg
raised-by-wolves,C:\Users\HP USER\.cache\kagglehub\datasets\thomaskonstantin\6000-children-and-teen-book-covers\versions\1\BookCovers\raised-by-wolves.jpg
raj-and-the-best-day-ever,C:\Users\HP USER\.cache\kagglehub\datasets\thomaskonstantin\6000-children-and-teen-book-covers\versions\1\BookCovers\raj-and-the-best-day-ever.jpg
ralf,C:\Users\HP USER\.cache\kagglehub\datasets\thomaskonstantin\6000-children-and-teen-book-covers\versions\1\BookCovers\ralf.jpg
ramadan-moon,C:\Users\HP USER\.cache\kagglehub\datasets\thomaskonstantin\6000-children-and-teen-book-covers\versions\1\BookCovers\ramadan-moon.jpg
rani-and-sukh,C:\Users\HP USER\.cache\kagglehub\datasets\thomaskonstantin\6000-children-and-teen-book-covers\versions\1\BookCovers\rani-and-sukh.jpg
raptors-of-paradise,C:\Users\HP USER\.cache\kagglehub\datasets\thomaskonstantin\6000-children-and-teen-book-covers\versions\1\BookCovers\raptors-of-paradise.jpg
rapunzel-to-the-rescue,C:\Users\HP USER\.cache\kagglehub\datasets\thomaskonstantin\6000-children-and-teen-book-covers\versions\1\BookCovers\rapunzel-to-the-rescue.jpg
rapunzel,C:\Users\HP USER\.cache\kagglehub\datasets\thomaskonstantin\6000-children-and-teen-book-covers\versions\1\BookCovers\rapunzel.jpg
rashford-rules,C:\Users\HP USER\.cache\kagglehub\datasets\thomaskonstantin\6000-children-and-teen-book-covers\versions\1\BookCovers\rashford-rules.jpg
rastamouse-and-da-micespace-mystery,C:\Users\HP USER\.cache\kagglehub\datasets\thomaskonstantin\6000-children-and-teen-book-covers\versions\1\BookCovers\rastamouse-and-da-micespace-mystery.jpg
rastamouse-and-the-crucial-plan,C:\Users\HP USER\.cache\kagglehub\datasets\thomaskonstantin\6000-children-and-teen-book-covers\versions\1\BookCovers\rastamouse-and-the-crucial-plan.jpg
rat,C:\Users\HP USER\.cache\kagglehub\datasets\thomaskonstantin\6000-children-and-teen-book-covers\versions\1\BookCovers\rat.jpg
ravenboys,C:\Users\HP USER\.cache\kagglehub\datasets\thomaskonstantin\6000-children-and-teen-book-covers\versions\1\BookCovers\ravenboys.jpg
ravenchild-snowwitch,C:\Users\HP USER\.cache\kagglehub\datasets\thomaskonstantin\6000-children-and-teen-book-covers\versions\1\BookCovers\ravenchild-snowwitch.jpg
ravensgate,C:\Users\HP USER\.cache\kagglehub\datasets\thomaskonstantin\6000-children-and-teen-book-covers\versions\1\BookCovers\ravensgate.jpg
ravis-roar,C:\Users\HP USER\.cache\kagglehub\datasets\thomaskonstantin\6000-children-and-teen-book-covers\versions\1\BookCovers\ravis-roar.jpg
raymond,C:\Users\HP USER\.cache\kagglehub\datasets\thomaskonstantin\6000-children-and-teen-book-covers\versions\1\BookCovers\raymond.jpg
read-me-and-laugh,C:\Users\HP USER\.cache\kagglehub\datasets\thomaskonstantin\6000-children-and-teen-book-covers\versions\1\BookCovers\read-me-and-laugh.jpg
read-me-like-a-book,C:\Users\HP USER\.cache\kagglehub\datasets\thomaskonstantin\6000-children-and-teen-book-covers\versions\1\BookCovers\read-me-like-a-book.jpg
read-the-book-lemmings,C:\Users\HP USER\.cache\kagglehub\datasets\thomaskonstantin\6000-children-and-teen-book-covers\versions\1\BookCovers\read-the-book-lemmings.jpg
ready-rabbit,C:\Users\HP USER\.cache\kagglehub\datasets\thomaskonstantin\6000-children-and-teen-book-covers\versions\1\BookCovers\ready-rabbit.jpg
ready-steady-mo,C:\Users\HP USER\.cache\kagglehub\datasets\thomaskonstantin\6000-children-and-teen-book-covers\versions\1\BookCovers\ready-steady-mo.jpg
real-life-disasters,C:\Users\HP USER\.cache\kagglehub\datasets\thomaskonstantin\6000-children-and-teen-book-covers\versions\1\BookCovers\real-life-disasters.jpg
real-life-mysteries,C:\Users\HP USER\.cache\kagglehub\datasets\thomaskonstantin\6000-children-and-teen-book-covers\versions\1\BookCovers\real-life-mysteries.jpg
reason-i-jump,C:\Users\HP USER\.cache\kagglehub\datasets\thomaskonstantin\6000-children-and-teen-book-covers\versions\1\BookCovers\reason-i-jump.jpg
rebel-cats,C:\Users\HP USER\.cache\kagglehub\datasets\thomaskonstantin\6000-children-and-teen-book-covers\versions\1\BookCovers\rebel-cats.jpg
rebel-dogs-heroic-tales-of-trusty-hounds,C:\Users\HP USER\.cache\kagglehub\datasets\thomaskonstantin\6000-children-and-teen-book-covers\versions\1\BookCovers\rebel-dogs-heroic-tales-of-trusty-hounds.jpg
rebel-heartd,C:\Users\HP USER\.cache\kagglehub\datasets\thomaskonstantin\6000-children-and-teen-book-covers\versions\1\BookCovers\rebel-heartd.jpg
rebel-sands,C:\Users\HP USER\.cache\kagglehub\datasets\thomaskonstantin\6000-children-and-teen-book-covers\versions\1\BookCovers\rebel-sands.jpg
rebound,C:\Users\HP USER\.cache\kagglehub\datasets\thomaskonstantin\6000-children-and-teen-book-covers\versions\1\BookCovers\rebound.jpg
red-cherry-red,C:\Users\HP USER\.cache\kagglehub\datasets\thomaskonstantin\6000-children-and-teen-book-covers\versions\1\BookCovers\red-cherry-red.jpg
red-leaves,C:\Users\HP USER\.cache\kagglehub\datasets\thomaskonstantin\6000-children-and-teen-book-covers\versions\1\BookCovers\red-leaves.jpg
red-queen,C:\Users\HP USER\.cache\kagglehub\datasets\thomaskonstantin\6000-children-and-teen-book-covers\versions\1\BookCovers\red-queen.jpg
red-red-red,C:\Users\HP USER\.cache\kagglehub\datasets\thomaskonstantin\6000-children-and-teen-book-covers\versions\1\BookCovers\red-red-red.jpg
red-rockets-and-rainbow-jelly,C:\Users\HP USER\.cache\kagglehub\datasets\thomaskonstantin\6000-children-and-teen-book-covers\versions\1\BookCovers\red-rockets-and-rainbow-jelly.jpg
red-stars,C:\Users\HP USER\.cache\kagglehub\datasets\thomaskonstantin\6000-children-and-teen-book-covers\versions\1\BookCovers\red-stars.jpg
refuge,C:\Users\HP USER\.cache\kagglehub\datasets\thomaskonstantin\6000-children-and-teen-book-covers\versions\1\BookCovers\refuge.jpg
refugee-boy,C:\Users\HP USER\.cache\kagglehub\datasets\thomaskonstantin\6000-children-and-teen-book-covers\versions\1\BookCovers\refugee-boy.jpg
reluctant-journal,C:\Users\HP USER\.cache\kagglehub\datasets\thomaskonstantin\6000-children-and-teen-book-covers\versions\1\BookCovers\reluctant-journal.jpg
remade,C:\Users\HP USER\.cache\kagglehub\datasets\thomaskonstantin\6000-children-and-teen-book-covers\versions\1\BookCovers\remade.jpg
rent-a-bridesmaid,C:\Users\HP USER\.cache\kagglehub\datasets\thomaskonstantin\6000-children-and-teen-book-covers\versions\1\BookCovers\rent-a-bridesmaid.jpg
replica,C:\Users\HP USER\.cache\kagglehub\datasets\thomaskonstantin\6000-children-and-teen-book-covers\versions\1\BookCovers\replica.jpg
res2,C:\Users\HP USER\.cache\kagglehub\datasets\thomaskonstantin\6000-children-and-teen-book-covers\versions\1\BookCovers\res2.jpg
respect,C:\Users\HP USER\.cache\kagglehub\datasets\thomaskonstantin\6000-children-and-teen-book-covers\versions\1\BookCovers\respect.jpg
retribution-fall,C:\Users\HP USER\.cache\kagglehub\datasets\thomaskonstantin\6000-children-and-teen-book-covers\versions\1\BookCovers\retribution-fall.jpg
return,C:\Users\HP USER\.cache\kagglehub\datasets\thomaskonstantin\6000-children-and-teen-book-covers\versions\1\BookCovers\return.jpg
revoltingrhymes,C:\Users\HP USER\.cache\kagglehub\datasets\thomaskonstantin\6000-children-and-teen-book-covers\versions\1\BookCovers\revoltingrhymes.jpg
revolver,C:\Users\HP USER\.cache\kagglehub\datasets\thomaskonstantin\6000-children-and-teen-book-covers\versions\1\BookCovers\revolver.jpg
rhinocorn-rules,C:\Users\HP USER\.cache\kagglehub\datasets\thomaskonstantin\6000-children-and-teen-book-covers\versions\1\BookCovers\rhinocorn-rules.jpg
rhinos,C:\Users\HP USER\.cache\kagglehub\datasets\thomaskonstantin\6000-children-and-teen-book-covers\versions\1\BookCovers\rhinos.jpg
rhyme-flies,C:\Users\HP USER\.cache\kagglehub\datasets\thomaskonstantin\6000-children-and-teen-book-covers\versions\1\BookCovers\rhyme-flies.jpg
rhythm-and-poetry,C:\Users\HP USER\.cache\kagglehub\datasets\thomaskonstantin\6000-children-and-teen-book-covers\versions\1\BookCovers\rhythm-and-poetry.jpg
rick,C:\Users\HP USER\.cache\kagglehub\datasets\thomaskonstantin\6000-children-and-teen-book-covers\versions\1\BookCovers\rick.jpg
riddle-of-the-runes,C:\Users\HP USER\.cache\kagglehub\datasets\thomaskonstantin\6000-children-and-teen-book-covers\versions\1\BookCovers\riddle-of-the-runes.jpg
ridic-,C:\Users\HP USER\.cache\kagglehub\datasets\thomaskonstantin\6000-children-and-teen-book-covers\versions\1\BookCovers\ridic-.jpg
ring-of-roses,C:\Users\HP USER\.cache\kagglehub\datasets\thomaskonstantin\6000-children-and-teen-book-covers\versions\1\BookCovers\ring-of-roses.jpg
riot,C:\Users\HP USER\.cache\kagglehub\datasets\thomaskonstantin\6000-children-and-teen-book-covers\versions\1\BookCovers\riot.jpg
rise-up-ordinary-kids-with-extraordinary-stories,C:\Users\HP USER\.cache\kagglehub\datasets\thomaskonstantin\6000-children-and-teen-book-covers\versions\1\BookCovers\rise-up-ordinary-kids-with-extraordinary-stories.jpg
rising-stars-new-young-voices-in-poetry,C:\Users\HP USER\.cache\kagglehub\datasets\thomaskonstantin\6000-children-and-teen-book-covers\versions\1\BookCovers\rising-stars-new-young-voices-in-poetry.jpg
river-of-ink-jacket-image,C:\Users\HP USER\.cache\kagglehub\datasets\thomaskonstantin\6000-children-and-teen-book-covers\versions\1\BookCovers\river-of-ink-jacket-image.jpg
riverkeep,C:\Users\HP USER\.cache\kagglehub\datasets\thomaskonstantin\6000-children-and-teen-book-covers\versions\1\BookCovers\riverkeep.jpg
rivers-of-ink-zenith,C:\Users\HP USER\.cache\kagglehub\datasets\thomaskonstantin\6000-children-and-teen-book-covers\versions\1\BookCovers\rivers-of-ink-zenith.jpg
roadobones,C:\Users\HP USER\.cache\kagglehub\datasets\thomaskonstantin\6000-children-and-teen-book-covers\versions\1\BookCovers\roadobones.jpg
roar-little-world-tiger-press,C:\Users\HP USER\.cache\kagglehub\datasets\thomaskonstantin\6000-children-and-teen-book-covers\versions\1\BookCovers\roar-little-world-tiger-press.jpg
roar-went-the-lion,C:\Users\HP USER\.cache\kagglehub\datasets\thomaskonstantin\6000-children-and-teen-book-covers\versions\1\BookCovers\roar-went-the-lion.jpg
roar,C:\Users\HP USER\.cache\kagglehub\datasets\thomaskonstantin\6000-children-and-teen-book-covers\versions\1\BookCovers\roar.jpg
robin-hood,C:\Users\HP USER\.cache\kagglehub\datasets\thomaskonstantin\6000-children-and-teen-book-covers\versions\1\BookCovers\robin-hood.jpg
robo-babies,C:\Users\HP USER\.cache\kagglehub\datasets\thomaskonstantin\6000-children-and-teen-book-covers\versions\1\BookCovers\robo-babies.jpg
robot-bluebird,C:\Users\HP USER\.cache\kagglehub\datasets\thomaskonstantin\6000-children-and-teen-book-covers\versions\1\BookCovers\robot-bluebird.jpg
robot-girl,C:\Users\HP USER\.cache\kagglehub\datasets\thomaskonstantin\6000-children-and-teen-book-covers\versions\1\BookCovers\robot-girl.jpg
robot-meet-the-machines-of-the-future,C:\Users\HP USER\.cache\kagglehub\datasets\thomaskonstantin\6000-children-and-teen-book-covers\versions\1\BookCovers\robot-meet-the-machines-of-the-future.jpg
robot-stop,C:\Users\HP USER\.cache\kagglehub\datasets\thomaskonstantin\6000-children-and-teen-book-covers\versions\1\BookCovers\robot-stop.jpg
robots-v-gorillas,C:\Users\HP USER\.cache\kagglehub\datasets\thomaskonstantin\6000-children-and-teen-book-covers\versions\1\BookCovers\robots-v-gorillas.jpg
rock-bottom-a-midsummer-nightmare,C:\Users\HP USER\.cache\kagglehub\datasets\thomaskonstantin\6000-children-and-teen-book-covers\versions\1\BookCovers\rock-bottom-a-midsummer-nightmare.jpg
rocketmole,C:\Users\HP USER\.cache\kagglehub\datasets\thomaskonstantin\6000-children-and-teen-book-covers\versions\1\BookCovers\rocketmole.jpg
rockoholic,C:\Users\HP USER\.cache\kagglehub\datasets\thomaskonstantin\6000-children-and-teen-book-covers\versions\1\BookCovers\rockoholic.jpg
roll-of-thunder-hear-my-cry,C:\Users\HP USER\.cache\kagglehub\datasets\thomaskonstantin\6000-children-and-teen-book-covers\versions\1\BookCovers\roll-of-thunder-hear-my-cry.jpg
roller-girl,C:\Users\HP USER\.cache\kagglehub\datasets\thomaskonstantin\6000-children-and-teen-book-covers\versions\1\BookCovers\roller-girl.jpg
roman-fort,C:\Users\HP USER\.cache\kagglehub\datasets\thomaskonstantin\6000-children-and-teen-book-covers\versions\1\BookCovers\roman-fort.jpg
romans-gods-emperors-dormice,C:\Users\HP USER\.cache\kagglehub\datasets\thomaskonstantin\6000-children-and-teen-book-covers\versions\1\BookCovers\romans-gods-emperors-dormice.jpg
romans-on-the-rampage,C:\Users\HP USER\.cache\kagglehub\datasets\thomaskonstantin\6000-children-and-teen-book-covers\versions\1\BookCovers\romans-on-the-rampage.jpg
romeo-and-juliet,C:\Users\HP USER\.cache\kagglehub\datasets\thomaskonstantin\6000-children-and-teen-book-covers\versions\1\BookCovers\romeo-and-juliet.jpg
roodica-the-rude-and-the-famous-flea-trick,C:\Users\HP USER\.cache\kagglehub\datasets\thomaskonstantin\6000-children-and-teen-book-covers\versions\1\BookCovers\roodica-the-rude-and-the-famous-flea-trick.jpg
rooftoppers-new-small,C:\Users\HP USER\.cache\kagglehub\datasets\thomaskonstantin\6000-children-and-teen-book-covers\versions\1\BookCovers\rooftoppers-new-small.jpg
room-full-of-chocolate,C:\Users\HP USER\.cache\kagglehub\datasets\thomaskonstantin\6000-children-and-teen-book-covers\versions\1\BookCovers\room-full-of-chocolate.jpg
room-on-the-broom-and-other-songs,C:\Users\HP USER\.cache\kagglehub\datasets\thomaskonstantin\6000-children-and-teen-book-covers\versions\1\BookCovers\room-on-the-broom-and-other-songs.jpg
room-on-the-broom,C:\Users\HP USER\.cache\kagglehub\datasets\thomaskonstantin\6000-children-and-teen-book-covers\versions\1\BookCovers\room-on-the-broom.jpg
root-of-all-evil,C:\Users\HP USER\.cache\kagglehub\datasets\thomaskonstantin\6000-children-and-teen-book-covers\versions\1\BookCovers\root-of-all-evil.jpg
rosa-parks,C:\Users\HP USER\.cache\kagglehub\datasets\thomaskonstantin\6000-children-and-teen-book-covers\versions\1\BookCovers\rosa-parks.jpg
rosas-big-sunflower-experiment-cover,C:\Users\HP USER\.cache\kagglehub\datasets\thomaskonstantin\6000-children-and-teen-book-covers\versions\1\BookCovers\rosas-big-sunflower-experiment-cover.jpg
rose-in-the-blitz,C:\Users\HP USER\.cache\kagglehub\datasets\thomaskonstantin\6000-children-and-teen-book-covers\versions\1\BookCovers\rose-in-the-blitz.jpg
rose-interrupted,C:\Users\HP USER\.cache\kagglehub\datasets\thomaskonstantin\6000-children-and-teen-book-covers\versions\1\BookCovers\rose-interrupted.jpg
rose-society,C:\Users\HP USER\.cache\kagglehub\datasets\thomaskonstantin\6000-children-and-teen-book-covers\versions\1\BookCovers\rose-society.jpg
roses-dress-of-dreams,C:\Users\HP USER\.cache\kagglehub\datasets\thomaskonstantin\6000-children-and-teen-book-covers\versions\1\BookCovers\roses-dress-of-dreams.jpg
rosie-is-my-best-friend,C:\Users\HP USER\.cache\kagglehub\datasets\thomaskonstantin\6000-children-and-teen-book-covers\versions\1\BookCovers\rosie-is-my-best-friend.jpg
rosie-loves-jack,C:\Users\HP USER\.cache\kagglehub\datasets\thomaskonstantin\6000-children-and-teen-book-covers\versions\1\BookCovers\rosie-loves-jack.jpg
rosie-revere-and-the-raucous-riveters,C:\Users\HP USER\.cache\kagglehub\datasets\thomaskonstantin\6000-children-and-teen-book-covers\versions\1\BookCovers\rosie-revere-and-the-raucous-riveters.jpg
rosierevere,C:\Users\HP USER\.cache\kagglehub\datasets\thomaskonstantin\6000-children-and-teen-book-covers\versions\1\BookCovers\rosierevere.jpg
rosieswalk,C:\Users\HP USER\.cache\kagglehub\datasets\thomaskonstantin\6000-children-and-teen-book-covers\versions\1\BookCovers\rosieswalk.jpg
row-row-row-your-boat,C:\Users\HP USER\.cache\kagglehub\datasets\thomaskonstantin\6000-children-and-teen-book-covers\versions\1\BookCovers\row-row-row-your-boat.jpg
roxy-and-jones,C:\Users\HP USER\.cache\kagglehub\datasets\thomaskonstantin\6000-children-and-teen-book-covers\versions\1\BookCovers\roxy-and-jones.jpg
ruby-in-the-ruins,C:\Users\HP USER\.cache\kagglehub\datasets\thomaskonstantin\6000-children-and-teen-book-covers\versions\1\BookCovers\ruby-in-the-ruins.jpg
ruby-redfort-feel-the-fear,C:\Users\HP USER\.cache\kagglehub\datasets\thomaskonstantin\6000-children-and-teen-book-covers\versions\1\BookCovers\ruby-redfort-feel-the-fear.jpg
ruby-redfort-look-into-my-ey,C:\Users\HP USER\.cache\kagglehub\datasets\thomaskonstantin\6000-children-and-teen-book-covers\versions\1\BookCovers\ruby-redfort-look-into-my-ey.jpg
ruby-redfort-pick-your-poison,C:\Users\HP USER\.cache\kagglehub\datasets\thomaskonstantin\6000-children-and-teen-book-covers\versions\1\BookCovers\ruby-redfort-pick-your-poison.jpg
ruby-redfort-take-your-last-breath,C:\Users\HP USER\.cache\kagglehub\datasets\thomaskonstantin\6000-children-and-teen-book-covers\versions\1\BookCovers\ruby-redfort-take-your-last-breath.jpg
rubyholler,C:\Users\HP USER\.cache\kagglehub\datasets\thomaskonstantin\6000-children-and-teen-book-covers\versions\1\BookCovers\rubyholler.jpg
rubys-worry,C:\Users\HP USER\.cache\kagglehub\datasets\thomaskonstantin\6000-children-and-teen-book-covers\versions\1\BookCovers\rubys-worry.jpg
rugby-academy,C:\Users\HP USER\.cache\kagglehub\datasets\thomaskonstantin\6000-children-and-teen-book-covers\versions\1\BookCovers\rugby-academy.jpg
rugby-flyer,C:\Users\HP USER\.cache\kagglehub\datasets\thomaskonstantin\6000-children-and-teen-book-covers\versions\1\BookCovers\rugby-flyer.jpg
rugby-sticker-book,C:\Users\HP USER\.cache\kagglehub\datasets\thomaskonstantin\6000-children-and-teen-book-covers\versions\1\BookCovers\rugby-sticker-book.jpg
rules-for-a-knight,C:\Users\HP USER\.cache\kagglehub\datasets\thomaskonstantin\6000-children-and-teen-book-covers\versions\1\BookCovers\rules-for-a-knight.jpg
rules-of-summer,C:\Users\HP USER\.cache\kagglehub\datasets\thomaskonstantin\6000-children-and-teen-book-covers\versions\1\BookCovers\rules-of-summer.jpg
rumblestar,C:\Users\HP USER\.cache\kagglehub\datasets\thomaskonstantin\6000-children-and-teen-book-covers\versions\1\BookCovers\rumblestar.jpg
run-kody,C:\Users\HP USER\.cache\kagglehub\datasets\thomaskonstantin\6000-children-and-teen-book-covers\versions\1\BookCovers\run-kody.jpg
run-the-show-like-ceo-oprah-winfrey,C:\Users\HP USER\.cache\kagglehub\datasets\thomaskonstantin\6000-children-and-teen-book-covers\versions\1\BookCovers\run-the-show-like-ceo-oprah-winfrey.jpg
run-wild,C:\Users\HP USER\.cache\kagglehub\datasets\thomaskonstantin\6000-children-and-teen-book-covers\versions\1\BookCovers\run-wild.jpg
runaway-dinner,C:\Users\HP USER\.cache\kagglehub\datasets\thomaskonstantin\6000-children-and-teen-book-covers\versions\1\BookCovers\runaway-dinner.jpg
runaway-robot,C:\Users\HP USER\.cache\kagglehub\datasets\thomaskonstantin\6000-children-and-teen-book-covers\versions\1\BookCovers\runaway-robot.jpg
runaways,C:\Users\HP USER\.cache\kagglehub\datasets\thomaskonstantin\6000-children-and-teen-book-covers\versions\1\BookCovers\runaways.jpg
runelight,C:\Users\HP USER\.cache\kagglehub\datasets\thomaskonstantin\6000-children-and-teen-book-covers\versions\1\BookCovers\runelight.jpg
runemarkss,C:\Users\HP USER\.cache\kagglehub\datasets\thomaskonstantin\6000-children-and-teen-book-covers\versions\1\BookCovers\runemarkss.jpg
runners,C:\Users\HP USER\.cache\kagglehub\datasets\thomaskonstantin\6000-children-and-teen-book-covers\versions\1\BookCovers\runners.jpg
running-from-the-rainbows,C:\Users\HP USER\.cache\kagglehub\datasets\thomaskonstantin\6000-children-and-teen-book-covers\versions\1\BookCovers\running-from-the-rainbows.jpg
running-girls,C:\Users\HP USER\.cache\kagglehub\datasets\thomaskonstantin\6000-children-and-teen-book-covers\versions\1\BookCovers\running-girls.jpg
running-on-empty,C:\Users\HP USER\.cache\kagglehub\datasets\thomaskonstantin\6000-children-and-teen-book-covers\versions\1\BookCovers\running-on-empty.jpg
running-on-the-cracks,C:\Users\HP USER\.cache\kagglehub\datasets\thomaskonstantin\6000-children-and-teen-book-covers\versions\1\BookCovers\running-on-the-cracks.jpg
running-on-the-roof-of-the-world,C:\Users\HP USER\.cache\kagglehub\datasets\thomaskonstantin\6000-children-and-teen-book-covers\versions\1\BookCovers\running-on-the-roof-of-the-world.jpg
ryan-higas-how-to-write-good,C:\Users\HP USER\.cache\kagglehub\datasets\thomaskonstantin\6000-children-and-teen-book-covers\versions\1\BookCovers\ryan-higas-how-to-write-good.jpg
rygbi-ar-y-bel-gyda-gem-oraur-byd,C:\Users\HP USER\.cache\kagglehub\datasets\thomaskonstantin\6000-children-and-teen-book-covers\versions\1\BookCovers\rygbi-ar-y-bel-gyda-gem-oraur-byd.jpg
sadiq-and-the-pet-problem,C:\Users\HP USER\.cache\kagglehub\datasets\thomaskonstantin\6000-children-and-teen-book-covers\versions\1\BookCovers\sadiq-and-the-pet-problem.jpg
saffysangel,C:\Users\HP USER\.cache\kagglehub\datasets\thomaskonstantin\6000-children-and-teen-book-covers\versions\1\BookCovers\saffysangel.jpg
saint-death,C:\Users\HP USER\.cache\kagglehub\datasets\thomaskonstantin\6000-children-and-teen-book-covers\versions\1\BookCovers\saint-death.jpg
salembrownstone,C:\Users\HP USER\.cache\kagglehub\datasets\thomaskonstantin\6000-children-and-teen-book-covers\versions\1\BookCovers\salembrownstone.jpg
sali-mali,C:\Users\HP USER\.cache\kagglehub\datasets\thomaskonstantin\6000-children-and-teen-book-covers\versions\1\BookCovers\sali-mali.jpg
salt-stained-books,C:\Users\HP USER\.cache\kagglehub\datasets\thomaskonstantin\6000-children-and-teen-book-covers\versions\1\BookCovers\salt-stained-books.jpg
salt-to-the-sea,C:\Users\HP USER\.cache\kagglehub\datasets\thomaskonstantin\6000-children-and-teen-book-covers\versions\1\BookCovers\salt-to-the-sea.jpg
salty-dogs,C:\Users\HP USER\.cache\kagglehub\datasets\thomaskonstantin\6000-children-and-teen-book-covers\versions\1\BookCovers\salty-dogs.jpg
sam-wu-is-not-afraid-of-ghosts,C:\Users\HP USER\.cache\kagglehub\datasets\thomaskonstantin\6000-children-and-teen-book-covers\versions\1\BookCovers\sam-wu-is-not-afraid-of-ghosts.jpg
sam-wu-is-not-afraid-of-spiders,C:\Users\HP USER\.cache\kagglehub\datasets\thomaskonstantin\6000-children-and-teen-book-covers\versions\1\BookCovers\sam-wu-is-not-afraid-of-spiders.jpg
sam-wu-is-not-afraid-of-the-dark,C:\Users\HP USER\.cache\kagglehub\datasets\thomaskonstantin\6000-children-and-teen-book-covers\versions\1\BookCovers\sam-wu-is-not-afraid-of-the-dark.jpg
sam-wu-is-not-afraid-of-zombies,C:\Users\HP USER\.cache\kagglehub\datasets\thomaskonstantin\6000-children-and-teen-book-covers\versions\1\BookCovers\sam-wu-is-not-afraid-of-zombies.jpg
sammy-and-the-skyscraper-sandwich,C:\Users\HP USER\.cache\kagglehub\datasets\thomaskonstantin\6000-children-and-teen-book-covers\versions\1\BookCovers\sammy-and-the-skyscraper-sandwich.jpg
sammy-claws-the-christmas-cat,C:\Users\HP USER\.cache\kagglehub\datasets\thomaskonstantin\6000-children-and-teen-book-covers\versions\1\BookCovers\sammy-claws-the-christmas-cat.jpg
sammy-the-shy-kitten,C:\Users\HP USER\.cache\kagglehub\datasets\thomaskonstantin\6000-children-and-teen-book-covers\versions\1\BookCovers\sammy-the-shy-kitten.jpg
santa-claude,C:\Users\HP USER\.cache\kagglehub\datasets\thomaskonstantin\6000-children-and-teen-book-covers\versions\1\BookCovers\santa-claude.jpg
santa-claus-vs-the-easter-bunny,C:\Users\HP USER\.cache\kagglehub\datasets\thomaskonstantin\6000-children-and-teen-book-covers\versions\1\BookCovers\santa-claus-vs-the-easter-bunny.jpg
santa-post,C:\Users\HP USER\.cache\kagglehub\datasets\thomaskonstantin\6000-children-and-teen-book-covers\versions\1\BookCovers\santa-post.jpg
santa-selfie,C:\Users\HP USER\.cache\kagglehub\datasets\thomaskonstantin\6000-children-and-teen-book-covers\versions\1\BookCovers\santa-selfie.jpg
santas-wonderful-workshop,C:\Users\HP USER\.cache\kagglehub\datasets\thomaskonstantin\6000-children-and-teen-book-covers\versions\1\BookCovers\santas-wonderful-workshop.jpg
sausage,C:\Users\HP USER\.cache\kagglehub\datasets\thomaskonstantin\6000-children-and-teen-book-covers\versions\1\BookCovers\sausage.jpg
save-rafe,C:\Users\HP USER\.cache\kagglehub\datasets\thomaskonstantin\6000-children-and-teen-book-covers\versions\1\BookCovers\save-rafe.jpg
sawbones,C:\Users\HP USER\.cache\kagglehub\datasets\thomaskonstantin\6000-children-and-teen-book-covers\versions\1\BookCovers\sawbones.jpg
say-goodbye-say-hello,C:\Users\HP USER\.cache\kagglehub\datasets\thomaskonstantin\6000-children-and-teen-book-covers\versions\1\BookCovers\say-goodbye-say-hello.jpg
say-hello-like-this,C:\Users\HP USER\.cache\kagglehub\datasets\thomaskonstantin\6000-children-and-teen-book-covers\versions\1\BookCovers\say-hello-like-this.jpg
say-you-re-one-of-them,C:\Users\HP USER\.cache\kagglehub\datasets\thomaskonstantin\6000-children-and-teen-book-covers\versions\1\BookCovers\say-you-re-one-of-them.jpg
say-zoop,C:\Users\HP USER\.cache\kagglehub\datasets\thomaskonstantin\6000-children-and-teen-book-covers\versions\1\BookCovers\say-zoop.jpg
scales-and-scoundrels,C:\Users\HP USER\.cache\kagglehub\datasets\thomaskonstantin\6000-children-and-teen-book-covers\versions\1\BookCovers\scales-and-scoundrels.jpg
scarlet-files-cat-burglar,C:\Users\HP USER\.cache\kagglehub\datasets\thomaskonstantin\6000-children-and-teen-book-covers\versions\1\BookCovers\scarlet-files-cat-burglar.jpg
scarlet-ibisd,C:\Users\HP USER\.cache\kagglehub\datasets\thomaskonstantin\6000-children-and-teen-book-covers\versions\1\BookCovers\scarlet-ibisd.jpg
scarlett-dedd,C:\Users\HP USER\.cache\kagglehub\datasets\thomaskonstantin\6000-children-and-teen-book-covers\versions\1\BookCovers\scarlett-dedd.jpg
scenes-from-an-impending-marriage,C:\Users\HP USER\.cache\kagglehub\datasets\thomaskonstantin\6000-children-and-teen-book-covers\versions\1\BookCovers\scenes-from-an-impending-marriage.jpg
scenes-from-the-epic-life-of-a-total-genius,C:\Users\HP USER\.cache\kagglehub\datasets\thomaskonstantin\6000-children-and-teen-book-covers\versions\1\BookCovers\scenes-from-the-epic-life-of-a-total-genius.jpg
school-for-princes,C:\Users\HP USER\.cache\kagglehub\datasets\thomaskonstantin\6000-children-and-teen-book-covers\versions\1\BookCovers\school-for-princes.jpg
school-of-art,C:\Users\HP USER\.cache\kagglehub\datasets\thomaskonstantin\6000-children-and-teen-book-covers\versions\1\BookCovers\school-of-art.jpg
science-and-me,C:\Users\HP USER\.cache\kagglehub\datasets\thomaskonstantin\6000-children-and-teen-book-covers\versions\1\BookCovers\science-and-me.jpg
science-tales-lies-hoaxes-and-scams,C:\Users\HP USER\.cache\kagglehub\datasets\thomaskonstantin\6000-children-and-teen-book-covers\versions\1\BookCovers\science-tales-lies-hoaxes-and-scams.jpg
sciencein30seconds,C:\Users\HP USER\.cache\kagglehub\datasets\thomaskonstantin\6000-children-and-teen-book-covers\versions\1\BookCovers\sciencein30seconds.jpg
scoop-mclaren-waves-of-mystery,C:\Users\HP USER\.cache\kagglehub\datasets\thomaskonstantin\6000-children-and-teen-book-covers\versions\1\BookCovers\scoop-mclaren-waves-of-mystery.jpg
scoop-mclaren,C:\Users\HP USER\.cache\kagglehub\datasets\thomaskonstantin\6000-children-and-teen-book-covers\versions\1\BookCovers\scoop-mclaren.jpg
scoot,C:\Users\HP USER\.cache\kagglehub\datasets\thomaskonstantin\6000-children-and-teen-book-covers\versions\1\BookCovers\scoot.jpg
scopriarisingg,C:\Users\HP USER\.cache\kagglehub\datasets\thomaskonstantin\6000-children-and-teen-book-covers\versions\1\BookCovers\scopriarisingg.jpg
scorpia-,C:\Users\HP USER\.cache\kagglehub\datasets\thomaskonstantin\6000-children-and-teen-book-covers\versions\1\BookCovers\scorpia-.jpg
scorpioracess,C:\Users\HP USER\.cache\kagglehub\datasets\thomaskonstantin\6000-children-and-teen-book-covers\versions\1\BookCovers\scorpioracess.jpg
scott-pilgrim,C:\Users\HP USER\.cache\kagglehub\datasets\thomaskonstantin\6000-children-and-teen-book-covers\versions\1\BookCovers\scott-pilgrim.jpg
scout-and-the-sausage-thief,C:\Users\HP USER\.cache\kagglehub\datasets\thomaskonstantin\6000-children-and-teen-book-covers\versions\1\BookCovers\scout-and-the-sausage-thief.jpg
scralett-,C:\Users\HP USER\.cache\kagglehub\datasets\thomaskonstantin\6000-children-and-teen-book-covers\versions\1\BookCovers\scralett-.jpg
scribble-witch---notes-in-class,C:\Users\HP USER\.cache\kagglehub\datasets\thomaskonstantin\6000-children-and-teen-book-covers\versions\1\BookCovers\scribble-witch---notes-in-class.jpg
scruff,C:\Users\HP USER\.cache\kagglehub\datasets\thomaskonstantin\6000-children-and-teen-book-covers\versions\1\BookCovers\scruff.jpg
sea-of-ghosts,C:\Users\HP USER\.cache\kagglehub\datasets\thomaskonstantin\6000-children-and-teen-book-covers\versions\1\BookCovers\sea-of-ghosts.jpg
sea-of-monsters,C:\Users\HP USER\.cache\kagglehub\datasets\thomaskonstantin\6000-children-and-teen-book-covers\versions\1\BookCovers\sea-of-monsters.jpg
seaglass,C:\Users\HP USER\.cache\kagglehub\datasets\thomaskonstantin\6000-children-and-teen-book-covers\versions\1\BookCovers\seaglass.jpg
seal-s-fate,C:\Users\HP USER\.cache\kagglehub\datasets\thomaskonstantin\6000-children-and-teen-book-covers\versions\1\BookCovers\seal-s-fate.jpg
sean-taylor,C:\Users\HP USER\.cache\kagglehub\datasets\thomaskonstantin\6000-children-and-teen-book-covers\versions\1\BookCovers\sean-taylor.jpg
search-and-find-a-christmas-carol,C:\Users\HP USER\.cache\kagglehub\datasets\thomaskonstantin\6000-children-and-teen-book-covers\versions\1\BookCovers\search-and-find-a-christmas-carol.jpg
search-and-find-alphabet-of-alphabets,C:\Users\HP USER\.cache\kagglehub\datasets\thomaskonstantin\6000-children-and-teen-book-covers\versions\1\BookCovers\search-and-find-alphabet-of-alphabets.jpg
season-of-the-witch,C:\Users\HP USER\.cache\kagglehub\datasets\thomaskonstantin\6000-children-and-teen-book-covers\versions\1\BookCovers\season-of-the-witch.jpg
second-best-friend,C:\Users\HP USER\.cache\kagglehub\datasets\thomaskonstantin\6000-children-and-teen-book-covers\versions\1\BookCovers\second-best-friend.jpg
secret-agent-mummy,C:\Users\HP USER\.cache\kagglehub\datasets\thomaskonstantin\6000-children-and-teen-book-covers\versions\1\BookCovers\secret-agent-mummy.jpg
secret-countess,C:\Users\HP USER\.cache\kagglehub\datasets\thomaskonstantin\6000-children-and-teen-book-covers\versions\1\BookCovers\secret-countess.jpg
secret-friends,C:\Users\HP USER\.cache\kagglehub\datasets\thomaskonstantin\6000-children-and-teen-book-covers\versions\1\BookCovers\secret-friends.jpg
secret-message,C:\Users\HP USER\.cache\kagglehub\datasets\thomaskonstantin\6000-children-and-teen-book-covers\versions\1\BookCovers\secret-message.jpg
secret-of-the-tombs-the-phoenix-code,C:\Users\HP USER\.cache\kagglehub\datasets\thomaskonstantin\6000-children-and-teen-book-covers\versions\1\BookCovers\secret-of-the-tombs-the-phoenix-code.jpg
secret-railway,C:\Users\HP USER\.cache\kagglehub\datasets\thomaskonstantin\6000-children-and-teen-book-covers\versions\1\BookCovers\secret-railway.jpg
secret-science-the-amazing-world-beyond-your-eyes,C:\Users\HP USER\.cache\kagglehub\datasets\thomaskonstantin\6000-children-and-teen-book-covers\versions\1\BookCovers\secret-science-the-amazing-world-beyond-your-eyes.jpg
secretdiary-of-adrianmole,C:\Users\HP USER\.cache\kagglehub\datasets\thomaskonstantin\6000-children-and-teen-book-covers\versions\1\BookCovers\secretdiary-of-adrianmole.jpg
secretgarden,C:\Users\HP USER\.cache\kagglehub\datasets\thomaskonstantin\6000-children-and-teen-book-covers\versions\1\BookCovers\secretgarden.jpg
secrets-in-the-fire,C:\Users\HP USER\.cache\kagglehub\datasets\thomaskonstantin\6000-children-and-teen-book-covers\versions\1\BookCovers\secrets-in-the-fire.jpg
secrets-of-a-sun-king,C:\Users\HP USER\.cache\kagglehub\datasets\thomaskonstantin\6000-children-and-teen-book-covers\versions\1\BookCovers\secrets-of-a-sun-king.jpg
secrets-of-a-teenage-heiress,C:\Users\HP USER\.cache\kagglehub\datasets\thomaskonstantin\6000-children-and-teen-book-covers\versions\1\BookCovers\secrets-of-a-teenage-heiress.jpg
secrets-of-the-sea,C:\Users\HP USER\.cache\kagglehub\datasets\thomaskonstantin\6000-children-and-teen-book-covers\versions\1\BookCovers\secrets-of-the-sea.jpg
secretwardiary,C:\Users\HP USER\.cache\kagglehub\datasets\thomaskonstantin\6000-children-and-teen-book-covers\versions\1\BookCovers\secretwardiary.jpg
see-inside-great-cities-cover,C:\Users\HP USER\.cache\kagglehub\datasets\thomaskonstantin\6000-children-and-teen-book-covers\versions\1\BookCovers\see-inside-great-cities-cover.jpg
see-inside-your-head,C:\Users\HP USER\.cache\kagglehub\datasets\thomaskonstantin\6000-children-and-teen-book-covers\versions\1\BookCovers\see-inside-your-head.jpg
see-you-in-the-cosmos,C:\Users\HP USER\.cache\kagglehub\datasets\thomaskonstantin\6000-children-and-teen-book-covers\versions\1\BookCovers\see-you-in-the-cosmos.jpg
see-you-later-alligator-jacket-for-web,C:\Users\HP USER\.cache\kagglehub\datasets\thomaskonstantin\6000-children-and-teen-book-covers\versions\1\BookCovers\see-you-later-alligator-jacket-for-web.jpg
see-you-later-escalator,C:\Users\HP USER\.cache\kagglehub\datasets\thomaskonstantin\6000-children-and-teen-book-covers\versions\1\BookCovers\see-you-later-escalator.jpg
seed,C:\Users\HP USER\.cache\kagglehub\datasets\thomaskonstantin\6000-children-and-teen-book-covers\versions\1\BookCovers\seed.jpg
sektion-20d,C:\Users\HP USER\.cache\kagglehub\datasets\thomaskonstantin\6000-children-and-teen-book-covers\versions\1\BookCovers\sektion-20d.jpg
selling-your-father-s-bones,C:\Users\HP USER\.cache\kagglehub\datasets\thomaskonstantin\6000-children-and-teen-book-covers\versions\1\BookCovers\selling-your-father-s-bones.jpg
sensational-,C:\Users\HP USER\.cache\kagglehub\datasets\thomaskonstantin\6000-children-and-teen-book-covers\versions\1\BookCovers\sensational-.jpg
senseational-illusions,C:\Users\HP USER\.cache\kagglehub\datasets\thomaskonstantin\6000-children-and-teen-book-covers\versions\1\BookCovers\senseational-illusions.jpg
sequin-and-stitch,C:\Users\HP USER\.cache\kagglehub\datasets\thomaskonstantin\6000-children-and-teen-book-covers\versions\1\BookCovers\sequin-and-stitch.jpg
serafina-and-the-black-cloak2,C:\Users\HP USER\.cache\kagglehub\datasets\thomaskonstantin\6000-children-and-teen-book-covers\versions\1\BookCovers\serafina-and-the-black-cloak2.jpg
seraphinas,C:\Users\HP USER\.cache\kagglehub\datasets\thomaskonstantin\6000-children-and-teen-book-covers\versions\1\BookCovers\seraphinas.jpg
seren-a-sbarc,C:\Users\HP USER\.cache\kagglehub\datasets\thomaskonstantin\6000-children-and-teen-book-covers\versions\1\BookCovers\seren-a-sbarc.jpg
setinstone,C:\Users\HP USER\.cache\kagglehub\datasets\thomaskonstantin\6000-children-and-teen-book-covers\versions\1\BookCovers\setinstone.jpg
seven-ghosts,C:\Users\HP USER\.cache\kagglehub\datasets\thomaskonstantin\6000-children-and-teen-book-covers\versions\1\BookCovers\seven-ghosts.jpg
seven-sorcerers,C:\Users\HP USER\.cache\kagglehub\datasets\thomaskonstantin\6000-children-and-teen-book-covers\versions\1\BookCovers\seven-sorcerers.jpg
seventh-heaven,C:\Users\HP USER\.cache\kagglehub\datasets\thomaskonstantin\6000-children-and-teen-book-covers\versions\1\BookCovers\seventh-heaven.jpg
sgleinio-r,C:\Users\HP USER\.cache\kagglehub\datasets\thomaskonstantin\6000-children-and-teen-book-covers\versions\1\BookCovers\sgleinio-r.jpg
shackelton-s-journey,C:\Users\HP USER\.cache\kagglehub\datasets\thomaskonstantin\6000-children-and-teen-book-covers\versions\1\BookCovers\shackelton-s-journey.jpg
shades-of-scarlet,C:\Users\HP USER\.cache\kagglehub\datasets\thomaskonstantin\6000-children-and-teen-book-covers\versions\1\BookCovers\shades-of-scarlet.jpg
shadow-and-bonev,C:\Users\HP USER\.cache\kagglehub\datasets\thomaskonstantin\6000-children-and-teen-book-covers\versions\1\BookCovers\shadow-and-bonev.jpg
shadow-cat,C:\Users\HP USER\.cache\kagglehub\datasets\thomaskonstantin\6000-children-and-teen-book-covers\versions\1\BookCovers\shadow-cat.jpg
shadow-girl,C:\Users\HP USER\.cache\kagglehub\datasets\thomaskonstantin\6000-children-and-teen-book-covers\versions\1\BookCovers\shadow-girl.jpg
shadow-keeper,C:\Users\HP USER\.cache\kagglehub\datasets\thomaskonstantin\6000-children-and-teen-book-covers\versions\1\BookCovers\shadow-keeper.jpg
shadow-magic,C:\Users\HP USER\.cache\kagglehub\datasets\thomaskonstantin\6000-children-and-teen-book-covers\versions\1\BookCovers\shadow-magic.jpg
shadow-of-the-fox,C:\Users\HP USER\.cache\kagglehub\datasets\thomaskonstantin\6000-children-and-teen-book-covers\versions\1\BookCovers\shadow-of-the-fox.jpg
shadow-of-the-minotaur,C:\Users\HP USER\.cache\kagglehub\datasets\thomaskonstantin\6000-children-and-teen-book-covers\versions\1\BookCovers\shadow-of-the-minotaur.jpg
shadow-of-the-zeppelin,C:\Users\HP USER\.cache\kagglehub\datasets\thomaskonstantin\6000-children-and-teen-book-covers\versions\1\BookCovers\shadow-of-the-zeppelin.jpg
shadow,C:\Users\HP USER\.cache\kagglehub\datasets\thomaskonstantin\6000-children-and-teen-book-covers\versions\1\BookCovers\shadow.jpg
shadowforest,C:\Users\HP USER\.cache\kagglehub\datasets\thomaskonstantin\6000-children-and-teen-book-covers\versions\1\BookCovers\shadowforest.jpg
shakespeare-life-in-pics,C:\Users\HP USER\.cache\kagglehub\datasets\thomaskonstantin\6000-children-and-teen-book-covers\versions\1\BookCovers\shakespeare-life-in-pics.jpg
shamanka-,C:\Users\HP USER\.cache\kagglehub\datasets\thomaskonstantin\6000-children-and-teen-book-covers\versions\1\BookCovers\shamanka-.jpg
shampoozel,C:\Users\HP USER\.cache\kagglehub\datasets\thomaskonstantin\6000-children-and-teen-book-covers\versions\1\BookCovers\shampoozel.jpg
shapes-are-fun,C:\Users\HP USER\.cache\kagglehub\datasets\thomaskonstantin\6000-children-and-teen-book-covers\versions\1\BookCovers\shapes-are-fun.jpg
share,C:\Users\HP USER\.cache\kagglehub\datasets\thomaskonstantin\6000-children-and-teen-book-covers\versions\1\BookCovers\share.jpg
sharing-a-shell,C:\Users\HP USER\.cache\kagglehub\datasets\thomaskonstantin\6000-children-and-teen-book-covers\versions\1\BookCovers\sharing-a-shell.jpg
shark-in-the-park,C:\Users\HP USER\.cache\kagglehub\datasets\thomaskonstantin\6000-children-and-teen-book-covers\versions\1\BookCovers\shark-in-the-park.jpg
sharkindark,C:\Users\HP USER\.cache\kagglehub\datasets\thomaskonstantin\6000-children-and-teen-book-covers\versions\1\BookCovers\sharkindark.jpg
she-is-not-invisible,C:\Users\HP USER\.cache\kagglehub\datasets\thomaskonstantin\6000-children-and-teen-book-covers\versions\1\BookCovers\she-is-not-invisible.jpg
she-persisted-around-the-world,C:\Users\HP USER\.cache\kagglehub\datasets\thomaskonstantin\6000-children-and-teen-book-covers\versions\1\BookCovers\she-persisted-around-the-world.jpg
she-wolf,C:\Users\HP USER\.cache\kagglehub\datasets\thomaskonstantin\6000-children-and-teen-book-covers\versions\1\BookCovers\she-wolf.jpg
she-wore-red-trainers,C:\Users\HP USER\.cache\kagglehub\datasets\thomaskonstantin\6000-children-and-teen-book-covers\versions\1\BookCovers\she-wore-red-trainers.jpg
sheets,C:\Users\HP USER\.cache\kagglehub\datasets\thomaskonstantin\6000-children-and-teen-book-covers\versions\1\BookCovers\sheets.jpg
shelby-holmes,C:\Users\HP USER\.cache\kagglehub\datasets\thomaskonstantin\6000-children-and-teen-book-covers\versions\1\BookCovers\shelby-holmes.jpg
shepherds-crown-cover,C:\Users\HP USER\.cache\kagglehub\datasets\thomaskonstantin\6000-children-and-teen-book-covers\versions\1\BookCovers\shepherds-crown-cover.jpg
sheriff-of-butts-canyon,C:\Users\HP USER\.cache\kagglehub\datasets\thomaskonstantin\6000-children-and-teen-book-covers\versions\1\BookCovers\sheriff-of-butts-canyon.jpg
shh,C:\Users\HP USER\.cache\kagglehub\datasets\thomaskonstantin\6000-children-and-teen-book-covers\versions\1\BookCovers\shh.jpg
shhh-goodnight-web,C:\Users\HP USER\.cache\kagglehub\datasets\thomaskonstantin\6000-children-and-teen-book-covers\versions\1\BookCovers\shhh-goodnight-web.jpg
shift-jeff-povey,C:\Users\HP USER\.cache\kagglehub\datasets\thomaskonstantin\6000-children-and-teen-book-covers\versions\1\BookCovers\shift-jeff-povey.jpg
shifty-mcgifty-and-slippery-sam-the-aliens-are-coming,C:\Users\HP USER\.cache\kagglehub\datasets\thomaskonstantin\6000-children-and-teen-book-covers\versions\1\BookCovers\shifty-mcgifty-and-slippery-sam-the-aliens-are-coming.jpg
shine-mountain,C:\Users\HP USER\.cache\kagglehub\datasets\thomaskonstantin\6000-children-and-teen-book-covers\versions\1\BookCovers\shine-mountain.jpg
shine,C:\Users\HP USER\.cache\kagglehub\datasets\thomaskonstantin\6000-children-and-teen-book-covers\versions\1\BookCovers\shine.jpg
shiny-pippin-and-the-broken-forest,C:\Users\HP USER\.cache\kagglehub\datasets\thomaskonstantin\6000-children-and-teen-book-covers\versions\1\BookCovers\shiny-pippin-and-the-broken-forest.jpg
shiverton-hall,C:\Users\HP USER\.cache\kagglehub\datasets\thomaskonstantin\6000-children-and-teen-book-covers\versions\1\BookCovers\shiverton-hall.jpg
shoe-wars,C:\Users\HP USER\.cache\kagglehub\datasets\thomaskonstantin\6000-children-and-teen-book-covers\versions\1\BookCovers\shoe-wars.jpg
shoestring,C:\Users\HP USER\.cache\kagglehub\datasets\thomaskonstantin\6000-children-and-teen-book-covers\versions\1\BookCovers\shoestring.jpg
shola-and-the-lions,C:\Users\HP USER\.cache\kagglehub\datasets\thomaskonstantin\6000-children-and-teen-book-covers\versions\1\BookCovers\shola-and-the-lions.jpg
shona-word-detective,C:\Users\HP USER\.cache\kagglehub\datasets\thomaskonstantin\6000-children-and-teen-book-covers\versions\1\BookCovers\shona-word-detective.jpg
shoot-to-kill,C:\Users\HP USER\.cache\kagglehub\datasets\thomaskonstantin\6000-children-and-teen-book-covers\versions\1\BookCovers\shoot-to-kill.jpg
shop-words,C:\Users\HP USER\.cache\kagglehub\datasets\thomaskonstantin\6000-children-and-teen-book-covers\versions\1\BookCovers\shop-words.jpg
shopping-with-dad,C:\Users\HP USER\.cache\kagglehub\datasets\thomaskonstantin\6000-children-and-teen-book-covers\versions\1\BookCovers\shopping-with-dad.jpg
short,C:\Users\HP USER\.cache\kagglehub\datasets\thomaskonstantin\6000-children-and-teen-book-covers\versions\1\BookCovers\short.jpg
shortcomings,C:\Users\HP USER\.cache\kagglehub\datasets\thomaskonstantin\6000-children-and-teen-book-covers\versions\1\BookCovers\shortcomings.jpg
show-and-tell,C:\Users\HP USER\.cache\kagglehub\datasets\thomaskonstantin\6000-children-and-teen-book-covers\versions\1\BookCovers\show-and-tell.jpg
show-us-who-you-are,C:\Users\HP USER\.cache\kagglehub\datasets\thomaskonstantin\6000-children-and-teen-book-covers\versions\1\BookCovers\show-us-who-you-are.jpg
siapiau-fflaptastig-2,C:\Users\HP USER\.cache\kagglehub\datasets\thomaskonstantin\6000-children-and-teen-book-covers\versions\1\BookCovers\siapiau-fflaptastig-2.jpg
sieges,C:\Users\HP USER\.cache\kagglehub\datasets\thomaskonstantin\6000-children-and-teen-book-covers\versions\1\BookCovers\sieges.jpg
sign-about-meal-time,C:\Users\HP USER\.cache\kagglehub\datasets\thomaskonstantin\6000-children-and-teen-book-covers\versions\1\BookCovers\sign-about-meal-time.jpg
sign-and-sing-along-series-incy-spider,C:\Users\HP USER\.cache\kagglehub\datasets\thomaskonstantin\6000-children-and-teen-book-covers\versions\1\BookCovers\sign-and-sing-along-series-incy-spider.jpg
silence-is-not-an-option,C:\Users\HP USER\.cache\kagglehub\datasets\thomaskonstantin\6000-children-and-teen-book-covers\versions\1\BookCovers\silence-is-not-an-option.jpg
silly-billy,C:\Users\HP USER\.cache\kagglehub\datasets\thomaskonstantin\6000-children-and-teen-book-covers\versions\1\BookCovers\silly-billy.jpg
silly-suzy-goose,C:\Users\HP USER\.cache\kagglehub\datasets\thomaskonstantin\6000-children-and-teen-book-covers\versions\1\BookCovers\silly-suzy-goose.jpg
silver,C:\Users\HP USER\.cache\kagglehub\datasets\thomaskonstantin\6000-children-and-teen-book-covers\versions\1\BookCovers\silver.jpg
silverfin,C:\Users\HP USER\.cache\kagglehub\datasets\thomaskonstantin\6000-children-and-teen-book-covers\versions\1\BookCovers\silverfin.jpg
simon-sock,C:\Users\HP USER\.cache\kagglehub\datasets\thomaskonstantin\6000-children-and-teen-book-covers\versions\1\BookCovers\simon-sock.jpg
simon-thorn-and-the-wolf-den,C:\Users\HP USER\.cache\kagglehub\datasets\thomaskonstantin\6000-children-and-teen-book-covers\versions\1\BookCovers\simon-thorn-and-the-wolf-den.jpg
sin-eaters-daughter,C:\Users\HP USER\.cache\kagglehub\datasets\thomaskonstantin\6000-children-and-teen-book-covers\versions\1\BookCovers\sin-eaters-daughter.jpg
since-youve-been-gone,C:\Users\HP USER\.cache\kagglehub\datasets\thomaskonstantin\6000-children-and-teen-book-covers\versions\1\BookCovers\since-youve-been-gone.jpg
sing-along-with-me-five-little-ducks,C:\Users\HP USER\.cache\kagglehub\datasets\thomaskonstantin\6000-children-and-teen-book-covers\versions\1\BookCovers\sing-along-with-me-five-little-ducks.jpg
singing-for-mrs-pettigrew,C:\Users\HP USER\.cache\kagglehub\datasets\thomaskonstantin\6000-children-and-teen-book-covers\versions\1\BookCovers\singing-for-mrs-pettigrew.jpg
sinner,C:\Users\HP USER\.cache\kagglehub\datasets\thomaskonstantin\6000-children-and-teen-book-covers\versions\1\BookCovers\sinner.jpg
sir-charlie-stinky-socks-and-the-really-big-adventure-,C:\Users\HP USER\.cache\kagglehub\datasets\thomaskonstantin\6000-children-and-teen-book-covers\versions\1\BookCovers\sir-charlie-stinky-socks-and-the-really-big-adventure-.jpg
sir-charlie-stinky-socks-and-the-tale-of-two-treasures,C:\Users\HP USER\.cache\kagglehub\datasets\thomaskonstantin\6000-children-and-teen-book-covers\versions\1\BookCovers\sir-charlie-stinky-socks-and-the-tale-of-two-treasures.jpg
sir-lilypad,C:\Users\HP USER\.cache\kagglehub\datasets\thomaskonstantin\6000-children-and-teen-book-covers\versions\1\BookCovers\sir-lilypad.jpg
siren,C:\Users\HP USER\.cache\kagglehub\datasets\thomaskonstantin\6000-children-and-teen-book-covers\versions\1\BookCovers\siren.jpg
sirenssecret,C:\Users\HP USER\.cache\kagglehub\datasets\thomaskonstantin\6000-children-and-teen-book-covers\versions\1\BookCovers\sirenssecret.jpg
sister-s-red,C:\Users\HP USER\.cache\kagglehub\datasets\thomaskonstantin\6000-children-and-teen-book-covers\versions\1\BookCovers\sister-s-red.jpg
sisterhoodoftravellingpants,C:\Users\HP USER\.cache\kagglehub\datasets\thomaskonstantin\6000-children-and-teen-book-covers\versions\1\BookCovers\sisterhoodoftravellingpants.jpg
six-dinner-sid-a-highland-adventure,C:\Users\HP USER\.cache\kagglehub\datasets\thomaskonstantin\6000-children-and-teen-book-covers\versions\1\BookCovers\six-dinner-sid-a-highland-adventure.jpg
six-of-crows,C:\Users\HP USER\.cache\kagglehub\datasets\thomaskonstantin\6000-children-and-teen-book-covers\versions\1\BookCovers\six-of-crows.jpg
skeleton-keys-the-unimaginary-friend,C:\Users\HP USER\.cache\kagglehub\datasets\thomaskonstantin\6000-children-and-teen-book-covers\versions\1\BookCovers\skeleton-keys-the-unimaginary-friend.jpg
skin-taker,C:\Users\HP USER\.cache\kagglehub\datasets\thomaskonstantin\6000-children-and-teen-book-covers\versions\1\BookCovers\skin-taker.jpg
skip-through-the-season,C:\Users\HP USER\.cache\kagglehub\datasets\thomaskonstantin\6000-children-and-teen-book-covers\versions\1\BookCovers\skip-through-the-season.jpg
skletonkey,C:\Users\HP USER\.cache\kagglehub\datasets\thomaskonstantin\6000-children-and-teen-book-covers\versions\1\BookCovers\skletonkey.jpg
skulduggery-pleasant-death-bringerd,C:\Users\HP USER\.cache\kagglehub\datasets\thomaskonstantin\6000-children-and-teen-book-covers\versions\1\BookCovers\skulduggery-pleasant-death-bringerd.jpg
skulduggery-pleasant-the-faceless-ones,C:\Users\HP USER\.cache\kagglehub\datasets\thomaskonstantin\6000-children-and-teen-book-covers\versions\1\BookCovers\skulduggery-pleasant-the-faceless-ones.jpg
skullduggery-pleasant-,C:\Users\HP USER\.cache\kagglehub\datasets\thomaskonstantin\6000-children-and-teen-book-covers\versions\1\BookCovers\skullduggery-pleasant-.jpg
skunk-and-badger,C:\Users\HP USER\.cache\kagglehub\datasets\thomaskonstantin\6000-children-and-teen-book-covers\versions\1\BookCovers\skunk-and-badger.jpg
sky-chasers,C:\Users\HP USER\.cache\kagglehub\datasets\thomaskonstantin\6000-children-and-teen-book-covers\versions\1\BookCovers\sky-chasers.jpg
sky-hawk,C:\Users\HP USER\.cache\kagglehub\datasets\thomaskonstantin\6000-children-and-teen-book-covers\versions\1\BookCovers\sky-hawk.jpg
sky-song,C:\Users\HP USER\.cache\kagglehub\datasets\thomaskonstantin\6000-children-and-teen-book-covers\versions\1\BookCovers\sky-song.jpg
sky-wolves,C:\Users\HP USER\.cache\kagglehub\datasets\thomaskonstantin\6000-children-and-teen-book-covers\versions\1\BookCovers\sky-wolves.jpg
skythieves,C:\Users\HP USER\.cache\kagglehub\datasets\thomaskonstantin\6000-children-and-teen-book-covers\versions\1\BookCovers\skythieves.jpg
skyward,C:\Users\HP USER\.cache\kagglehub\datasets\thomaskonstantin\6000-children-and-teen-book-covers\versions\1\BookCovers\skyward.jpg
slaves-of-the-mastery,C:\Users\HP USER\.cache\kagglehub\datasets\thomaskonstantin\6000-children-and-teen-book-covers\versions\1\BookCovers\slaves-of-the-mastery.jpg
slay,C:\Users\HP USER\.cache\kagglehub\datasets\thomaskonstantin\6000-children-and-teen-book-covers\versions\1\BookCovers\slay.jpg
sleep-tight-teddy2,C:\Users\HP USER\.cache\kagglehub\datasets\thomaskonstantin\6000-children-and-teen-book-covers\versions\1\BookCovers\sleep-tight-teddy2.jpg
sleep-tight-very-hungry-caterpillar-web,C:\Users\HP USER\.cache\kagglehub\datasets\thomaskonstantin\6000-children-and-teen-book-covers\versions\1\BookCovers\sleep-tight-very-hungry-caterpillar-web.jpg
sleep-well-siba-and-saba,C:\Users\HP USER\.cache\kagglehub\datasets\thomaskonstantin\6000-children-and-teen-book-covers\versions\1\BookCovers\sleep-well-siba-and-saba.jpg
sleeper-and-spindle,C:\Users\HP USER\.cache\kagglehub\datasets\thomaskonstantin\6000-children-and-teen-book-covers\versions\1\BookCovers\sleeper-and-spindle.jpg
sleeping-beauty,C:\Users\HP USER\.cache\kagglehub\datasets\thomaskonstantin\6000-children-and-teen-book-covers\versions\1\BookCovers\sleeping-beauty.jpg
sleeping-prince,C:\Users\HP USER\.cache\kagglehub\datasets\thomaskonstantin\6000-children-and-teen-book-covers\versions\1\BookCovers\sleeping-prince.jpg
slightlyinvisible,C:\Users\HP USER\.cache\kagglehub\datasets\thomaskonstantin\6000-children-and-teen-book-covers\versions\1\BookCovers\slightlyinvisible.jpg
sloth-slept-on,C:\Users\HP USER\.cache\kagglehub\datasets\thomaskonstantin\6000-children-and-teen-book-covers\versions\1\BookCovers\sloth-slept-on.jpg
slowly-slowly-slowly-said-the-sloth,C:\Users\HP USER\.cache\kagglehub\datasets\thomaskonstantin\6000-children-and-teen-book-covers\versions\1\BookCovers\slowly-slowly-slowly-said-the-sloth.jpg
slug-in-love,C:\Users\HP USER\.cache\kagglehub\datasets\thomaskonstantin\6000-children-and-teen-book-covers\versions\1\BookCovers\slug-in-love.jpg
small-2,C:\Users\HP USER\.cache\kagglehub\datasets\thomaskonstantin\6000-children-and-teen-book-covers\versions\1\BookCovers\small-2.jpg
small-blue-thing,C:\Users\HP USER\.cache\kagglehub\datasets\thomaskonstantin\6000-children-and-teen-book-covers\versions\1\BookCovers\small-blue-thing.jpg
small-bunny-s-blue,C:\Users\HP USER\.cache\kagglehub\datasets\thomaskonstantin\6000-children-and-teen-book-covers\versions\1\BookCovers\small-bunny-s-blue.jpg
small-elephants-bathtime,C:\Users\HP USER\.cache\kagglehub\datasets\thomaskonstantin\6000-children-and-teen-book-covers\versions\1\BookCovers\small-elephants-bathtime.jpg
small-in-the-city,C:\Users\HP USER\.cache\kagglehub\datasets\thomaskonstantin\6000-children-and-teen-book-covers\versions\1\BookCovers\small-in-the-city.jpg
small-steps,C:\Users\HP USER\.cache\kagglehub\datasets\thomaskonstantin\6000-children-and-teen-book-covers\versions\1\BookCovers\small-steps.jpg
small-things,C:\Users\HP USER\.cache\kagglehub\datasets\thomaskonstantin\6000-children-and-teen-book-covers\versions\1\BookCovers\small-things.jpg
small-town-hero,C:\Users\HP USER\.cache\kagglehub\datasets\thomaskonstantin\6000-children-and-teen-book-covers\versions\1\BookCovers\small-town-hero.jpg
smartestgiant,C:\Users\HP USER\.cache\kagglehub\datasets\thomaskonstantin\6000-children-and-teen-book-covers\versions\1\BookCovers\smartestgiant.jpg
smell-my-foot,C:\Users\HP USER\.cache\kagglehub\datasets\thomaskonstantin\6000-children-and-teen-book-covers\versions\1\BookCovers\smell-my-foot.jpg
smile,C:\Users\HP USER\.cache\kagglehub\datasets\thomaskonstantin\6000-children-and-teen-book-covers\versions\1\BookCovers\smile.jpg
smoke-and-mirrors,C:\Users\HP USER\.cache\kagglehub\datasets\thomaskonstantin\6000-children-and-teen-book-covers\versions\1\BookCovers\smoke-and-mirrors.jpg
smokybaconcrispobsession,C:\Users\HP USER\.cache\kagglehub\datasets\thomaskonstantin\6000-children-and-teen-book-covers\versions\1\BookCovers\smokybaconcrispobsession.jpg
snail-trail,C:\Users\HP USER\.cache\kagglehub\datasets\thomaskonstantin\6000-children-and-teen-book-covers\versions\1\BookCovers\snail-trail.jpg
snail-where-are-you,C:\Users\HP USER\.cache\kagglehub\datasets\thomaskonstantin\6000-children-and-teen-book-covers\versions\1\BookCovers\snail-where-are-you.jpg
snail,C:\Users\HP USER\.cache\kagglehub\datasets\thomaskonstantin\6000-children-and-teen-book-covers\versions\1\BookCovers\snail.jpg
snails-legs,C:\Users\HP USER\.cache\kagglehub\datasets\thomaskonstantin\6000-children-and-teen-book-covers\versions\1\BookCovers\snails-legs.jpg
snailwhale,C:\Users\HP USER\.cache\kagglehub\datasets\thomaskonstantin\6000-children-and-teen-book-covers\versions\1\BookCovers\snailwhale.jpg
snakeheadd,C:\Users\HP USER\.cache\kagglehub\datasets\thomaskonstantin\6000-children-and-teen-book-covers\versions\1\BookCovers\snakeheadd.jpg
snotgreen,C:\Users\HP USER\.cache\kagglehub\datasets\thomaskonstantin\6000-children-and-teen-book-covers\versions\1\BookCovers\snotgreen.jpg
snow-bears,C:\Users\HP USER\.cache\kagglehub\datasets\thomaskonstantin\6000-children-and-teen-book-covers\versions\1\BookCovers\snow-bears.jpg
snow-foal,C:\Users\HP USER\.cache\kagglehub\datasets\thomaskonstantin\6000-children-and-teen-book-covers\versions\1\BookCovers\snow-foal.jpg
snow-queen,C:\Users\HP USER\.cache\kagglehub\datasets\thomaskonstantin\6000-children-and-teen-book-covers\versions\1\BookCovers\snow-queen.jpg
snow-white-in-new-york,C:\Users\HP USER\.cache\kagglehub\datasets\thomaskonstantin\6000-children-and-teen-book-covers\versions\1\BookCovers\snow-white-in-new-york.jpg
snow-white-rose-red,C:\Users\HP USER\.cache\kagglehub\datasets\thomaskonstantin\6000-children-and-teen-book-covers\versions\1\BookCovers\snow-white-rose-red.jpg
snowball,C:\Users\HP USER\.cache\kagglehub\datasets\thomaskonstantin\6000-children-and-teen-book-covers\versions\1\BookCovers\snowball.jpg
snowbeast,C:\Users\HP USER\.cache\kagglehub\datasets\thomaskonstantin\6000-children-and-teen-book-covers\versions\1\BookCovers\snowbeast.jpg
snowdogg,C:\Users\HP USER\.cache\kagglehub\datasets\thomaskonstantin\6000-children-and-teen-book-covers\versions\1\BookCovers\snowdogg.jpg
snowflakes,C:\Users\HP USER\.cache\kagglehub\datasets\thomaskonstantin\6000-children-and-teen-book-covers\versions\1\BookCovers\snowflakes.jpg
snowglobe,C:\Users\HP USER\.cache\kagglehub\datasets\thomaskonstantin\6000-children-and-teen-book-covers\versions\1\BookCovers\snowglobe.jpg
snugglebunny,C:\Users\HP USER\.cache\kagglehub\datasets\thomaskonstantin\6000-children-and-teen-book-covers\versions\1\BookCovers\snugglebunny.jpg
so-much,C:\Users\HP USER\.cache\kagglehub\datasets\thomaskonstantin\6000-children-and-teen-book-covers\versions\1\BookCovers\so-much.jpg
solaceroad,C:\Users\HP USER\.cache\kagglehub\datasets\thomaskonstantin\6000-children-and-teen-book-covers\versions\1\BookCovers\solaceroad.jpg
solomon-and-mortimer,C:\Users\HP USER\.cache\kagglehub\datasets\thomaskonstantin\6000-children-and-teen-book-covers\versions\1\BookCovers\solomon-and-mortimer.jpg
some-days,C:\Users\HP USER\.cache\kagglehub\datasets\thomaskonstantin\6000-children-and-teen-book-covers\versions\1\BookCovers\some-days.jpg
some-dinosaurs-are-small,C:\Users\HP USER\.cache\kagglehub\datasets\thomaskonstantin\6000-children-and-teen-book-covers\versions\1\BookCovers\some-dinosaurs-are-small.jpg
some-otherwar,C:\Users\HP USER\.cache\kagglehub\datasets\thomaskonstantin\6000-children-and-teen-book-covers\versions\1\BookCovers\some-otherwar.jpg
some-places-more-than-others,C:\Users\HP USER\.cache\kagglehub\datasets\thomaskonstantin\6000-children-and-teen-book-covers\versions\1\BookCovers\some-places-more-than-others.jpg
somebody-give-this-heart-a-pen,C:\Users\HP USER\.cache\kagglehub\datasets\thomaskonstantin\6000-children-and-teen-book-covers\versions\1\BookCovers\somebody-give-this-heart-a-pen.jpg
somebody-swallowed-stanley-book-cover,C:\Users\HP USER\.cache\kagglehub\datasets\thomaskonstantin\6000-children-and-teen-book-covers\versions\1\BookCovers\somebody-swallowed-stanley-book-cover.jpg
somedogsdo,C:\Users\HP USER\.cache\kagglehub\datasets\thomaskonstantin\6000-children-and-teen-book-covers\versions\1\BookCovers\somedogsdo.jpg
something-about-a-bear,C:\Users\HP USER\.cache\kagglehub\datasets\thomaskonstantin\6000-children-and-teen-book-covers\versions\1\BookCovers\something-about-a-bear.jpg
something-else,C:\Users\HP USER\.cache\kagglehub\datasets\thomaskonstantin\6000-children-and-teen-book-covers\versions\1\BookCovers\something-else.jpg
somethingdifferentaboutdad,C:\Users\HP USER\.cache\kagglehub\datasets\thomaskonstantin\6000-children-and-teen-book-covers\versions\1\BookCovers\somethingdifferentaboutdad.jpg
somethings-drastic-1-,C:\Users\HP USER\.cache\kagglehub\datasets\thomaskonstantin\6000-children-and-teen-book-covers\versions\1\BookCovers\somethings-drastic-1-.jpg
sometimes-i-like-to-curl-up-in-a-ball-weithiau-rwyn-hoff-o-gyrlion-belen,C:\Users\HP USER\.cache\kagglehub\datasets\thomaskonstantin\6000-children-and-teen-book-covers\versions\1\BookCovers\sometimes-i-like-to-curl-up-in-a-ball-weithiau-rwyn-hoff-o-gyrlion-belen.jpg
sometimes,C:\Users\HP USER\.cache\kagglehub\datasets\thomaskonstantin\6000-children-and-teen-book-covers\versions\1\BookCovers\sometimes.jpg
son-of-the-circus2,C:\Users\HP USER\.cache\kagglehub\datasets\thomaskonstantin\6000-children-and-teen-book-covers\versions\1\BookCovers\son-of-the-circus2.jpg
sona-sharma-very-best-big-sister,C:\Users\HP USER\.cache\kagglehub\datasets\thomaskonstantin\6000-children-and-teen-book-covers\versions\1\BookCovers\sona-sharma-very-best-big-sister.jpg
song-for-a-whale,C:\Users\HP USER\.cache\kagglehub\datasets\thomaskonstantin\6000-children-and-teen-book-covers\versions\1\BookCovers\song-for-a-whale.jpg
song-of-the-current,C:\Users\HP USER\.cache\kagglehub\datasets\thomaskonstantin\6000-children-and-teen-book-covers\versions\1\BookCovers\song-of-the-current.jpg
song,C:\Users\HP USER\.cache\kagglehub\datasets\thomaskonstantin\6000-children-and-teen-book-covers\versions\1\BookCovers\song.jpg
song4summer,C:\Users\HP USER\.cache\kagglehub\datasets\thomaskonstantin\6000-children-and-teen-book-covers\versions\1\BookCovers\song4summer.jpg
songs-about-a-girl,C:\Users\HP USER\.cache\kagglehub\datasets\thomaskonstantin\6000-children-and-teen-book-covers\versions\1\BookCovers\songs-about-a-girl.jpg
sononeptune,C:\Users\HP USER\.cache\kagglehub\datasets\thomaskonstantin\6000-children-and-teen-book-covers\versions\1\BookCovers\sononeptune.jpg
soonchildv,C:\Users\HP USER\.cache\kagglehub\datasets\thomaskonstantin\6000-children-and-teen-book-covers\versions\1\BookCovers\soonchildv.jpg
sophie-johnson-unicorn-expert,C:\Users\HP USER\.cache\kagglehub\datasets\thomaskonstantin\6000-children-and-teen-book-covers\versions\1\BookCovers\sophie-johnson-unicorn-expert.jpg
sophie-someones,C:\Users\HP USER\.cache\kagglehub\datasets\thomaskonstantin\6000-children-and-teen-book-covers\versions\1\BookCovers\sophie-someones.jpg
sophie-takes-to-the-sky,C:\Users\HP USER\.cache\kagglehub\datasets\thomaskonstantin\6000-children-and-teen-book-covers\versions\1\BookCovers\sophie-takes-to-the-sky.jpg
sorceress,C:\Users\HP USER\.cache\kagglehub\datasets\thomaskonstantin\6000-children-and-teen-book-covers\versions\1\BookCovers\sorceress.jpg
soul-eater,C:\Users\HP USER\.cache\kagglehub\datasets\thomaskonstantin\6000-children-and-teen-book-covers\versions\1\BookCovers\soul-eater.jpg
soulmates,C:\Users\HP USER\.cache\kagglehub\datasets\thomaskonstantin\6000-children-and-teen-book-covers\versions\1\BookCovers\soulmates.jpg
sound-of-whales,C:\Users\HP USER\.cache\kagglehub\datasets\thomaskonstantin\6000-children-and-teen-book-covers\versions\1\BookCovers\sound-of-whales.jpg
sounds-of-nature-world-of-birds,C:\Users\HP USER\.cache\kagglehub\datasets\thomaskonstantin\6000-children-and-teen-book-covers\versions\1\BookCovers\sounds-of-nature-world-of-birds.jpg
sounds-of-the-wild-jungle,C:\Users\HP USER\.cache\kagglehub\datasets\thomaskonstantin\6000-children-and-teen-book-covers\versions\1\BookCovers\sounds-of-the-wild-jungle.jpg
south-sea-tales,C:\Users\HP USER\.cache\kagglehub\datasets\thomaskonstantin\6000-children-and-teen-book-covers\versions\1\BookCovers\south-sea-tales.jpg
sovay,C:\Users\HP USER\.cache\kagglehub\datasets\thomaskonstantin\6000-children-and-teen-book-covers\versions\1\BookCovers\sovay.jpg
space-ace,C:\Users\HP USER\.cache\kagglehub\datasets\thomaskonstantin\6000-children-and-teen-book-covers\versions\1\BookCovers\space-ace.jpg
space-detectives,C:\Users\HP USER\.cache\kagglehub\datasets\thomaskonstantin\6000-children-and-teen-book-covers\versions\1\BookCovers\space-detectives.jpg
space-dog,C:\Users\HP USER\.cache\kagglehub\datasets\thomaskonstantin\6000-children-and-teen-book-covers\versions\1\BookCovers\space-dog.jpg
space-in-30-seconds,C:\Users\HP USER\.cache\kagglehub\datasets\thomaskonstantin\6000-children-and-teen-book-covers\versions\1\BookCovers\space-in-30-seconds.jpg
space-kids,C:\Users\HP USER\.cache\kagglehub\datasets\thomaskonstantin\6000-children-and-teen-book-covers\versions\1\BookCovers\space-kids.jpg
space-oddity,C:\Users\HP USER\.cache\kagglehub\datasets\thomaskonstantin\6000-children-and-teen-book-covers\versions\1\BookCovers\space-oddity.jpg
space-pirates-treasure,C:\Users\HP USER\.cache\kagglehub\datasets\thomaskonstantin\6000-children-and-teen-book-covers\versions\1\BookCovers\space-pirates-treasure.jpg
spacewhizzbangstory300,C:\Users\HP USER\.cache\kagglehub\datasets\thomaskonstantin\6000-children-and-teen-book-covers\versions\1\BookCovers\spacewhizzbangstory300.jpg
spaghetti-hunters,C:\Users\HP USER\.cache\kagglehub\datasets\thomaskonstantin\6000-children-and-teen-book-covers\versions\1\BookCovers\spaghetti-hunters.jpg
spaghetti-with-the-yeti,C:\Users\HP USER\.cache\kagglehub\datasets\thomaskonstantin\6000-children-and-teen-book-covers\versions\1\BookCovers\spaghetti-with-the-yeti.jpg
spangles-mcnasty-and-the-fish-of-gold,C:\Users\HP USER\.cache\kagglehub\datasets\thomaskonstantin\6000-children-and-teen-book-covers\versions\1\BookCovers\spangles-mcnasty-and-the-fish-of-gold.jpg
sparky-,C:\Users\HP USER\.cache\kagglehub\datasets\thomaskonstantin\6000-children-and-teen-book-covers\versions\1\BookCovers\sparky-.jpg
specs-for-rex,C:\Users\HP USER\.cache\kagglehub\datasets\thomaskonstantin\6000-children-and-teen-book-covers\versions\1\BookCovers\specs-for-rex.jpg
spectre-collectors,C:\Users\HP USER\.cache\kagglehub\datasets\thomaskonstantin\6000-children-and-teen-book-covers\versions\1\BookCovers\spectre-collectors.jpg
speed-of-light,C:\Users\HP USER\.cache\kagglehub\datasets\thomaskonstantin\6000-children-and-teen-book-covers\versions\1\BookCovers\speed-of-light.jpg
spellstrouble,C:\Users\HP USER\.cache\kagglehub\datasets\thomaskonstantin\6000-children-and-teen-book-covers\versions\1\BookCovers\spellstrouble.jpg
spinderella,C:\Users\HP USER\.cache\kagglehub\datasets\thomaskonstantin\6000-children-and-teen-book-covers\versions\1\BookCovers\spinderella.jpg
spirit-walker,C:\Users\HP USER\.cache\kagglehub\datasets\thomaskonstantin\6000-children-and-teen-book-covers\versions\1\BookCovers\spirit-walker.jpg
spirited-away-new,C:\Users\HP USER\.cache\kagglehub\datasets\thomaskonstantin\6000-children-and-teen-book-covers\versions\1\BookCovers\spirited-away-new.jpg
splash,C:\Users\HP USER\.cache\kagglehub\datasets\thomaskonstantin\6000-children-and-teen-book-covers\versions\1\BookCovers\splash.jpg
splat-the-fake-fact,C:\Users\HP USER\.cache\kagglehub\datasets\thomaskonstantin\6000-children-and-teen-book-covers\versions\1\BookCovers\splat-the-fake-fact.jpg
splintered-light,C:\Users\HP USER\.cache\kagglehub\datasets\thomaskonstantin\6000-children-and-teen-book-covers\versions\1\BookCovers\splintered-light.jpg
splish-splash-ducky,C:\Users\HP USER\.cache\kagglehub\datasets\thomaskonstantin\6000-children-and-teen-book-covers\versions\1\BookCovers\splish-splash-ducky.jpg
split-second,C:\Users\HP USER\.cache\kagglehub\datasets\thomaskonstantin\6000-children-and-teen-book-covers\versions\1\BookCovers\split-second.jpg
spooks-and-scooters,C:\Users\HP USER\.cache\kagglehub\datasets\thomaskonstantin\6000-children-and-teen-book-covers\versions\1\BookCovers\spooks-and-scooters.jpg
spooks-apprentice,C:\Users\HP USER\.cache\kagglehub\datasets\thomaskonstantin\6000-children-and-teen-book-covers\versions\1\BookCovers\spooks-apprentice.jpg
spoonfulofjam,C:\Users\HP USER\.cache\kagglehub\datasets\thomaskonstantin\6000-children-and-teen-book-covers\versions\1\BookCovers\spoonfulofjam.jpg
sportopedia,C:\Users\HP USER\.cache\kagglehub\datasets\thomaskonstantin\6000-children-and-teen-book-covers\versions\1\BookCovers\sportopedia.jpg
sports-are-fantastic-fun,C:\Users\HP USER\.cache\kagglehub\datasets\thomaskonstantin\6000-children-and-teen-book-covers\versions\1\BookCovers\sports-are-fantastic-fun.jpg
spot-the-mistake-lands-of-long-ago,C:\Users\HP USER\.cache\kagglehub\datasets\thomaskonstantin\6000-children-and-teen-book-covers\versions\1\BookCovers\spot-the-mistake-lands-of-long-ago.jpg
spots-baby-sister,C:\Users\HP USER\.cache\kagglehub\datasets\thomaskonstantin\6000-children-and-teen-book-covers\versions\1\BookCovers\spots-baby-sister.jpg
spotty-lottie-and-me,C:\Users\HP USER\.cache\kagglehub\datasets\thomaskonstantin\6000-children-and-teen-book-covers\versions\1\BookCovers\spotty-lottie-and-me.jpg
sproutzilla,C:\Users\HP USER\.cache\kagglehub\datasets\thomaskonstantin\6000-children-and-teen-book-covers\versions\1\BookCovers\sproutzilla.jpg
spud,C:\Users\HP USER\.cache\kagglehub\datasets\thomaskonstantin\6000-children-and-teen-book-covers\versions\1\BookCovers\spud.jpg
sputnik-guide-to-life-on-earth,C:\Users\HP USER\.cache\kagglehub\datasets\thomaskonstantin\6000-children-and-teen-book-covers\versions\1\BookCovers\sputnik-guide-to-life-on-earth.jpg
spy-toys,C:\Users\HP USER\.cache\kagglehub\datasets\thomaskonstantin\6000-children-and-teen-book-covers\versions\1\BookCovers\spy-toys.jpg
spy-who-loved-school-dinners,C:\Users\HP USER\.cache\kagglehub\datasets\thomaskonstantin\6000-children-and-teen-book-covers\versions\1\BookCovers\spy-who-loved-school-dinners.jpg
spyder,C:\Users\HP USER\.cache\kagglehub\datasets\thomaskonstantin\6000-children-and-teen-book-covers\versions\1\BookCovers\spyder.jpg
spylark,C:\Users\HP USER\.cache\kagglehub\datasets\thomaskonstantin\6000-children-and-teen-book-covers\versions\1\BookCovers\spylark.jpg
spynosaur-vs-goldenclaw,C:\Users\HP USER\.cache\kagglehub\datasets\thomaskonstantin\6000-children-and-teen-book-covers\versions\1\BookCovers\spynosaur-vs-goldenclaw.jpg
spynosaur,C:\Users\HP USER\.cache\kagglehub\datasets\thomaskonstantin\6000-children-and-teen-book-covers\versions\1\BookCovers\spynosaur.jpg
square,C:\Users\HP USER\.cache\kagglehub\datasets\thomaskonstantin\6000-children-and-teen-book-covers\versions\1\BookCovers\square.jpg
squirrels-busy-da,C:\Users\HP USER\.cache\kagglehub\datasets\thomaskonstantin\6000-children-and-teen-book-covers\versions\1\BookCovers\squirrels-busy-da.jpg
squish-squash-squeeze,C:\Users\HP USER\.cache\kagglehub\datasets\thomaskonstantin\6000-children-and-teen-book-covers\versions\1\BookCovers\squish-squash-squeeze.jpg
squishy-mcfluff-nana-dot,C:\Users\HP USER\.cache\kagglehub\datasets\thomaskonstantin\6000-children-and-teen-book-covers\versions\1\BookCovers\squishy-mcfluff-nana-dot.jpg
squishy-mcfluff-the-invisible-cat-on-with-the-show,C:\Users\HP USER\.cache\kagglehub\datasets\thomaskonstantin\6000-children-and-teen-book-covers\versions\1\BookCovers\squishy-mcfluff-the-invisible-cat-on-with-the-show.jpg
st-grizles,C:\Users\HP USER\.cache\kagglehub\datasets\thomaskonstantin\6000-children-and-teen-book-covers\versions\1\BookCovers\st-grizles.jpg
stand-up-stand-out,C:\Users\HP USER\.cache\kagglehub\datasets\thomaskonstantin\6000-children-and-teen-book-covers\versions\1\BookCovers\stand-up-stand-out.jpg
standing-in-for-lincoln-green,C:\Users\HP USER\.cache\kagglehub\datasets\thomaskonstantin\6000-children-and-teen-book-covers\versions\1\BookCovers\standing-in-for-lincoln-green.jpg
stanley-the-amazing-knitting-cat,C:\Users\HP USER\.cache\kagglehub\datasets\thomaskonstantin\6000-children-and-teen-book-covers\versions\1\BookCovers\stanley-the-amazing-knitting-cat.jpg
stanly-s-ghost,C:\Users\HP USER\.cache\kagglehub\datasets\thomaskonstantin\6000-children-and-teen-book-covers\versions\1\BookCovers\stanly-s-ghost.jpg
star-by-star,C:\Users\HP USER\.cache\kagglehub\datasets\thomaskonstantin\6000-children-and-teen-book-covers\versions\1\BookCovers\star-by-star.jpg
star-cat,C:\Users\HP USER\.cache\kagglehub\datasets\thomaskonstantin\6000-children-and-teen-book-covers\versions\1\BookCovers\star-cat.jpg
star-fighters,C:\Users\HP USER\.cache\kagglehub\datasets\thomaskonstantin\6000-children-and-teen-book-covers\versions\1\BookCovers\star-fighters.jpg
star-of-the-zoo,C:\Users\HP USER\.cache\kagglehub\datasets\thomaskonstantin\6000-children-and-teen-book-covers\versions\1\BookCovers\star-of-the-zoo.jpg
star-stories,C:\Users\HP USER\.cache\kagglehub\datasets\thomaskonstantin\6000-children-and-teen-book-covers\versions\1\BookCovers\star-stories.jpg
star-wars-snare,C:\Users\HP USER\.cache\kagglehub\datasets\thomaskonstantin\6000-children-and-teen-book-covers\versions\1\BookCovers\star-wars-snare.jpg
starcross-new,C:\Users\HP USER\.cache\kagglehub\datasets\thomaskonstantin\6000-children-and-teen-book-covers\versions\1\BookCovers\starcross-new.jpg
starcrossed,C:\Users\HP USER\.cache\kagglehub\datasets\thomaskonstantin\6000-children-and-teen-book-covers\versions\1\BookCovers\starcrossed.jpg
stardust,C:\Users\HP USER\.cache\kagglehub\datasets\thomaskonstantin\6000-children-and-teen-book-covers\versions\1\BookCovers\stardust.jpg
starfacedcroc,C:\Users\HP USER\.cache\kagglehub\datasets\thomaskonstantin\6000-children-and-teen-book-covers\versions\1\BookCovers\starfacedcroc.jpg
starfell---willow-moss-and-the-forgotten-tale,C:\Users\HP USER\.cache\kagglehub\datasets\thomaskonstantin\6000-children-and-teen-book-covers\versions\1\BookCovers\starfell---willow-moss-and-the-forgotten-tale.jpg
starfell,C:\Users\HP USER\.cache\kagglehub\datasets\thomaskonstantin\6000-children-and-teen-book-covers\versions\1\BookCovers\starfell.jpg
stargazers-skyscrapers-and-extraordinary-sausages,C:\Users\HP USER\.cache\kagglehub\datasets\thomaskonstantin\6000-children-and-teen-book-covers\versions\1\BookCovers\stargazers-skyscrapers-and-extraordinary-sausages.jpg
stargazing,C:\Users\HP USER\.cache\kagglehub\datasets\thomaskonstantin\6000-children-and-teen-book-covers\versions\1\BookCovers\stargazing.jpg
starofkazan,C:\Users\HP USER\.cache\kagglehub\datasets\thomaskonstantin\6000-children-and-teen-book-covers\versions\1\BookCovers\starofkazan.jpg
starring-carmen,C:\Users\HP USER\.cache\kagglehub\datasets\thomaskonstantin\6000-children-and-teen-book-covers\versions\1\BookCovers\starring-carmen.jpg
starring-grace,C:\Users\HP USER\.cache\kagglehub\datasets\thomaskonstantin\6000-children-and-teen-book-covers\versions\1\BookCovers\starring-grace.jpg
starring-tracy-beaker,C:\Users\HP USER\.cache\kagglehub\datasets\thomaskonstantin\6000-children-and-teen-book-covers\versions\1\BookCovers\starring-tracy-beaker.jpg
stars-with-flaming-tails,C:\Users\HP USER\.cache\kagglehub\datasets\thomaskonstantin\6000-children-and-teen-book-covers\versions\1\BookCovers\stars-with-flaming-tails.jpg
starters,C:\Users\HP USER\.cache\kagglehub\datasets\thomaskonstantin\6000-children-and-teen-book-covers\versions\1\BookCovers\starters.jpg
starting-school,C:\Users\HP USER\.cache\kagglehub\datasets\thomaskonstantin\6000-children-and-teen-book-covers\versions\1\BookCovers\starting-school.jpg
startled-by-his-furry-shorts,C:\Users\HP USER\.cache\kagglehub\datasets\thomaskonstantin\6000-children-and-teen-book-covers\versions\1\BookCovers\startled-by-his-furry-shorts.jpg
state-of-grace,C:\Users\HP USER\.cache\kagglehub\datasets\thomaskonstantin\6000-children-and-teen-book-covers\versions\1\BookCovers\state-of-grace.jpg
state-of-sorrow,C:\Users\HP USER\.cache\kagglehub\datasets\thomaskonstantin\6000-children-and-teen-book-covers\versions\1\BookCovers\state-of-sorrow.jpg
station-zero,C:\Users\HP USER\.cache\kagglehub\datasets\thomaskonstantin\6000-children-and-teen-book-covers\versions\1\BookCovers\station-zero.jpg
stay-a-little-longer,C:\Users\HP USER\.cache\kagglehub\datasets\thomaskonstantin\6000-children-and-teen-book-covers\versions\1\BookCovers\stay-a-little-longer.jpg
steam-punk-pirates-leaky-battery,C:\Users\HP USER\.cache\kagglehub\datasets\thomaskonstantin\6000-children-and-teen-book-covers\versions\1\BookCovers\steam-punk-pirates-leaky-battery.jpg
steam-punk-pirates-spiders,C:\Users\HP USER\.cache\kagglehub\datasets\thomaskonstantin\6000-children-and-teen-book-covers\versions\1\BookCovers\steam-punk-pirates-spiders.jpg
stefano-the-squid-hero-of-the-deep,C:\Users\HP USER\.cache\kagglehub\datasets\thomaskonstantin\6000-children-and-teen-book-covers\versions\1\BookCovers\stefano-the-squid-hero-of-the-deep.jpg
step-by-wicked-step,C:\Users\HP USER\.cache\kagglehub\datasets\thomaskonstantin\6000-children-and-teen-book-covers\versions\1\BookCovers\step-by-wicked-step.jpg
step-into-your-power,C:\Users\HP USER\.cache\kagglehub\datasets\thomaskonstantin\6000-children-and-teen-book-covers\versions\1\BookCovers\step-into-your-power.jpg
sterling-and-the-canary,C:\Users\HP USER\.cache\kagglehub\datasets\thomaskonstantin\6000-children-and-teen-book-covers\versions\1\BookCovers\sterling-and-the-canary.jpg
steven-seagull,C:\Users\HP USER\.cache\kagglehub\datasets\thomaskonstantin\6000-children-and-teen-book-covers\versions\1\BookCovers\steven-seagull.jpg
stick--fetch,C:\Users\HP USER\.cache\kagglehub\datasets\thomaskonstantin\6000-children-and-teen-book-covers\versions\1\BookCovers\stick--fetch.jpg
stickman,C:\Users\HP USER\.cache\kagglehub\datasets\thomaskonstantin\6000-children-and-teen-book-covers\versions\1\BookCovers\stickman.jpg
stig,C:\Users\HP USER\.cache\kagglehub\datasets\thomaskonstantin\6000-children-and-teen-book-covers\versions\1\BookCovers\stig.jpg
still-stuck,C:\Users\HP USER\.cache\kagglehub\datasets\thomaskonstantin\6000-children-and-teen-book-covers\versions\1\BookCovers\still-stuck.jpg
still-water-cover-image,C:\Users\HP USER\.cache\kagglehub\datasets\thomaskonstantin\6000-children-and-teen-book-covers\versions\1\BookCovers\still-water-cover-image.jpg
stinkbomb-ketchup-face-pizza,C:\Users\HP USER\.cache\kagglehub\datasets\thomaskonstantin\6000-children-and-teen-book-covers\versions\1\BookCovers\stinkbomb-ketchup-face-pizza.jpg
stinkbomb-ketchup-face,C:\Users\HP USER\.cache\kagglehub\datasets\thomaskonstantin\6000-children-and-teen-book-covers\versions\1\BookCovers\stinkbomb-ketchup-face.jpg
stomp-dinosaur-stomp,C:\Users\HP USER\.cache\kagglehub\datasets\thomaskonstantin\6000-children-and-teen-book-covers\versions\1\BookCovers\stomp-dinosaur-stomp.jpg
stone-age-b,C:\Users\HP USER\.cache\kagglehub\datasets\thomaskonstantin\6000-children-and-teen-book-covers\versions\1\BookCovers\stone-age-b.jpg
stone-girl-bone-girl,C:\Users\HP USER\.cache\kagglehub\datasets\thomaskonstantin\6000-children-and-teen-book-covers\versions\1\BookCovers\stone-girl-bone-girl.jpg
stone-soup-new,C:\Users\HP USER\.cache\kagglehub\datasets\thomaskonstantin\6000-children-and-teen-book-covers\versions\1\BookCovers\stone-soup-new.jpg
stonebird,C:\Users\HP USER\.cache\kagglehub\datasets\thomaskonstantin\6000-children-and-teen-book-covers\versions\1\BookCovers\stonebird.jpg
stoneheart,C:\Users\HP USER\.cache\kagglehub\datasets\thomaskonstantin\6000-children-and-teen-book-covers\versions\1\BookCovers\stoneheart.jpg
stop-in-the-name-of-pants,C:\Users\HP USER\.cache\kagglehub\datasets\thomaskonstantin\6000-children-and-teen-book-covers\versions\1\BookCovers\stop-in-the-name-of-pants.jpg
stop-picking-on-me-a-first-look-at-bullying,C:\Users\HP USER\.cache\kagglehub\datasets\thomaskonstantin\6000-children-and-teen-book-covers\versions\1\BookCovers\stop-picking-on-me-a-first-look-at-bullying.jpg
stop-that-dinosaur,C:\Users\HP USER\.cache\kagglehub\datasets\thomaskonstantin\6000-children-and-teen-book-covers\versions\1\BookCovers\stop-that-dinosaur.jpg
stop-the-train,C:\Users\HP USER\.cache\kagglehub\datasets\thomaskonstantin\6000-children-and-teen-book-covers\versions\1\BookCovers\stop-the-train.jpg
stop-those-monsters,C:\Users\HP USER\.cache\kagglehub\datasets\thomaskonstantin\6000-children-and-teen-book-covers\versions\1\BookCovers\stop-those-monsters.jpg
stories-for-a-fragile-planet,C:\Users\HP USER\.cache\kagglehub\datasets\thomaskonstantin\6000-children-and-teen-book-covers\versions\1\BookCovers\stories-for-a-fragile-planet.jpg
stories-of-ww1,C:\Users\HP USER\.cache\kagglehub\datasets\thomaskonstantin\6000-children-and-teen-book-covers\versions\1\BookCovers\stories-of-ww1.jpg
storm-hound,C:\Users\HP USER\.cache\kagglehub\datasets\thomaskonstantin\6000-children-and-teen-book-covers\versions\1\BookCovers\storm-hound.jpg
storm-wake,C:\Users\HP USER\.cache\kagglehub\datasets\thomaskonstantin\6000-children-and-teen-book-covers\versions\1\BookCovers\storm-wake.jpg
storm-whale,C:\Users\HP USER\.cache\kagglehub\datasets\thomaskonstantin\6000-children-and-teen-book-covers\versions\1\BookCovers\storm-whale.jpg
storm-witch,C:\Users\HP USER\.cache\kagglehub\datasets\thomaskonstantin\6000-children-and-teen-book-covers\versions\1\BookCovers\storm-witch.jpg
storm,C:\Users\HP USER\.cache\kagglehub\datasets\thomaskonstantin\6000-children-and-teen-book-covers\versions\1\BookCovers\storm.jpg
stormbreakergn,C:\Users\HP USER\.cache\kagglehub\datasets\thomaskonstantin\6000-children-and-teen-book-covers\versions\1\BookCovers\stormbreakergn.jpg
stormbreakerz,C:\Users\HP USER\.cache\kagglehub\datasets\thomaskonstantin\6000-children-and-teen-book-covers\versions\1\BookCovers\stormbreakerz.jpg
stormwalker,C:\Users\HP USER\.cache\kagglehub\datasets\thomaskonstantin\6000-children-and-teen-book-covers\versions\1\BookCovers\stormwalker.jpg
stormwhale-in-winter,C:\Users\HP USER\.cache\kagglehub\datasets\thomaskonstantin\6000-children-and-teen-book-covers\versions\1\BookCovers\stormwhale-in-winter.jpg
stormy-weather,C:\Users\HP USER\.cache\kagglehub\datasets\thomaskonstantin\6000-children-and-teen-book-covers\versions\1\BookCovers\stormy-weather.jpg
story-like-the-wind,C:\Users\HP USER\.cache\kagglehub\datasets\thomaskonstantin\6000-children-and-teen-book-covers\versions\1\BookCovers\story-like-the-wind.jpg
story-of-a-seagull-and-cat,C:\Users\HP USER\.cache\kagglehub\datasets\thomaskonstantin\6000-children-and-teen-book-covers\versions\1\BookCovers\story-of-a-seagull-and-cat.jpg
story-of-the-blue-planet,C:\Users\HP USER\.cache\kagglehub\datasets\thomaskonstantin\6000-children-and-teen-book-covers\versions\1\BookCovers\story-of-the-blue-planet.jpg
story-time-with-ted,C:\Users\HP USER\.cache\kagglehub\datasets\thomaskonstantin\6000-children-and-teen-book-covers\versions\1\BookCovers\story-time-with-ted.jpg
storyworld-christmas-tales,C:\Users\HP USER\.cache\kagglehub\datasets\thomaskonstantin\6000-children-and-teen-book-covers\versions\1\BookCovers\storyworld-christmas-tales.jpg
strange-but-true,C:\Users\HP USER\.cache\kagglehub\datasets\thomaskonstantin\6000-children-and-teen-book-covers\versions\1\BookCovers\strange-but-true.jpg
strange-everafter,C:\Users\HP USER\.cache\kagglehub\datasets\thomaskonstantin\6000-children-and-teen-book-covers\versions\1\BookCovers\strange-everafter.jpg
stravaganza-city-of-flowers,C:\Users\HP USER\.cache\kagglehub\datasets\thomaskonstantin\6000-children-and-teen-book-covers\versions\1\BookCovers\stravaganza-city-of-flowers.jpg
stravaganza-city-of-masks,C:\Users\HP USER\.cache\kagglehub\datasets\thomaskonstantin\6000-children-and-teen-book-covers\versions\1\BookCovers\stravaganza-city-of-masks.jpg
stravaganza-city-of-secrets,C:\Users\HP USER\.cache\kagglehub\datasets\thomaskonstantin\6000-children-and-teen-book-covers\versions\1\BookCovers\stravaganza-city-of-secrets.jpg
stretch-your-confidence,C:\Users\HP USER\.cache\kagglehub\datasets\thomaskonstantin\6000-children-and-teen-book-covers\versions\1\BookCovers\stretch-your-confidence.jpg
strictly-no-elephants,C:\Users\HP USER\.cache\kagglehub\datasets\thomaskonstantin\6000-children-and-teen-book-covers\versions\1\BookCovers\strictly-no-elephants.jpg
stripes-of-the-sidestep-wolf,C:\Users\HP USER\.cache\kagglehub\datasets\thomaskonstantin\6000-children-and-teen-book-covers\versions\1\BookCovers\stripes-of-the-sidestep-wolf.jpg
strippedpjs,C:\Users\HP USER\.cache\kagglehub\datasets\thomaskonstantin\6000-children-and-teen-book-covers\versions\1\BookCovers\strippedpjs.jpg
stubby,C:\Users\HP USER\.cache\kagglehub\datasets\thomaskonstantin\6000-children-and-teen-book-covers\versions\1\BookCovers\stubby.jpg
stunt-double,C:\Users\HP USER\.cache\kagglehub\datasets\thomaskonstantin\6000-children-and-teen-book-covers\versions\1\BookCovers\stunt-double.jpg
stupid-baby,C:\Users\HP USER\.cache\kagglehub\datasets\thomaskonstantin\6000-children-and-teen-book-covers\versions\1\BookCovers\stupid-baby.jpg
submarine-,C:\Users\HP USER\.cache\kagglehub\datasets\thomaskonstantin\6000-children-and-teen-book-covers\versions\1\BookCovers\submarine-.jpg
subtleknife,C:\Users\HP USER\.cache\kagglehub\datasets\thomaskonstantin\6000-children-and-teen-book-covers\versions\1\BookCovers\subtleknife.jpg
suee-and-the-shadow,C:\Users\HP USER\.cache\kagglehub\datasets\thomaskonstantin\6000-children-and-teen-book-covers\versions\1\BookCovers\suee-and-the-shadow.jpg
sugarrush,C:\Users\HP USER\.cache\kagglehub\datasets\thomaskonstantin\6000-children-and-teen-book-covers\versions\1\BookCovers\sugarrush.jpg
suitcasekid,C:\Users\HP USER\.cache\kagglehub\datasets\thomaskonstantin\6000-children-and-teen-book-covers\versions\1\BookCovers\suitcasekid.jpg
sulwe,C:\Users\HP USER\.cache\kagglehub\datasets\thomaskonstantin\6000-children-and-teen-book-covers\versions\1\BookCovers\sulwe.jpg
summer-bird-blue,C:\Users\HP USER\.cache\kagglehub\datasets\thomaskonstantin\6000-children-and-teen-book-covers\versions\1\BookCovers\summer-bird-blue.jpg
summers-shadow,C:\Users\HP USER\.cache\kagglehub\datasets\thomaskonstantin\6000-children-and-teen-book-covers\versions\1\BookCovers\summers-shadow.jpg
summoner-the-outcast,C:\Users\HP USER\.cache\kagglehub\datasets\thomaskonstantin\6000-children-and-teen-book-covers\versions\1\BookCovers\summoner-the-outcast.jpg
sun-carol-thompson,C:\Users\HP USER\.cache\kagglehub\datasets\thomaskonstantin\6000-children-and-teen-book-covers\versions\1\BookCovers\sun-carol-thompson.jpg
sun-catchers,C:\Users\HP USER\.cache\kagglehub\datasets\thomaskonstantin\6000-children-and-teen-book-covers\versions\1\BookCovers\sun-catchers.jpg
sunday-rain,C:\Users\HP USER\.cache\kagglehub\datasets\thomaskonstantin\6000-children-and-teen-book-covers\versions\1\BookCovers\sunday-rain.jpg
sunita-s-secret,C:\Users\HP USER\.cache\kagglehub\datasets\thomaskonstantin\6000-children-and-teen-book-covers\versions\1\BookCovers\sunita-s-secret.jpg
sunk,C:\Users\HP USER\.cache\kagglehub\datasets\thomaskonstantin\6000-children-and-teen-book-covers\versions\1\BookCovers\sunk.jpg
sunny-and-the-mysteries-of-osisi,C:\Users\HP USER\.cache\kagglehub\datasets\thomaskonstantin\6000-children-and-teen-book-covers\versions\1\BookCovers\sunny-and-the-mysteries-of-osisi.jpg
super-animal-adventure-squad,C:\Users\HP USER\.cache\kagglehub\datasets\thomaskonstantin\6000-children-and-teen-book-covers\versions\1\BookCovers\super-animal-adventure-squad.jpg
super-awkward,C:\Users\HP USER\.cache\kagglehub\datasets\thomaskonstantin\6000-children-and-teen-book-covers\versions\1\BookCovers\super-awkward.jpg
super-cats-v-maximus-fang,C:\Users\HP USER\.cache\kagglehub\datasets\thomaskonstantin\6000-children-and-teen-book-covers\versions\1\BookCovers\super-cats-v-maximus-fang.jpg
super-cats,C:\Users\HP USER\.cache\kagglehub\datasets\thomaskonstantin\6000-children-and-teen-book-covers\versions\1\BookCovers\super-cats.jpg
super-frozen-magic-forest,C:\Users\HP USER\.cache\kagglehub\datasets\thomaskonstantin\6000-children-and-teen-book-covers\versions\1\BookCovers\super-frozen-magic-forest.jpg
super-happy-magic-forest-slug-of-doom,C:\Users\HP USER\.cache\kagglehub\datasets\thomaskonstantin\6000-children-and-teen-book-covers\versions\1\BookCovers\super-happy-magic-forest-slug-of-doom.jpg
super-happy-magic-forest,C:\Users\HP USER\.cache\kagglehub\datasets\thomaskonstantin\6000-children-and-teen-book-covers\versions\1\BookCovers\super-happy-magic-forest.jpg
super-pooper-and-whizz-kid-potty-power,C:\Users\HP USER\.cache\kagglehub\datasets\thomaskonstantin\6000-children-and-teen-book-covers\versions\1\BookCovers\super-pooper-and-whizz-kid-potty-power.jpg
super-rabbit,C:\Users\HP USER\.cache\kagglehub\datasets\thomaskonstantin\6000-children-and-teen-book-covers\versions\1\BookCovers\super-rabbit.jpg
super-sidekicks-front-cover,C:\Users\HP USER\.cache\kagglehub\datasets\thomaskonstantin\6000-children-and-teen-book-covers\versions\1\BookCovers\super-sidekicks-front-cover.jpg
super-sloth,C:\Users\HP USER\.cache\kagglehub\datasets\thomaskonstantin\6000-children-and-teen-book-covers\versions\1\BookCovers\super-sloth.jpg
super-sons,C:\Users\HP USER\.cache\kagglehub\datasets\thomaskonstantin\6000-children-and-teen-book-covers\versions\1\BookCovers\super-sons.jpg
superdad-s-day-off,C:\Users\HP USER\.cache\kagglehub\datasets\thomaskonstantin\6000-children-and-teen-book-covers\versions\1\BookCovers\superdad-s-day-off.jpg
superduck-book-jacket,C:\Users\HP USER\.cache\kagglehub\datasets\thomaskonstantin\6000-children-and-teen-book-covers\versions\1\BookCovers\superduck-book-jacket.jpg
superfairies-dancer-the-wild-pony,C:\Users\HP USER\.cache\kagglehub\datasets\thomaskonstantin\6000-children-and-teen-book-covers\versions\1\BookCovers\superfairies-dancer-the-wild-pony.jpg
superhero-baby,C:\Users\HP USER\.cache\kagglehub\datasets\thomaskonstantin\6000-children-and-teen-book-covers\versions\1\BookCovers\superhero-baby.jpg
superhero-mum,C:\Users\HP USER\.cache\kagglehub\datasets\thomaskonstantin\6000-children-and-teen-book-covers\versions\1\BookCovers\superhero-mum.jpg
superhero-street,C:\Users\HP USER\.cache\kagglehub\datasets\thomaskonstantin\6000-children-and-teen-book-covers\versions\1\BookCovers\superhero-street.jpg
supermouse,C:\Users\HP USER\.cache\kagglehub\datasets\thomaskonstantin\6000-children-and-teen-book-covers\versions\1\BookCovers\supermouse.jpg
supersister,C:\Users\HP USER\.cache\kagglehub\datasets\thomaskonstantin\6000-children-and-teen-book-covers\versions\1\BookCovers\supersister.jpg
supertato-by-sue-hendra-and-paul-linnet,C:\Users\HP USER\.cache\kagglehub\datasets\thomaskonstantin\6000-children-and-teen-book-covers\versions\1\BookCovers\supertato-by-sue-hendra-and-paul-linnet.jpg
supertato-super-squad,C:\Users\HP USER\.cache\kagglehub\datasets\thomaskonstantin\6000-children-and-teen-book-covers\versions\1\BookCovers\supertato-super-squad.jpg
supertato-veggies-in-the-valley-of-doom,C:\Users\HP USER\.cache\kagglehub\datasets\thomaskonstantin\6000-children-and-teen-book-covers\versions\1\BookCovers\supertato-veggies-in-the-valley-of-doom.jpg
surfer,C:\Users\HP USER\.cache\kagglehub\datasets\thomaskonstantin\6000-children-and-teen-book-covers\versions\1\BookCovers\surfer.jpg
surprise-for-tiny-mouse,C:\Users\HP USER\.cache\kagglehub\datasets\thomaskonstantin\6000-children-and-teen-book-covers\versions\1\BookCovers\surprise-for-tiny-mouse.jpg
surprising-sharks,C:\Users\HP USER\.cache\kagglehub\datasets\thomaskonstantin\6000-children-and-teen-book-covers\versions\1\BookCovers\surprising-sharks.jpg
survivor,C:\Users\HP USER\.cache\kagglehub\datasets\thomaskonstantin\6000-children-and-teen-book-covers\versions\1\BookCovers\survivor.jpg
survivors-of-the-holocaust,C:\Users\HP USER\.cache\kagglehub\datasets\thomaskonstantin\6000-children-and-teen-book-covers\versions\1\BookCovers\survivors-of-the-holocaust.jpg
survivors-sticket,C:\Users\HP USER\.cache\kagglehub\datasets\thomaskonstantin\6000-children-and-teen-book-covers\versions\1\BookCovers\survivors-sticket.jpg
susan-laughs,C:\Users\HP USER\.cache\kagglehub\datasets\thomaskonstantin\6000-children-and-teen-book-covers\versions\1\BookCovers\susan-laughs.jpg
suzy-goose-and-the-christmas-star,C:\Users\HP USER\.cache\kagglehub\datasets\thomaskonstantin\6000-children-and-teen-book-covers\versions\1\BookCovers\suzy-goose-and-the-christmas-star.jpg
suzy-orbit-astronaut,C:\Users\HP USER\.cache\kagglehub\datasets\thomaskonstantin\6000-children-and-teen-book-covers\versions\1\BookCovers\suzy-orbit-astronaut.jpg
swallows-and-amazons,C:\Users\HP USER\.cache\kagglehub\datasets\thomaskonstantin\6000-children-and-teen-book-covers\versions\1\BookCovers\swallows-and-amazons.jpg
swan-song,C:\Users\HP USER\.cache\kagglehub\datasets\thomaskonstantin\6000-children-and-teen-book-covers\versions\1\BookCovers\swan-song.jpg
swapsies,C:\Users\HP USER\.cache\kagglehub\datasets\thomaskonstantin\6000-children-and-teen-book-covers\versions\1\BookCovers\swapsies.jpg
sweep-the-story-of-a-girl-and-her-monster,C:\Users\HP USER\.cache\kagglehub\datasets\thomaskonstantin\6000-children-and-teen-book-covers\versions\1\BookCovers\sweep-the-story-of-a-girl-and-her-monster.jpg
sweet-damage,C:\Users\HP USER\.cache\kagglehub\datasets\thomaskonstantin\6000-children-and-teen-book-covers\versions\1\BookCovers\sweet-damage.jpg
sweet-dreams-maisy,C:\Users\HP USER\.cache\kagglehub\datasets\thomaskonstantin\6000-children-and-teen-book-covers\versions\1\BookCovers\sweet-dreams-maisy.jpg
sweet-dreams-peter,C:\Users\HP USER\.cache\kagglehub\datasets\thomaskonstantin\6000-children-and-teen-book-covers\versions\1\BookCovers\sweet-dreams-peter.jpg
sweet-music-in-harlem,C:\Users\HP USER\.cache\kagglehub\datasets\thomaskonstantin\6000-children-and-teen-book-covers\versions\1\BookCovers\sweet-music-in-harlem.jpg
sweet-pizza,C:\Users\HP USER\.cache\kagglehub\datasets\thomaskonstantin\6000-children-and-teen-book-covers\versions\1\BookCovers\sweet-pizza.jpg
sweeties,C:\Users\HP USER\.cache\kagglehub\datasets\thomaskonstantin\6000-children-and-teen-book-covers\versions\1\BookCovers\sweeties.jpg
swiftpurecry,C:\Users\HP USER\.cache\kagglehub\datasets\thomaskonstantin\6000-children-and-teen-book-covers\versions\1\BookCovers\swiftpurecry.jpg
swimming-to-the-moon,C:\Users\HP USER\.cache\kagglehub\datasets\thomaskonstantin\6000-children-and-teen-book-covers\versions\1\BookCovers\swimming-to-the-moon.jpg
swiss-family-robinson,C:\Users\HP USER\.cache\kagglehub\datasets\thomaskonstantin\6000-children-and-teen-book-covers\versions\1\BookCovers\swiss-family-robinson.jpg
switch,C:\Users\HP USER\.cache\kagglehub\datasets\thomaskonstantin\6000-children-and-teen-book-covers\versions\1\BookCovers\switch.jpg
swordswoman,C:\Users\HP USER\.cache\kagglehub\datasets\thomaskonstantin\6000-children-and-teen-book-covers\versions\1\BookCovers\swordswoman.jpg
sylvia-and-bird,C:\Users\HP USER\.cache\kagglehub\datasets\thomaskonstantin\6000-children-and-teen-book-covers\versions\1\BookCovers\sylvia-and-bird.jpg
tabbymctat,C:\Users\HP USER\.cache\kagglehub\datasets\thomaskonstantin\6000-children-and-teen-book-covers\versions\1\BookCovers\tabbymctat.jpg
tacos-an-interactive-recipe-book,C:\Users\HP USER\.cache\kagglehub\datasets\thomaskonstantin\6000-children-and-teen-book-covers\versions\1\BookCovers\tacos-an-interactive-recipe-book.jpg
tail-of-the-blue-bird,C:\Users\HP USER\.cache\kagglehub\datasets\thomaskonstantin\6000-children-and-teen-book-covers\versions\1\BookCovers\tail-of-the-blue-bird.jpg
take-back-the-skies,C:\Users\HP USER\.cache\kagglehub\datasets\thomaskonstantin\6000-children-and-teen-book-covers\versions\1\BookCovers\take-back-the-skies.jpg
take-the-lead-how-to-care-for-your-dog,C:\Users\HP USER\.cache\kagglehub\datasets\thomaskonstantin\6000-children-and-teen-book-covers\versions\1\BookCovers\take-the-lead-how-to-care-for-your-dog.jpg
takeshita-demons-jacket,C:\Users\HP USER\.cache\kagglehub\datasets\thomaskonstantin\6000-children-and-teen-book-covers\versions\1\BookCovers\takeshita-demons-jacket.jpg
tales-from-acorn-wood-opposites,C:\Users\HP USER\.cache\kagglehub\datasets\thomaskonstantin\6000-children-and-teen-book-covers\versions\1\BookCovers\tales-from-acorn-wood-opposites.jpg
tales-from-africa,C:\Users\HP USER\.cache\kagglehub\datasets\thomaskonstantin\6000-children-and-teen-book-covers\versions\1\BookCovers\tales-from-africa.jpg
tales-from-dead,C:\Users\HP USER\.cache\kagglehub\datasets\thomaskonstantin\6000-children-and-teen-book-covers\versions\1\BookCovers\tales-from-dead.jpg
tales-from-india,C:\Users\HP USER\.cache\kagglehub\datasets\thomaskonstantin\6000-children-and-teen-book-covers\versions\1\BookCovers\tales-from-india.jpg
tales-from-old-ireland,C:\Users\HP USER\.cache\kagglehub\datasets\thomaskonstantin\6000-children-and-teen-book-covers\versions\1\BookCovers\tales-from-old-ireland.jpg
tales-from-outer-suburbia-1-,C:\Users\HP USER\.cache\kagglehub\datasets\thomaskonstantin\6000-children-and-teen-book-covers\versions\1\BookCovers\tales-from-outer-suburbia-1-.jpg
tales-from-the-celtic-countries,C:\Users\HP USER\.cache\kagglehub\datasets\thomaskonstantin\6000-children-and-teen-book-covers\versions\1\BookCovers\tales-from-the-celtic-countries.jpg
tales-from-weird-street,C:\Users\HP USER\.cache\kagglehub\datasets\thomaskonstantin\6000-children-and-teen-book-covers\versions\1\BookCovers\tales-from-weird-street.jpg
talesofbeedle,C:\Users\HP USER\.cache\kagglehub\datasets\thomaskonstantin\6000-children-and-teen-book-covers\versions\1\BookCovers\talesofbeedle.jpg
talking-to-the-moon,C:\Users\HP USER\.cache\kagglehub\datasets\thomaskonstantin\6000-children-and-teen-book-covers\versions\1\BookCovers\talking-to-the-moon.jpg
tall-story,C:\Users\HP USER\.cache\kagglehub\datasets\thomaskonstantin\6000-children-and-teen-book-covers\versions\1\BookCovers\tall-story.jpg
tally-squill,C:\Users\HP USER\.cache\kagglehub\datasets\thomaskonstantin\6000-children-and-teen-book-covers\versions\1\BookCovers\tally-squill.jpg
tamar-,C:\Users\HP USER\.cache\kagglehub\datasets\thomaskonstantin\6000-children-and-teen-book-covers\versions\1\BookCovers\tamar-.jpg
tamara-small-and-the-monsters-ball,C:\Users\HP USER\.cache\kagglehub\datasets\thomaskonstantin\6000-children-and-teen-book-covers\versions\1\BookCovers\tamara-small-and-the-monsters-ball.jpg
tamarind-and-the-star-of-ishta,C:\Users\HP USER\.cache\kagglehub\datasets\thomaskonstantin\6000-children-and-teen-book-covers\versions\1\BookCovers\tamarind-and-the-star-of-ishta.jpg
tamburlaine-s-elephants,C:\Users\HP USER\.cache\kagglehub\datasets\thomaskonstantin\6000-children-and-teen-book-covers\versions\1\BookCovers\tamburlaine-s-elephants.jpg
tamsin-and-the-deep,C:\Users\HP USER\.cache\kagglehub\datasets\thomaskonstantin\6000-children-and-teen-book-covers\versions\1\BookCovers\tamsin-and-the-deep.jpg
tanglewood-animal-park-troublesome-tiger,C:\Users\HP USER\.cache\kagglehub\datasets\thomaskonstantin\6000-children-and-teen-book-covers\versions\1\BookCovers\tanglewood-animal-park-troublesome-tiger.jpg
tanglewood-animal-park,C:\Users\HP USER\.cache\kagglehub\datasets\thomaskonstantin\6000-children-and-teen-book-covers\versions\1\BookCovers\tanglewood-animal-park.jpg
tanglewreck,C:\Users\HP USER\.cache\kagglehub\datasets\thomaskonstantin\6000-children-and-teen-book-covers\versions\1\BookCovers\tanglewreck.jpg
taped,C:\Users\HP USER\.cache\kagglehub\datasets\thomaskonstantin\6000-children-and-teen-book-covers\versions\1\BookCovers\taped.jpg
tapper-twins-go-to-war,C:\Users\HP USER\.cache\kagglehub\datasets\thomaskonstantin\6000-children-and-teen-book-covers\versions\1\BookCovers\tapper-twins-go-to-war.jpg
tatty-ratty,C:\Users\HP USER\.cache\kagglehub\datasets\thomaskonstantin\6000-children-and-teen-book-covers\versions\1\BookCovers\tatty-ratty.jpg
teacup-house-meet-the-twitches,C:\Users\HP USER\.cache\kagglehub\datasets\thomaskonstantin\6000-children-and-teen-book-covers\versions\1\BookCovers\teacup-house-meet-the-twitches.jpg
teardrops,C:\Users\HP USER\.cache\kagglehub\datasets\thomaskonstantin\6000-children-and-teen-book-covers\versions\1\BookCovers\teardrops.jpg
tease,C:\Users\HP USER\.cache\kagglehub\datasets\thomaskonstantin\6000-children-and-teen-book-covers\versions\1\BookCovers\tease.jpg
teddy-bedtime,C:\Users\HP USER\.cache\kagglehub\datasets\thomaskonstantin\6000-children-and-teen-book-covers\versions\1\BookCovers\teddy-bedtime.jpg
teddy-or-train,C:\Users\HP USER\.cache\kagglehub\datasets\thomaskonstantin\6000-children-and-teen-book-covers\versions\1\BookCovers\teddy-or-train.jpg
teddy-took-the-train,C:\Users\HP USER\.cache\kagglehub\datasets\thomaskonstantin\6000-children-and-teen-book-covers\versions\1\BookCovers\teddy-took-the-train.jpg
tedhughespoems,C:\Users\HP USER\.cache\kagglehub\datasets\thomaskonstantin\6000-children-and-teen-book-covers\versions\1\BookCovers\tedhughespoems.jpg
telephone,C:\Users\HP USER\.cache\kagglehub\datasets\thomaskonstantin\6000-children-and-teen-book-covers\versions\1\BookCovers\telephone.jpg
tell-me-a-dragon,C:\Users\HP USER\.cache\kagglehub\datasets\thomaskonstantin\6000-children-and-teen-book-covers\versions\1\BookCovers\tell-me-a-dragon.jpg
tell-me-the-day-backwards,C:\Users\HP USER\.cache\kagglehub\datasets\thomaskonstantin\6000-children-and-teen-book-covers\versions\1\BookCovers\tell-me-the-day-backwards.jpg
tell-tail,C:\Users\HP USER\.cache\kagglehub\datasets\thomaskonstantin\6000-children-and-teen-book-covers\versions\1\BookCovers\tell-tail.jpg
tempestt,C:\Users\HP USER\.cache\kagglehub\datasets\thomaskonstantin\6000-children-and-teen-book-covers\versions\1\BookCovers\tempestt.jpg
temple-boys,C:\Users\HP USER\.cache\kagglehub\datasets\thomaskonstantin\6000-children-and-teen-book-covers\versions\1\BookCovers\temple-boys.jpg
ten-fat-sausages,C:\Users\HP USER\.cache\kagglehub\datasets\thomaskonstantin\6000-children-and-teen-book-covers\versions\1\BookCovers\ten-fat-sausages.jpg
ten-minutes-to-bed,C:\Users\HP USER\.cache\kagglehub\datasets\thomaskonstantin\6000-children-and-teen-book-covers\versions\1\BookCovers\ten-minutes-to-bed.jpg
ten-terrible-dinosaurs,C:\Users\HP USER\.cache\kagglehub\datasets\thomaskonstantin\6000-children-and-teen-book-covers\versions\1\BookCovers\ten-terrible-dinosaurs.jpg
tenlittlepirates,C:\Users\HP USER\.cache\kagglehub\datasets\thomaskonstantin\6000-children-and-teen-book-covers\versions\1\BookCovers\tenlittlepirates.jpg
terrible-two,C:\Users\HP USER\.cache\kagglehub\datasets\thomaskonstantin\6000-children-and-teen-book-covers\versions\1\BookCovers\terrible-two.jpg
terror-kid,C:\Users\HP USER\.cache\kagglehub\datasets\thomaskonstantin\6000-children-and-teen-book-covers\versions\1\BookCovers\terror-kid.jpg
thanks-for-the-trouble,C:\Users\HP USER\.cache\kagglehub\datasets\thomaskonstantin\6000-children-and-teen-book-covers\versions\1\BookCovers\thanks-for-the-trouble.jpg
that-asian-kid,C:\Users\HP USER\.cache\kagglehub\datasets\thomaskonstantin\6000-children-and-teen-book-covers\versions\1\BookCovers\that-asian-kid.jpg
that-s-not-my-bear,C:\Users\HP USER\.cache\kagglehub\datasets\thomaskonstantin\6000-children-and-teen-book-covers\versions\1\BookCovers\that-s-not-my-bear.jpg
that-s-not-my-frog,C:\Users\HP USER\.cache\kagglehub\datasets\thomaskonstantin\6000-children-and-teen-book-covers\versions\1\BookCovers\that-s-not-my-frog.jpg
thats-my-daddy,C:\Users\HP USER\.cache\kagglehub\datasets\thomaskonstantin\6000-children-and-teen-book-covers\versions\1\BookCovers\thats-my-daddy.jpg
thats-not-how-you-do-it,C:\Users\HP USER\.cache\kagglehub\datasets\thomaskonstantin\6000-children-and-teen-book-covers\versions\1\BookCovers\thats-not-how-you-do-it.jpg
thats-not-my-baby,C:\Users\HP USER\.cache\kagglehub\datasets\thomaskonstantin\6000-children-and-teen-book-covers\versions\1\BookCovers\thats-not-my-baby.jpg
thats-not-my-kitten,C:\Users\HP USER\.cache\kagglehub\datasets\thomaskonstantin\6000-children-and-teen-book-covers\versions\1\BookCovers\thats-not-my-kitten.jpg
thats-not-my-teddy,C:\Users\HP USER\.cache\kagglehub\datasets\thomaskonstantin\6000-children-and-teen-book-covers\versions\1\BookCovers\thats-not-my-teddy.jpg
the-1000-year-old-boy,C:\Users\HP USER\.cache\kagglehub\datasets\thomaskonstantin\6000-children-and-teen-book-covers\versions\1\BookCovers\the-1000-year-old-boy.jpg
the-10pm-question,C:\Users\HP USER\.cache\kagglehub\datasets\thomaskonstantin\6000-children-and-teen-book-covers\versions\1\BookCovers\the-10pm-question.jpg
the-5-misfits,C:\Users\HP USER\.cache\kagglehub\datasets\thomaskonstantin\6000-children-and-teen-book-covers\versions\1\BookCovers\the-5-misfits.jpg
the-7-professors-of-the-far-north,C:\Users\HP USER\.cache\kagglehub\datasets\thomaskonstantin\6000-children-and-teen-book-covers\versions\1\BookCovers\the-7-professors-of-the-far-north.jpg
the-78-storey-treehouse,C:\Users\HP USER\.cache\kagglehub\datasets\thomaskonstantin\6000-children-and-teen-book-covers\versions\1\BookCovers\the-78-storey-treehouse.jpg
the-91-storey-treehouse-cover,C:\Users\HP USER\.cache\kagglehub\datasets\thomaskonstantin\6000-children-and-teen-book-covers\versions\1\BookCovers\the-91-storey-treehouse-cover.jpg
the-abominables,C:\Users\HP USER\.cache\kagglehub\datasets\thomaskonstantin\6000-children-and-teen-book-covers\versions\1\BookCovers\the-abominables.jpg
the-accidental-wizard,C:\Users\HP USER\.cache\kagglehub\datasets\thomaskonstantin\6000-children-and-teen-book-covers\versions\1\BookCovers\the-accidental-wizard.jpg
the-adventures-of-alfie-onion,C:\Users\HP USER\.cache\kagglehub\datasets\thomaskonstantin\6000-children-and-teen-book-covers\versions\1\BookCovers\the-adventures-of-alfie-onion.jpg
the-adventures-of-john-blake,C:\Users\HP USER\.cache\kagglehub\datasets\thomaskonstantin\6000-children-and-teen-book-covers\versions\1\BookCovers\the-adventures-of-john-blake.jpg
the-adventures-of-king-rollo,C:\Users\HP USER\.cache\kagglehub\datasets\thomaskonstantin\6000-children-and-teen-book-covers\versions\1\BookCovers\the-adventures-of-king-rollo.jpg
the-adventures-of-miss-petitfour,C:\Users\HP USER\.cache\kagglehub\datasets\thomaskonstantin\6000-children-and-teen-book-covers\versions\1\BookCovers\the-adventures-of-miss-petitfour.jpg
the-adventures-of-robin-hood,C:\Users\HP USER\.cache\kagglehub\datasets\thomaskonstantin\6000-children-and-teen-book-covers\versions\1\BookCovers\the-adventures-of-robin-hood.jpg
the-adventures-of-sherlock-holmes,C:\Users\HP USER\.cache\kagglehub\datasets\thomaskonstantin\6000-children-and-teen-book-covers\versions\1\BookCovers\the-adventures-of-sherlock-holmes.jpg
the-adventures-of-the-dish-and-the-spoon,C:\Users\HP USER\.cache\kagglehub\datasets\thomaskonstantin\6000-children-and-teen-book-covers\versions\1\BookCovers\the-adventures-of-the-dish-and-the-spoon.jpg
the-adventures-of-the-new-cut-gang,C:\Users\HP USER\.cache\kagglehub\datasets\thomaskonstantin\6000-children-and-teen-book-covers\versions\1\BookCovers\the-adventures-of-the-new-cut-gang.jpg
the-after-christmas-tree,C:\Users\HP USER\.cache\kagglehub\datasets\thomaskonstantin\6000-children-and-teen-book-covers\versions\1\BookCovers\the-after-christmas-tree.jpg
the-ali-a-adventures,C:\Users\HP USER\.cache\kagglehub\datasets\thomaskonstantin\6000-children-and-teen-book-covers\versions\1\BookCovers\the-ali-a-adventures.jpg
the-alien-next-door,C:\Users\HP USER\.cache\kagglehub\datasets\thomaskonstantin\6000-children-and-teen-book-covers\versions\1\BookCovers\the-alien-next-door.jpg
the-almost-king,C:\Users\HP USER\.cache\kagglehub\datasets\thomaskonstantin\6000-children-and-teen-book-covers\versions\1\BookCovers\the-almost-king.jpg
the-amazing-story-of-adolphus-tips,C:\Users\HP USER\.cache\kagglehub\datasets\thomaskonstantin\6000-children-and-teen-book-covers\versions\1\BookCovers\the-amazing-story-of-adolphus-tips.jpg
the-animal-boogie,C:\Users\HP USER\.cache\kagglehub\datasets\thomaskonstantin\6000-children-and-teen-book-covers\versions\1\BookCovers\the-animal-boogie.jpg
the-ant-colony,C:\Users\HP USER\.cache\kagglehub\datasets\thomaskonstantin\6000-children-and-teen-book-covers\versions\1\BookCovers\the-ant-colony.jpg
the-apprentice-witch,C:\Users\HP USER\.cache\kagglehub\datasets\thomaskonstantin\6000-children-and-teen-book-covers\versions\1\BookCovers\the-apprentice-witch.jpg
the-atlas-of-monsters,C:\Users\HP USER\.cache\kagglehub\datasets\thomaskonstantin\6000-children-and-teen-book-covers\versions\1\BookCovers\the-atlas-of-monsters.jpg
the-awesome-book-of-animals,C:\Users\HP USER\.cache\kagglehub\datasets\thomaskonstantin\6000-children-and-teen-book-covers\versions\1\BookCovers\the-awesome-book-of-animals.jpg
the-awesome-book-of-awesomeness-hi-res,C:\Users\HP USER\.cache\kagglehub\datasets\thomaskonstantin\6000-children-and-teen-book-covers\versions\1\BookCovers\the-awesome-book-of-awesomeness-hi-res.jpg
the-awesome-power-of-sleep,C:\Users\HP USER\.cache\kagglehub\datasets\thomaskonstantin\6000-children-and-teen-book-covers\versions\1\BookCovers\the-awesome-power-of-sleep.jpg
the-b-on-your-thumb,C:\Users\HP USER\.cache\kagglehub\datasets\thomaskonstantin\6000-children-and-teen-book-covers\versions\1\BookCovers\the-b-on-your-thumb.jpg
the-baby-who-wouldn-t,C:\Users\HP USER\.cache\kagglehub\datasets\thomaskonstantin\6000-children-and-teen-book-covers\versions\1\BookCovers\the-baby-who-wouldn-t.jpg
the-baby,C:\Users\HP USER\.cache\kagglehub\datasets\thomaskonstantin\6000-children-and-teen-book-covers\versions\1\BookCovers\the-baby.jpg
the-bacteria-book-gross-germs-vile-viruses-and-funky-fungi,C:\Users\HP USER\.cache\kagglehub\datasets\thomaskonstantin\6000-children-and-teen-book-covers\versions\1\BookCovers\the-bacteria-book-gross-germs-vile-viruses-and-funky-fungi.jpg
the-bad-bunnies-magic-show,C:\Users\HP USER\.cache\kagglehub\datasets\thomaskonstantin\6000-children-and-teen-book-covers\versions\1\BookCovers\the-bad-bunnies-magic-show.jpg
the-bad-guys-episodes-1-and-2,C:\Users\HP USER\.cache\kagglehub\datasets\thomaskonstantin\6000-children-and-teen-book-covers\versions\1\BookCovers\the-bad-guys-episodes-1-and-2.jpg
the-bandit-of-barbel-bay,C:\Users\HP USER\.cache\kagglehub\datasets\thomaskonstantin\6000-children-and-teen-book-covers\versions\1\BookCovers\the-bandit-of-barbel-bay.jpg
the-bare-bum-gang-and-the-football-face-off,C:\Users\HP USER\.cache\kagglehub\datasets\thomaskonstantin\6000-children-and-teen-book-covers\versions\1\BookCovers\the-bare-bum-gang-and-the-football-face-off.jpg
the-barefoot-book-of-jewish-tales,C:\Users\HP USER\.cache\kagglehub\datasets\thomaskonstantin\6000-children-and-teen-book-covers\versions\1\BookCovers\the-barefoot-book-of-jewish-tales.jpg
the-bat-book,C:\Users\HP USER\.cache\kagglehub\datasets\thomaskonstantin\6000-children-and-teen-book-covers\versions\1\BookCovers\the-bat-book.jpg
the-battlemage,C:\Users\HP USER\.cache\kagglehub\datasets\thomaskonstantin\6000-children-and-teen-book-covers\versions\1\BookCovers\the-battlemage.jpg
the-bear-and-the-hair,C:\Users\HP USER\.cache\kagglehub\datasets\thomaskonstantin\6000-children-and-teen-book-covers\versions\1\BookCovers\the-bear-and-the-hair.jpg
the-bear-in-the-cave,C:\Users\HP USER\.cache\kagglehub\datasets\thomaskonstantin\6000-children-and-teen-book-covers\versions\1\BookCovers\the-bear-in-the-cave.jpg
the-bear-who-did,C:\Users\HP USER\.cache\kagglehub\datasets\thomaskonstantin\6000-children-and-teen-book-covers\versions\1\BookCovers\the-bear-who-did.jpg
the-bear,C:\Users\HP USER\.cache\kagglehub\datasets\thomaskonstantin\6000-children-and-teen-book-covers\versions\1\BookCovers\the-bear.jpg
the-beast-is-an-animal,C:\Users\HP USER\.cache\kagglehub\datasets\thomaskonstantin\6000-children-and-teen-book-covers\versions\1\BookCovers\the-beast-is-an-animal.jpg
the-beast-player,C:\Users\HP USER\.cache\kagglehub\datasets\thomaskonstantin\6000-children-and-teen-book-covers\versions\1\BookCovers\the-beast-player.jpg
the-bedtime-bear,C:\Users\HP USER\.cache\kagglehub\datasets\thomaskonstantin\6000-children-and-teen-book-covers\versions\1\BookCovers\the-bedtime-bear.jpg
the-beetle-collectors-handbook,C:\Users\HP USER\.cache\kagglehub\datasets\thomaskonstantin\6000-children-and-teen-book-covers\versions\1\BookCovers\the-beetle-collectors-handbook.jpg
the-beggar-maid,C:\Users\HP USER\.cache\kagglehub\datasets\thomaskonstantin\6000-children-and-teen-book-covers\versions\1\BookCovers\the-beggar-maid.jpg
the-best-kind-of-bear-web,C:\Users\HP USER\.cache\kagglehub\datasets\thomaskonstantin\6000-children-and-teen-book-covers\versions\1\BookCovers\the-best-kind-of-bear-web.jpg
the-best-mother,C:\Users\HP USER\.cache\kagglehub\datasets\thomaskonstantin\6000-children-and-teen-book-covers\versions\1\BookCovers\the-best-mother.jpg
the-best-mum,C:\Users\HP USER\.cache\kagglehub\datasets\thomaskonstantin\6000-children-and-teen-book-covers\versions\1\BookCovers\the-best-mum.jpg
the-bet,C:\Users\HP USER\.cache\kagglehub\datasets\thomaskonstantin\6000-children-and-teen-book-covers\versions\1\BookCovers\the-bet.jpg
the-betrayal,C:\Users\HP USER\.cache\kagglehub\datasets\thomaskonstantin\6000-children-and-teen-book-covers\versions\1\BookCovers\the-betrayal.jpg
the-big-book-of-beautiful-babies,C:\Users\HP USER\.cache\kagglehub\datasets\thomaskonstantin\6000-children-and-teen-book-covers\versions\1\BookCovers\the-big-book-of-beautiful-babies.jpg
the-big-book-of-football,C:\Users\HP USER\.cache\kagglehub\datasets\thomaskonstantin\6000-children-and-teen-book-covers\versions\1\BookCovers\the-big-book-of-football.jpg
the-big-book-of-the-blue,C:\Users\HP USER\.cache\kagglehub\datasets\thomaskonstantin\6000-children-and-teen-book-covers\versions\1\BookCovers\the-big-book-of-the-blue.jpg
the-bigger-picture-women-who-changed-the-art-world,C:\Users\HP USER\.cache\kagglehub\datasets\thomaskonstantin\6000-children-and-teen-book-covers\versions\1\BookCovers\the-bigger-picture-women-who-changed-the-art-world.jpg
the-bigwoof-conspiracy,C:\Users\HP USER\.cache\kagglehub\datasets\thomaskonstantin\6000-children-and-teen-book-covers\versions\1\BookCovers\the-bigwoof-conspiracy.jpg
the-biracial-butterfly,C:\Users\HP USER\.cache\kagglehub\datasets\thomaskonstantin\6000-children-and-teen-book-covers\versions\1\BookCovers\the-biracial-butterfly.jpg
the-black-cat,C:\Users\HP USER\.cache\kagglehub\datasets\thomaskonstantin\6000-children-and-teen-book-covers\versions\1\BookCovers\the-black-cat.jpg
the-black-lotus,C:\Users\HP USER\.cache\kagglehub\datasets\thomaskonstantin\6000-children-and-teen-book-covers\versions\1\BookCovers\the-black-lotus.jpg
the-black-lung-captain-tales-of-the-ketty-jayd,C:\Users\HP USER\.cache\kagglehub\datasets\thomaskonstantin\6000-children-and-teen-book-covers\versions\1\BookCovers\the-black-lung-captain-tales-of-the-ketty-jayd.jpg
the-blackhope-enigma,C:\Users\HP USER\.cache\kagglehub\datasets\thomaskonstantin\6000-children-and-teen-book-covers\versions\1\BookCovers\the-blackhope-enigma.jpg
the-blackthorn-keyd,C:\Users\HP USER\.cache\kagglehub\datasets\thomaskonstantin\6000-children-and-teen-book-covers\versions\1\BookCovers\the-blackthorn-keyd.jpg
the-blanket-bears,C:\Users\HP USER\.cache\kagglehub\datasets\thomaskonstantin\6000-children-and-teen-book-covers\versions\1\BookCovers\the-blanket-bears.jpg
the-blood-guard,C:\Users\HP USER\.cache\kagglehub\datasets\thomaskonstantin\6000-children-and-teen-book-covers\versions\1\BookCovers\the-blood-guard.jpg
the-bluest-of-blues-anna-atkins-and-the-first-book-of-photographs,C:\Users\HP USER\.cache\kagglehub\datasets\thomaskonstantin\6000-children-and-teen-book-covers\versions\1\BookCovers\the-bluest-of-blues-anna-atkins-and-the-first-book-of-photographs.jpg
the-bog-baby,C:\Users\HP USER\.cache\kagglehub\datasets\thomaskonstantin\6000-children-and-teen-book-covers\versions\1\BookCovers\the-bog-baby.jpg
the-bombs-that-brought-us-togetherr,C:\Users\HP USER\.cache\kagglehub\datasets\thomaskonstantin\6000-children-and-teen-book-covers\versions\1\BookCovers\the-bombs-that-brought-us-togetherr.jpg
the-bone-sparrows,C:\Users\HP USER\.cache\kagglehub\datasets\thomaskonstantin\6000-children-and-teen-book-covers\versions\1\BookCovers\the-bone-sparrows.jpg
the-book-case,C:\Users\HP USER\.cache\kagglehub\datasets\thomaskonstantin\6000-children-and-teen-book-covers\versions\1\BookCovers\the-book-case.jpg
the-book-of-bees,C:\Users\HP USER\.cache\kagglehub\datasets\thomaskonstantin\6000-children-and-teen-book-covers\versions\1\BookCovers\the-book-of-bees.jpg
the-book-of-clouds,C:\Users\HP USER\.cache\kagglehub\datasets\thomaskonstantin\6000-children-and-teen-book-covers\versions\1\BookCovers\the-book-of-clouds.jpg
the-book-of-dust-the-secret-commonwealth,C:\Users\HP USER\.cache\kagglehub\datasets\thomaskonstantin\6000-children-and-teen-book-covers\versions\1\BookCovers\the-book-of-dust-the-secret-commonwealth.jpg
the-book-of-pearl,C:\Users\HP USER\.cache\kagglehub\datasets\thomaskonstantin\6000-children-and-teen-book-covers\versions\1\BookCovers\the-book-of-pearl.jpg
the-bookshop-girl,C:\Users\HP USER\.cache\kagglehub\datasets\thomaskonstantin\6000-children-and-teen-book-covers\versions\1\BookCovers\the-bookshop-girl.jpg
the-bookworm-web,C:\Users\HP USER\.cache\kagglehub\datasets\thomaskonstantin\6000-children-and-teen-book-covers\versions\1\BookCovers\the-bookworm-web.jpg
the-box-of-delights,C:\Users\HP USER\.cache\kagglehub\datasets\thomaskonstantin\6000-children-and-teen-book-covers\versions\1\BookCovers\the-box-of-delights.jpg
the-boy-at-the-back-of-the-class,C:\Users\HP USER\.cache\kagglehub\datasets\thomaskonstantin\6000-children-and-teen-book-covers\versions\1\BookCovers\the-boy-at-the-back-of-the-class.jpg
the-boy-from-france,C:\Users\HP USER\.cache\kagglehub\datasets\thomaskonstantin\6000-children-and-teen-book-covers\versions\1\BookCovers\the-boy-from-france.jpg
the-boy-in-the-black-suit,C:\Users\HP USER\.cache\kagglehub\datasets\thomaskonstantin\6000-children-and-teen-book-covers\versions\1\BookCovers\the-boy-in-the-black-suit.jpg
the-boy-the-mole-the-fox-and-horse,C:\Users\HP USER\.cache\kagglehub\datasets\thomaskonstantin\6000-children-and-teen-book-covers\versions\1\BookCovers\the-boy-the-mole-the-fox-and-horse.jpg
the-boy-who-climbed-into-the-moon,C:\Users\HP USER\.cache\kagglehub\datasets\thomaskonstantin\6000-children-and-teen-book-covers\versions\1\BookCovers\the-boy-who-climbed-into-the-moon.jpg
the-boy-who-flew,C:\Users\HP USER\.cache\kagglehub\datasets\thomaskonstantin\6000-children-and-teen-book-covers\versions\1\BookCovers\the-boy-who-flew.jpg
the-boy-who-fooled-the-world,C:\Users\HP USER\.cache\kagglehub\datasets\thomaskonstantin\6000-children-and-teen-book-covers\versions\1\BookCovers\the-boy-who-fooled-the-world.jpg
the-boy-who-hit-play,C:\Users\HP USER\.cache\kagglehub\datasets\thomaskonstantin\6000-children-and-teen-book-covers\versions\1\BookCovers\the-boy-who-hit-play.jpg
the-boy-who-lost-his-bumble,C:\Users\HP USER\.cache\kagglehub\datasets\thomaskonstantin\6000-children-and-teen-book-covers\versions\1\BookCovers\the-boy-who-lost-his-bumble.jpg
the-boy-who-loved-everyone-16x9,C:\Users\HP USER\.cache\kagglehub\datasets\thomaskonstantin\6000-children-and-teen-book-covers\versions\1\BookCovers\the-boy-who-loved-everyone-16x9.jpg
the-boy-who-made-everyone-laugh,C:\Users\HP USER\.cache\kagglehub\datasets\thomaskonstantin\6000-children-and-teen-book-covers\versions\1\BookCovers\the-boy-who-made-everyone-laugh.jpg
the-boy-who-met-a-whale,C:\Users\HP USER\.cache\kagglehub\datasets\thomaskonstantin\6000-children-and-teen-book-covers\versions\1\BookCovers\the-boy-who-met-a-whale.jpg
the-boy-who-sailed-the-ocean-in-an-armchair,C:\Users\HP USER\.cache\kagglehub\datasets\thomaskonstantin\6000-children-and-teen-book-covers\versions\1\BookCovers\the-boy-who-sailed-the-ocean-in-an-armchair.jpg
the-boy-who-went-magic,C:\Users\HP USER\.cache\kagglehub\datasets\thomaskonstantin\6000-children-and-teen-book-covers\versions\1\BookCovers\the-boy-who-went-magic.jpg
the-boy-with-the-butterfly-mind,C:\Users\HP USER\.cache\kagglehub\datasets\thomaskonstantin\6000-children-and-teen-book-covers\versions\1\BookCovers\the-boy-with-the-butterfly-mind.jpg
the-boy-with-the-topknot,C:\Users\HP USER\.cache\kagglehub\datasets\thomaskonstantin\6000-children-and-teen-book-covers\versions\1\BookCovers\the-boy-with-the-topknot.jpg
the-boyhood-of-burglar-bill,C:\Users\HP USER\.cache\kagglehub\datasets\thomaskonstantin\6000-children-and-teen-book-covers\versions\1\BookCovers\the-boyhood-of-burglar-bill.jpg
the-brave-little-grork,C:\Users\HP USER\.cache\kagglehub\datasets\thomaskonstantin\6000-children-and-teen-book-covers\versions\1\BookCovers\the-brave-little-grork.jpg
the-broken-leg-of-doom,C:\Users\HP USER\.cache\kagglehub\datasets\thomaskonstantin\6000-children-and-teen-book-covers\versions\1\BookCovers\the-broken-leg-of-doom.jpg
the-broken-word,C:\Users\HP USER\.cache\kagglehub\datasets\thomaskonstantin\6000-children-and-teen-book-covers\versions\1\BookCovers\the-broken-word.jpg
the-bumblebear,C:\Users\HP USER\.cache\kagglehub\datasets\thomaskonstantin\6000-children-and-teen-book-covers\versions\1\BookCovers\the-bumblebear.jpg
the-buried-crown,C:\Users\HP USER\.cache\kagglehub\datasets\thomaskonstantin\6000-children-and-teen-book-covers\versions\1\BookCovers\the-buried-crown.jpg
the-bus-is-for-us,C:\Users\HP USER\.cache\kagglehub\datasets\thomaskonstantin\6000-children-and-teen-book-covers\versions\1\BookCovers\the-bus-is-for-us.jpg
the-butterfly-house,C:\Users\HP USER\.cache\kagglehub\datasets\thomaskonstantin\6000-children-and-teen-book-covers\versions\1\BookCovers\the-butterfly-house.jpg
the-call,C:\Users\HP USER\.cache\kagglehub\datasets\thomaskonstantin\6000-children-and-teen-book-covers\versions\1\BookCovers\the-call.jpg
the-cardturner,C:\Users\HP USER\.cache\kagglehub\datasets\thomaskonstantin\6000-children-and-teen-book-covers\versions\1\BookCovers\the-cardturner.jpg
the-care-and-feeding-of-a-pet-black-hole,C:\Users\HP USER\.cache\kagglehub\datasets\thomaskonstantin\6000-children-and-teen-book-covers\versions\1\BookCovers\the-care-and-feeding-of-a-pet-black-hole.jpg
the-case-of-the-good-looking-corpse,C:\Users\HP USER\.cache\kagglehub\datasets\thomaskonstantin\6000-children-and-teen-book-covers\versions\1\BookCovers\the-case-of-the-good-looking-corpse.jpg
the-castle-of-inside-out,C:\Users\HP USER\.cache\kagglehub\datasets\thomaskonstantin\6000-children-and-teen-book-covers\versions\1\BookCovers\the-castle-of-inside-out.jpg
the-castle,C:\Users\HP USER\.cache\kagglehub\datasets\thomaskonstantin\6000-children-and-teen-book-covers\versions\1\BookCovers\the-castle.jpg
the-cat-in-the-hat,C:\Users\HP USER\.cache\kagglehub\datasets\thomaskonstantin\6000-children-and-teen-book-covers\versions\1\BookCovers\the-cat-in-the-hat.jpg
the-cat-mummy,C:\Users\HP USER\.cache\kagglehub\datasets\thomaskonstantin\6000-children-and-teen-book-covers\versions\1\BookCovers\the-cat-mummy.jpg
the-cat-who-ate-christmas,C:\Users\HP USER\.cache\kagglehub\datasets\thomaskonstantin\6000-children-and-teen-book-covers\versions\1\BookCovers\the-cat-who-ate-christmas.jpg
the-cat-who-came-in-off-the-roof,C:\Users\HP USER\.cache\kagglehub\datasets\thomaskonstantin\6000-children-and-teen-book-covers\versions\1\BookCovers\the-cat-who-came-in-off-the-roof.jpg
the-catlady,C:\Users\HP USER\.cache\kagglehub\datasets\thomaskonstantin\6000-children-and-teen-book-covers\versions\1\BookCovers\the-catlady.jpg
the-cave,C:\Users\HP USER\.cache\kagglehub\datasets\thomaskonstantin\6000-children-and-teen-book-covers\versions\1\BookCovers\the-cave.jpg
the-changes-trilogy,C:\Users\HP USER\.cache\kagglehub\datasets\thomaskonstantin\6000-children-and-teen-book-covers\versions\1\BookCovers\the-changes-trilogy.jpg
the-chicken-nugget-ambush2,C:\Users\HP USER\.cache\kagglehub\datasets\thomaskonstantin\6000-children-and-teen-book-covers\versions\1\BookCovers\the-chicken-nugget-ambush2.jpg
the-child-s-elephants,C:\Users\HP USER\.cache\kagglehub\datasets\thomaskonstantin\6000-children-and-teen-book-covers\versions\1\BookCovers\the-child-s-elephants.jpg
the-children-of-willesden-lane-cover,C:\Users\HP USER\.cache\kagglehub\datasets\thomaskonstantin\6000-children-and-teen-book-covers\versions\1\BookCovers\the-children-of-willesden-lane-cover.jpg
the-chinese-emperors-new-clothes,C:\Users\HP USER\.cache\kagglehub\datasets\thomaskonstantin\6000-children-and-teen-book-covers\versions\1\BookCovers\the-chinese-emperors-new-clothes.jpg
the-chocolate-box-girls---cherry-crush,C:\Users\HP USER\.cache\kagglehub\datasets\thomaskonstantin\6000-children-and-teen-book-covers\versions\1\BookCovers\the-chocolate-box-girls---cherry-crush.jpg
the-chocolate-monster,C:\Users\HP USER\.cache\kagglehub\datasets\thomaskonstantin\6000-children-and-teen-book-covers\versions\1\BookCovers\the-chocolate-monster.jpg
the-chosen-ones,C:\Users\HP USER\.cache\kagglehub\datasets\thomaskonstantin\6000-children-and-teen-book-covers\versions\1\BookCovers\the-chosen-ones.jpg
the-christmas-bear,C:\Users\HP USER\.cache\kagglehub\datasets\thomaskonstantin\6000-children-and-teen-book-covers\versions\1\BookCovers\the-christmas-bear.jpg
the-christmas-book,C:\Users\HP USER\.cache\kagglehub\datasets\thomaskonstantin\6000-children-and-teen-book-covers\versions\1\BookCovers\the-christmas-book.jpg
the-christmas-eve-ghost,C:\Users\HP USER\.cache\kagglehub\datasets\thomaskonstantin\6000-children-and-teen-book-covers\versions\1\BookCovers\the-christmas-eve-ghost.jpg
the-christmas-extravaganza-hotel,C:\Users\HP USER\.cache\kagglehub\datasets\thomaskonstantin\6000-children-and-teen-book-covers\versions\1\BookCovers\the-christmas-extravaganza-hotel.jpg
the-christmasaurus-and-the-winter-witch,C:\Users\HP USER\.cache\kagglehub\datasets\thomaskonstantin\6000-children-and-teen-book-covers\versions\1\BookCovers\the-christmasaurus-and-the-winter-witch.jpg
the-christmasaurus,C:\Users\HP USER\.cache\kagglehub\datasets\thomaskonstantin\6000-children-and-teen-book-covers\versions\1\BookCovers\the-christmasaurus.jpg
the-city-of-secret-rivers2,C:\Users\HP USER\.cache\kagglehub\datasets\thomaskonstantin\6000-children-and-teen-book-covers\versions\1\BookCovers\the-city-of-secret-rivers2.jpg
the-clockwork-crow,C:\Users\HP USER\.cache\kagglehub\datasets\thomaskonstantin\6000-children-and-teen-book-covers\versions\1\BookCovers\the-clockwork-crow.jpg
the-cloud-horse-chronicles-guardians-of-magic,C:\Users\HP USER\.cache\kagglehub\datasets\thomaskonstantin\6000-children-and-teen-book-covers\versions\1\BookCovers\the-cloud-horse-chronicles-guardians-of-magic.jpg
the-cloud,C:\Users\HP USER\.cache\kagglehub\datasets\thomaskonstantin\6000-children-and-teen-book-covers\versions\1\BookCovers\the-cloud.jpg
the-cloudspotter,C:\Users\HP USER\.cache\kagglehub\datasets\thomaskonstantin\6000-children-and-teen-book-covers\versions\1\BookCovers\the-cloudspotter.jpg
the-clue-is-in-the-poo,C:\Users\HP USER\.cache\kagglehub\datasets\thomaskonstantin\6000-children-and-teen-book-covers\versions\1\BookCovers\the-clue-is-in-the-poo.jpg
the-clumsies-make-a-mess,C:\Users\HP USER\.cache\kagglehub\datasets\thomaskonstantin\6000-children-and-teen-book-covers\versions\1\BookCovers\the-clumsies-make-a-mess.jpg
the-collector,C:\Users\HP USER\.cache\kagglehub\datasets\thomaskonstantin\6000-children-and-teen-book-covers\versions\1\BookCovers\the-collector.jpg
the-colour-monster,C:\Users\HP USER\.cache\kagglehub\datasets\thomaskonstantin\6000-children-and-teen-book-covers\versions\1\BookCovers\the-colour-monster.jpg
the-colour-of-home,C:\Users\HP USER\.cache\kagglehub\datasets\thomaskonstantin\6000-children-and-teen-book-covers\versions\1\BookCovers\the-colour-of-home.jpg
the-colour-of-the-sun,C:\Users\HP USER\.cache\kagglehub\datasets\thomaskonstantin\6000-children-and-teen-book-covers\versions\1\BookCovers\the-colour-of-the-sun.jpg
the-colours-of-history,C:\Users\HP USER\.cache\kagglehub\datasets\thomaskonstantin\6000-children-and-teen-book-covers\versions\1\BookCovers\the-colours-of-history.jpg
the-company-of-eight,C:\Users\HP USER\.cache\kagglehub\datasets\thomaskonstantin\6000-children-and-teen-book-covers\versions\1\BookCovers\the-company-of-eight.jpg
the-company-of-ghosts,C:\Users\HP USER\.cache\kagglehub\datasets\thomaskonstantin\6000-children-and-teen-book-covers\versions\1\BookCovers\the-company-of-ghosts.jpg
the-complete-calvin-and-hobbes,C:\Users\HP USER\.cache\kagglehub\datasets\thomaskonstantin\6000-children-and-teen-book-covers\versions\1\BookCovers\the-complete-calvin-and-hobbes.jpg
the-conquerors,C:\Users\HP USER\.cache\kagglehub\datasets\thomaskonstantin\6000-children-and-teen-book-covers\versions\1\BookCovers\the-conquerors.jpg
the-coral-kingdom,C:\Users\HP USER\.cache\kagglehub\datasets\thomaskonstantin\6000-children-and-teen-book-covers\versions\1\BookCovers\the-coral-kingdom.jpg
the-covers-of-my-book-are-too-far-apart,C:\Users\HP USER\.cache\kagglehub\datasets\thomaskonstantin\6000-children-and-teen-book-covers\versions\1\BookCovers\the-covers-of-my-book-are-too-far-apart.jpg
the-cow-that-laid-an-egg,C:\Users\HP USER\.cache\kagglehub\datasets\thomaskonstantin\6000-children-and-teen-book-covers\versions\1\BookCovers\the-cow-that-laid-an-egg.jpg
the-cow-who-fell-to-earth,C:\Users\HP USER\.cache\kagglehub\datasets\thomaskonstantin\6000-children-and-teen-book-covers\versions\1\BookCovers\the-cow-who-fell-to-earth.jpg
the-cradle-of-all-worlds,C:\Users\HP USER\.cache\kagglehub\datasets\thomaskonstantin\6000-children-and-teen-book-covers\versions\1\BookCovers\the-cradle-of-all-worlds.jpg
the-creakers,C:\Users\HP USER\.cache\kagglehub\datasets\thomaskonstantin\6000-children-and-teen-book-covers\versions\1\BookCovers\the-creakers.jpg
the-creeper-man,C:\Users\HP USER\.cache\kagglehub\datasets\thomaskonstantin\6000-children-and-teen-book-covers\versions\1\BookCovers\the-creeper-man.jpg
the-crocodile-and-the-dentist,C:\Users\HP USER\.cache\kagglehub\datasets\thomaskonstantin\6000-children-and-teen-book-covers\versions\1\BookCovers\the-crocodile-and-the-dentist.jpg
the-crooked-sixpence,C:\Users\HP USER\.cache\kagglehub\datasets\thomaskonstantin\6000-children-and-teen-book-covers\versions\1\BookCovers\the-crooked-sixpence.jpg
the-crossover-cover-image,C:\Users\HP USER\.cache\kagglehub\datasets\thomaskonstantin\6000-children-and-teen-book-covers\versions\1\BookCovers\the-crossover-cover-image.jpg
the-crossover-graphic-novel,C:\Users\HP USER\.cache\kagglehub\datasets\thomaskonstantin\6000-children-and-teen-book-covers\versions\1\BookCovers\the-crossover-graphic-novel.jpg
the-crowstarver,C:\Users\HP USER\.cache\kagglehub\datasets\thomaskonstantin\6000-children-and-teen-book-covers\versions\1\BookCovers\the-crowstarver.jpg
the-cry-of-the-wolf,C:\Users\HP USER\.cache\kagglehub\datasets\thomaskonstantin\6000-children-and-teen-book-covers\versions\1\BookCovers\the-cry-of-the-wolf.jpg
the-crystal-stair,C:\Users\HP USER\.cache\kagglehub\datasets\thomaskonstantin\6000-children-and-teen-book-covers\versions\1\BookCovers\the-crystal-stair.jpg
the-cure-for-a-crime,C:\Users\HP USER\.cache\kagglehub\datasets\thomaskonstantin\6000-children-and-teen-book-covers\versions\1\BookCovers\the-cure-for-a-crime.jpg
the-cure-for-dreamings,C:\Users\HP USER\.cache\kagglehub\datasets\thomaskonstantin\6000-children-and-teen-book-covers\versions\1\BookCovers\the-cure-for-dreamings.jpg
the-curiositree,C:\Users\HP USER\.cache\kagglehub\datasets\thomaskonstantin\6000-children-and-teen-book-covers\versions\1\BookCovers\the-curiositree.jpg
the-curious-case-of-the-missing-mammoth,C:\Users\HP USER\.cache\kagglehub\datasets\thomaskonstantin\6000-children-and-teen-book-covers\versions\1\BookCovers\the-curious-case-of-the-missing-mammoth.jpg
the-dam,C:\Users\HP USER\.cache\kagglehub\datasets\thomaskonstantin\6000-children-and-teen-book-covers\versions\1\BookCovers\the-dam.jpg
the-danger-gang,C:\Users\HP USER\.cache\kagglehub\datasets\thomaskonstantin\6000-children-and-teen-book-covers\versions\1\BookCovers\the-danger-gang.jpg
the-dark-insides,C:\Users\HP USER\.cache\kagglehub\datasets\thomaskonstantin\6000-children-and-teen-book-covers\versions\1\BookCovers\the-dark-insides.jpg
the-dark-light,C:\Users\HP USER\.cache\kagglehub\datasets\thomaskonstantin\6000-children-and-teen-book-covers\versions\1\BookCovers\the-dark-light.jpg
the-darkest-dark,C:\Users\HP USER\.cache\kagglehub\datasets\thomaskonstantin\6000-children-and-teen-book-covers\versions\1\BookCovers\the-darkest-dark.jpg
the-day-i-was-erased,C:\Users\HP USER\.cache\kagglehub\datasets\thomaskonstantin\6000-children-and-teen-book-covers\versions\1\BookCovers\the-day-i-was-erased.jpg
the-day-that-aliens-nearly-ate-our-brains,C:\Users\HP USER\.cache\kagglehub\datasets\thomaskonstantin\6000-children-and-teen-book-covers\versions\1\BookCovers\the-day-that-aliens-nearly-ate-our-brains.jpg
the-day-the-rains-fell,C:\Users\HP USER\.cache\kagglehub\datasets\thomaskonstantin\6000-children-and-teen-book-covers\versions\1\BookCovers\the-day-the-rains-fell.jpg
the-day-the-screens-went-blank,C:\Users\HP USER\.cache\kagglehub\datasets\thomaskonstantin\6000-children-and-teen-book-covers\versions\1\BookCovers\the-day-the-screens-went-blank.jpg
the-day-war-came,C:\Users\HP USER\.cache\kagglehub\datasets\thomaskonstantin\6000-children-and-teen-book-covers\versions\1\BookCovers\the-day-war-came.jpg
the-dead-house,C:\Users\HP USER\.cache\kagglehub\datasets\thomaskonstantin\6000-children-and-teen-book-covers\versions\1\BookCovers\the-dead-house.jpg
the-dead-men-stood-together,C:\Users\HP USER\.cache\kagglehub\datasets\thomaskonstantin\6000-children-and-teen-book-covers\versions\1\BookCovers\the-dead-men-stood-together.jpg
the-dead-ways,C:\Users\HP USER\.cache\kagglehub\datasets\thomaskonstantin\6000-children-and-teen-book-covers\versions\1\BookCovers\the-dead-ways.jpg
the-death-defying-pepper-roux,C:\Users\HP USER\.cache\kagglehub\datasets\thomaskonstantin\6000-children-and-teen-book-covers\versions\1\BookCovers\the-death-defying-pepper-roux.jpg
the-debutantes-by-cora-harrison-1-,C:\Users\HP USER\.cache\kagglehub\datasets\thomaskonstantin\6000-children-and-teen-book-covers\versions\1\BookCovers\the-debutantes-by-cora-harrison-1-.jpg
the-demon-collector,C:\Users\HP USER\.cache\kagglehub\datasets\thomaskonstantin\6000-children-and-teen-book-covers\versions\1\BookCovers\the-demon-collector.jpg
the-detective-dog,C:\Users\HP USER\.cache\kagglehub\datasets\thomaskonstantin\6000-children-and-teen-book-covers\versions\1\BookCovers\the-detective-dog.jpg
the-deviants,C:\Users\HP USER\.cache\kagglehub\datasets\thomaskonstantin\6000-children-and-teen-book-covers\versions\1\BookCovers\the-deviants.jpg
the-devil-s-triangle,C:\Users\HP USER\.cache\kagglehub\datasets\thomaskonstantin\6000-children-and-teen-book-covers\versions\1\BookCovers\the-devil-s-triangle.jpg
the-devil-walks,C:\Users\HP USER\.cache\kagglehub\datasets\thomaskonstantin\6000-children-and-teen-book-covers\versions\1\BookCovers\the-devil-walks.jpg
the-diamond-of-drury-lane,C:\Users\HP USER\.cache\kagglehub\datasets\thomaskonstantin\6000-children-and-teen-book-covers\versions\1\BookCovers\the-diamond-of-drury-lane.jpg
the-ding-dong-bag,C:\Users\HP USER\.cache\kagglehub\datasets\thomaskonstantin\6000-children-and-teen-book-covers\versions\1\BookCovers\the-ding-dong-bag.jpg
the-dinosaur-that-pooped-christmas,C:\Users\HP USER\.cache\kagglehub\datasets\thomaskonstantin\6000-children-and-teen-book-covers\versions\1\BookCovers\the-dinosaur-that-pooped-christmas.jpg
the-disappearing-moon,C:\Users\HP USER\.cache\kagglehub\datasets\thomaskonstantin\6000-children-and-teen-book-covers\versions\1\BookCovers\the-disappearing-moon.jpg
the-disconnect,C:\Users\HP USER\.cache\kagglehub\datasets\thomaskonstantin\6000-children-and-teen-book-covers\versions\1\BookCovers\the-disconnect.jpg
the-distance-between-the-cherry-tree-and-me,C:\Users\HP USER\.cache\kagglehub\datasets\thomaskonstantin\6000-children-and-teen-book-covers\versions\1\BookCovers\the-distance-between-the-cherry-tree-and-me.jpg
the-divinersd,C:\Users\HP USER\.cache\kagglehub\datasets\thomaskonstantin\6000-children-and-teen-book-covers\versions\1\BookCovers\the-divinersd.jpg
the-dog-runner,C:\Users\HP USER\.cache\kagglehub\datasets\thomaskonstantin\6000-children-and-teen-book-covers\versions\1\BookCovers\the-dog-runner.jpg
the-dog-that-ate-the-world,C:\Users\HP USER\.cache\kagglehub\datasets\thomaskonstantin\6000-children-and-teen-book-covers\versions\1\BookCovers\the-dog-that-ate-the-world.jpg
the-dog-that-saved-christmas,C:\Users\HP USER\.cache\kagglehub\datasets\thomaskonstantin\6000-children-and-teen-book-covers\versions\1\BookCovers\the-dog-that-saved-christmas.jpg
the-dogs,C:\Users\HP USER\.cache\kagglehub\datasets\thomaskonstantin\6000-children-and-teen-book-covers\versions\1\BookCovers\the-dogs.jpg
the-dollmaker-of-krakow,C:\Users\HP USER\.cache\kagglehub\datasets\thomaskonstantin\6000-children-and-teen-book-covers\versions\1\BookCovers\the-dollmaker-of-krakow.jpg
the-dont-panic-gang,C:\Users\HP USER\.cache\kagglehub\datasets\thomaskonstantin\6000-children-and-teen-book-covers\versions\1\BookCovers\the-dont-panic-gang.jpg
the-door-that-led-to-wheres,C:\Users\HP USER\.cache\kagglehub\datasets\thomaskonstantin\6000-children-and-teen-book-covers\versions\1\BookCovers\the-door-that-led-to-wheres.jpg
the-doughnut-of-doom,C:\Users\HP USER\.cache\kagglehub\datasets\thomaskonstantin\6000-children-and-teen-book-covers\versions\1\BookCovers\the-doughnut-of-doom.jpg
the-dragon-ark,C:\Users\HP USER\.cache\kagglehub\datasets\thomaskonstantin\6000-children-and-teen-book-covers\versions\1\BookCovers\the-dragon-ark.jpg
the-dragon-with-a-chocolate-heart,C:\Users\HP USER\.cache\kagglehub\datasets\thomaskonstantin\6000-children-and-teen-book-covers\versions\1\BookCovers\the-dragon-with-a-chocolate-heart.jpg
the-dragonsitter-takes-off,C:\Users\HP USER\.cache\kagglehub\datasets\thomaskonstantin\6000-children-and-teen-book-covers\versions\1\BookCovers\the-dragonsitter-takes-off.jpg
the-dress-and-the-girl,C:\Users\HP USER\.cache\kagglehub\datasets\thomaskonstantin\6000-children-and-teen-book-covers\versions\1\BookCovers\the-dress-and-the-girl.jpg
the-drum,C:\Users\HP USER\.cache\kagglehub\datasets\thomaskonstantin\6000-children-and-teen-book-covers\versions\1\BookCovers\the-drum.jpg
the-dundoodle-mysteries-the-dentist-of-darkness,C:\Users\HP USER\.cache\kagglehub\datasets\thomaskonstantin\6000-children-and-teen-book-covers\versions\1\BookCovers\the-dundoodle-mysteries-the-dentist-of-darkness.jpg
the-dungeon,C:\Users\HP USER\.cache\kagglehub\datasets\thomaskonstantin\6000-children-and-teen-book-covers\versions\1\BookCovers\the-dungeon.jpg
the-earth-is-singing,C:\Users\HP USER\.cache\kagglehub\datasets\thomaskonstantin\6000-children-and-teen-book-covers\versions\1\BookCovers\the-earth-is-singing.jpg
the-edge,C:\Users\HP USER\.cache\kagglehub\datasets\thomaskonstantin\6000-children-and-teen-book-covers\versions\1\BookCovers\the-edge.jpg
the-eel-question,C:\Users\HP USER\.cache\kagglehub\datasets\thomaskonstantin\6000-children-and-teen-book-covers\versions\1\BookCovers\the-eel-question.jpg
the-element-in-the-room,C:\Users\HP USER\.cache\kagglehub\datasets\thomaskonstantin\6000-children-and-teen-book-covers\versions\1\BookCovers\the-element-in-the-room.jpg
the-elephant-in-the-room-2,C:\Users\HP USER\.cache\kagglehub\datasets\thomaskonstantin\6000-children-and-teen-book-covers\versions\1\BookCovers\the-elephant-in-the-room-2.jpg
the-elephant-in-the-room,C:\Users\HP USER\.cache\kagglehub\datasets\thomaskonstantin\6000-children-and-teen-book-covers\versions\1\BookCovers\the-elephant-in-the-room.jpg
the-elephant-that-ate-the-night,C:\Users\HP USER\.cache\kagglehub\datasets\thomaskonstantin\6000-children-and-teen-book-covers\versions\1\BookCovers\the-elephant-that-ate-the-night.jpg
the-elephant-thief,C:\Users\HP USER\.cache\kagglehub\datasets\thomaskonstantin\6000-children-and-teen-book-covers\versions\1\BookCovers\the-elephant-thief.jpg
the-elsewhere-emporium,C:\Users\HP USER\.cache\kagglehub\datasets\thomaskonstantin\6000-children-and-teen-book-covers\versions\1\BookCovers\the-elsewhere-emporium.jpg
the-emergency-zoo,C:\Users\HP USER\.cache\kagglehub\datasets\thomaskonstantin\6000-children-and-teen-book-covers\versions\1\BookCovers\the-emergency-zoo.jpg
the-emperor-s-underwear,C:\Users\HP USER\.cache\kagglehub\datasets\thomaskonstantin\6000-children-and-teen-book-covers\versions\1\BookCovers\the-emperor-s-underwear.jpg
the-enchanted-horse,C:\Users\HP USER\.cache\kagglehub\datasets\thomaskonstantin\6000-children-and-teen-book-covers\versions\1\BookCovers\the-enchanted-horse.jpg
the-enchanted-wood,C:\Users\HP USER\.cache\kagglehub\datasets\thomaskonstantin\6000-children-and-teen-book-covers\versions\1\BookCovers\the-enchanted-wood.jpg
the-epic-crush-of-genie-lo,C:\Users\HP USER\.cache\kagglehub\datasets\thomaskonstantin\6000-children-and-teen-book-covers\versions\1\BookCovers\the-epic-crush-of-genie-lo.jpg
the-ethan-i-was-before,C:\Users\HP USER\.cache\kagglehub\datasets\thomaskonstantin\6000-children-and-teen-book-covers\versions\1\BookCovers\the-ethan-i-was-before.jpg
the-everywhere-bear,C:\Users\HP USER\.cache\kagglehub\datasets\thomaskonstantin\6000-children-and-teen-book-covers\versions\1\BookCovers\the-everywhere-bear.jpg
the-extinction-trials,C:\Users\HP USER\.cache\kagglehub\datasets\thomaskonstantin\6000-children-and-teen-book-covers\versions\1\BookCovers\the-extinction-trials.jpg
the-extraordinary-life-of-katherine-johnson,C:\Users\HP USER\.cache\kagglehub\datasets\thomaskonstantin\6000-children-and-teen-book-covers\versions\1\BookCovers\the-extraordinary-life-of-katherine-johnson.jpg
the-extremely-embarrassing-life-of-lottie-brooks,C:\Users\HP USER\.cache\kagglehub\datasets\thomaskonstantin\6000-children-and-teen-book-covers\versions\1\BookCovers\the-extremely-embarrassing-life-of-lottie-brooks.jpg
the-extremely-inconvenient-adventures-of-bronte-mettlestone,C:\Users\HP USER\.cache\kagglehub\datasets\thomaskonstantin\6000-children-and-teen-book-covers\versions\1\BookCovers\the-extremely-inconvenient-adventures-of-bronte-mettlestone.jpg
the-extremely-weird-thing-that-happened-in-huggabie-falls,C:\Users\HP USER\.cache\kagglehub\datasets\thomaskonstantin\6000-children-and-teen-book-covers\versions\1\BookCovers\the-extremely-weird-thing-that-happened-in-huggabie-falls.jpg
the-fab-fairies,C:\Users\HP USER\.cache\kagglehub\datasets\thomaskonstantin\6000-children-and-teen-book-covers\versions\1\BookCovers\the-fab-fairies.jpg
the-fairytale-hairdresser-and-cinderella,C:\Users\HP USER\.cache\kagglehub\datasets\thomaskonstantin\6000-children-and-teen-book-covers\versions\1\BookCovers\the-fairytale-hairdresser-and-cinderella.jpg
the-fall-of-the-house-of-usher-and-other-writings,C:\Users\HP USER\.cache\kagglehub\datasets\thomaskonstantin\6000-children-and-teen-book-covers\versions\1\BookCovers\the-fall-of-the-house-of-usher-and-other-writings.jpg
the-fall,C:\Users\HP USER\.cache\kagglehub\datasets\thomaskonstantin\6000-children-and-teen-book-covers\versions\1\BookCovers\the-fall.jpg
the-familiars,C:\Users\HP USER\.cache\kagglehub\datasets\thomaskonstantin\6000-children-and-teen-book-covers\versions\1\BookCovers\the-familiars.jpg
the-family-book,C:\Users\HP USER\.cache\kagglehub\datasets\thomaskonstantin\6000-children-and-teen-book-covers\versions\1\BookCovers\the-family-book.jpg
the-family-from-one-end-street,C:\Users\HP USER\.cache\kagglehub\datasets\thomaskonstantin\6000-children-and-teen-book-covers\versions\1\BookCovers\the-family-from-one-end-street.jpg
the-famishing-vanishing-mahoosive-mammoth,C:\Users\HP USER\.cache\kagglehub\datasets\thomaskonstantin\6000-children-and-teen-book-covers\versions\1\BookCovers\the-famishing-vanishing-mahoosive-mammoth.jpg
the-faraway-truth,C:\Users\HP USER\.cache\kagglehub\datasets\thomaskonstantin\6000-children-and-teen-book-covers\versions\1\BookCovers\the-faraway-truth.jpg
the-ferry-birds,C:\Users\HP USER\.cache\kagglehub\datasets\thomaskonstantin\6000-children-and-teen-book-covers\versions\1\BookCovers\the-ferry-birds.jpg
the-fight,C:\Users\HP USER\.cache\kagglehub\datasets\thomaskonstantin\6000-children-and-teen-book-covers\versions\1\BookCovers\the-fight.jpg
the-fintastic-diary-of-darcy-dolphin,C:\Users\HP USER\.cache\kagglehub\datasets\thomaskonstantin\6000-children-and-teen-book-covers\versions\1\BookCovers\the-fintastic-diary-of-darcy-dolphin.jpg
the-first-egg-hunt,C:\Users\HP USER\.cache\kagglehub\datasets\thomaskonstantin\6000-children-and-teen-book-covers\versions\1\BookCovers\the-first-egg-hunt.jpg
the-first-noel,C:\Users\HP USER\.cache\kagglehub\datasets\thomaskonstantin\6000-children-and-teen-book-covers\versions\1\BookCovers\the-first-noel.jpg
the-five-of-us,C:\Users\HP USER\.cache\kagglehub\datasets\thomaskonstantin\6000-children-and-teen-book-covers\versions\1\BookCovers\the-five-of-us.jpg
the-flute,C:\Users\HP USER\.cache\kagglehub\datasets\thomaskonstantin\6000-children-and-teen-book-covers\versions\1\BookCovers\the-flute.jpg
the-fly2,C:\Users\HP USER\.cache\kagglehub\datasets\thomaskonstantin\6000-children-and-teen-book-covers\versions\1\BookCovers\the-fly2.jpg
the-fork-the-witch-and-the-worm,C:\Users\HP USER\.cache\kagglehub\datasets\thomaskonstantin\6000-children-and-teen-book-covers\versions\1\BookCovers\the-fork-the-witch-and-the-worm.jpg
the-four-branches-of-the-mabinogi,C:\Users\HP USER\.cache\kagglehub\datasets\thomaskonstantin\6000-children-and-teen-book-covers\versions\1\BookCovers\the-four-branches-of-the-mabinogi.jpg
the-fourth-horseman,C:\Users\HP USER\.cache\kagglehub\datasets\thomaskonstantin\6000-children-and-teen-book-covers\versions\1\BookCovers\the-fourth-horseman.jpg
the-fowl-twins,C:\Users\HP USER\.cache\kagglehub\datasets\thomaskonstantin\6000-children-and-teen-book-covers\versions\1\BookCovers\the-fowl-twins.jpg
the-fox-girl-and-the-white-gazelle,C:\Users\HP USER\.cache\kagglehub\datasets\thomaskonstantin\6000-children-and-teen-book-covers\versions\1\BookCovers\the-fox-girl-and-the-white-gazelle.jpg
the-frog-prince-continued,C:\Users\HP USER\.cache\kagglehub\datasets\thomaskonstantin\6000-children-and-teen-book-covers\versions\1\BookCovers\the-frog-prince-continued.jpg
the-front-room,C:\Users\HP USER\.cache\kagglehub\datasets\thomaskonstantin\6000-children-and-teen-book-covers\versions\1\BookCovers\the-front-room.jpg
the-frozen-sea,C:\Users\HP USER\.cache\kagglehub\datasets\thomaskonstantin\6000-children-and-teen-book-covers\versions\1\BookCovers\the-frozen-sea.jpg
the-funny-life-of-pets,C:\Users\HP USER\.cache\kagglehub\datasets\thomaskonstantin\6000-children-and-teen-book-covers\versions\1\BookCovers\the-funny-life-of-pets.jpg
the-funny-life-of-sharks,C:\Users\HP USER\.cache\kagglehub\datasets\thomaskonstantin\6000-children-and-teen-book-covers\versions\1\BookCovers\the-funny-life-of-sharks.jpg
the-furyv,C:\Users\HP USER\.cache\kagglehub\datasets\thomaskonstantin\6000-children-and-teen-book-covers\versions\1\BookCovers\the-furyv.jpg
the-garden-of-lost-secrets,C:\Users\HP USER\.cache\kagglehub\datasets\thomaskonstantin\6000-children-and-teen-book-covers\versions\1\BookCovers\the-garden-of-lost-secrets.jpg
the-getaway,C:\Users\HP USER\.cache\kagglehub\datasets\thomaskonstantin\6000-children-and-teen-book-covers\versions\1\BookCovers\the-getaway.jpg
the-ghost-box-cover,C:\Users\HP USER\.cache\kagglehub\datasets\thomaskonstantin\6000-children-and-teen-book-covers\versions\1\BookCovers\the-ghost-box-cover.jpg
the-ghost-of-gosswater,C:\Users\HP USER\.cache\kagglehub\datasets\thomaskonstantin\6000-children-and-teen-book-covers\versions\1\BookCovers\the-ghost-of-gosswater.jpg
the-ghosts-and-jamal,C:\Users\HP USER\.cache\kagglehub\datasets\thomaskonstantin\6000-children-and-teen-book-covers\versions\1\BookCovers\the-ghosts-and-jamal.jpg
the-ghosts-of-creakie-hall,C:\Users\HP USER\.cache\kagglehub\datasets\thomaskonstantin\6000-children-and-teen-book-covers\versions\1\BookCovers\the-ghosts-of-creakie-hall.jpg
the-ghosts-of-heavend,C:\Users\HP USER\.cache\kagglehub\datasets\thomaskonstantin\6000-children-and-teen-book-covers\versions\1\BookCovers\the-ghosts-of-heavend.jpg
the-giant-of-jum,C:\Users\HP USER\.cache\kagglehub\datasets\thomaskonstantin\6000-children-and-teen-book-covers\versions\1\BookCovers\the-giant-of-jum.jpg
the-giants-and-the-joneses,C:\Users\HP USER\.cache\kagglehub\datasets\thomaskonstantin\6000-children-and-teen-book-covers\versions\1\BookCovers\the-giants-and-the-joneses.jpg
the-gift-of-the-dark-hollow,C:\Users\HP USER\.cache\kagglehub\datasets\thomaskonstantin\6000-children-and-teen-book-covers\versions\1\BookCovers\the-gift-of-the-dark-hollow.jpg
the-giraffes-of-whispering-wood,C:\Users\HP USER\.cache\kagglehub\datasets\thomaskonstantin\6000-children-and-teen-book-covers\versions\1\BookCovers\the-giraffes-of-whispering-wood.jpg
the-girl-guide,C:\Users\HP USER\.cache\kagglehub\datasets\thomaskonstantin\6000-children-and-teen-book-covers\versions\1\BookCovers\the-girl-guide.jpg
the-girl-savage,C:\Users\HP USER\.cache\kagglehub\datasets\thomaskonstantin\6000-children-and-teen-book-covers\versions\1\BookCovers\the-girl-savage.jpg
the-girl-the-cat-and-the-navigator,C:\Users\HP USER\.cache\kagglehub\datasets\thomaskonstantin\6000-children-and-teen-book-covers\versions\1\BookCovers\the-girl-the-cat-and-the-navigator.jpg
the-girl-who-became-a-tree,C:\Users\HP USER\.cache\kagglehub\datasets\thomaskonstantin\6000-children-and-teen-book-covers\versions\1\BookCovers\the-girl-who-became-a-tree.jpg
the-girl-who-circumnavigated-fairyland-in-a-ship-of-her-own-making,C:\Users\HP USER\.cache\kagglehub\datasets\thomaskonstantin\6000-children-and-teen-book-covers\versions\1\BookCovers\the-girl-who-circumnavigated-fairyland-in-a-ship-of-her-own-making.jpg
the-girl-who-drank-the-moon,C:\Users\HP USER\.cache\kagglehub\datasets\thomaskonstantin\6000-children-and-teen-book-covers\versions\1\BookCovers\the-girl-who-drank-the-moon.jpg
the-girl-who-leapt-through-time,C:\Users\HP USER\.cache\kagglehub\datasets\thomaskonstantin\6000-children-and-teen-book-covers\versions\1\BookCovers\the-girl-who-leapt-through-time.jpg
the-girl-who-lost-her-shadow,C:\Users\HP USER\.cache\kagglehub\datasets\thomaskonstantin\6000-children-and-teen-book-covers\versions\1\BookCovers\the-girl-who-lost-her-shadow.jpg
the-girl-who-speaks-bear,C:\Users\HP USER\.cache\kagglehub\datasets\thomaskonstantin\6000-children-and-teen-book-covers\versions\1\BookCovers\the-girl-who-speaks-bear.jpg
the-girl-who-stole-an-elephant,C:\Users\HP USER\.cache\kagglehub\datasets\thomaskonstantin\6000-children-and-teen-book-covers\versions\1\BookCovers\the-girl-who-stole-an-elephant.jpg
the-girl-who-thought-her-mother-was-a-mermaid,C:\Users\HP USER\.cache\kagglehub\datasets\thomaskonstantin\6000-children-and-teen-book-covers\versions\1\BookCovers\the-girl-who-thought-her-mother-was-a-mermaid.jpg
the-girl-with-space-in-her-heart,C:\Users\HP USER\.cache\kagglehub\datasets\thomaskonstantin\6000-children-and-teen-book-covers\versions\1\BookCovers\the-girl-with-space-in-her-heart.jpg
the-girl-with-the-parrot-on-her-head,C:\Users\HP USER\.cache\kagglehub\datasets\thomaskonstantin\6000-children-and-teen-book-covers\versions\1\BookCovers\the-girl-with-the-parrot-on-her-head.jpg
the-girl-with-the-sharks-teeth,C:\Users\HP USER\.cache\kagglehub\datasets\thomaskonstantin\6000-children-and-teen-book-covers\versions\1\BookCovers\the-girl-with-the-sharks-teeth.jpg
the-girl-with-two-dads,C:\Users\HP USER\.cache\kagglehub\datasets\thomaskonstantin\6000-children-and-teen-book-covers\versions\1\BookCovers\the-girl-with-two-dads.jpg
the-girls,C:\Users\HP USER\.cache\kagglehub\datasets\thomaskonstantin\6000-children-and-teen-book-covers\versions\1\BookCovers\the-girls.jpg
the-glass-children,C:\Users\HP USER\.cache\kagglehub\datasets\thomaskonstantin\6000-children-and-teen-book-covers\versions\1\BookCovers\the-glass-children.jpg
the-glass-demon,C:\Users\HP USER\.cache\kagglehub\datasets\thomaskonstantin\6000-children-and-teen-book-covers\versions\1\BookCovers\the-glass-demon.jpg
the-glass-mountain,C:\Users\HP USER\.cache\kagglehub\datasets\thomaskonstantin\6000-children-and-teen-book-covers\versions\1\BookCovers\the-glass-mountain.jpg
the-glorys,C:\Users\HP USER\.cache\kagglehub\datasets\thomaskonstantin\6000-children-and-teen-book-covers\versions\1\BookCovers\the-glorys.jpg
the-goat,C:\Users\HP USER\.cache\kagglehub\datasets\thomaskonstantin\6000-children-and-teen-book-covers\versions\1\BookCovers\the-goat.jpg
the-gobbledegook-book,C:\Users\HP USER\.cache\kagglehub\datasets\thomaskonstantin\6000-children-and-teen-book-covers\versions\1\BookCovers\the-gobbledegook-book.jpg
the-golden-cage,C:\Users\HP USER\.cache\kagglehub\datasets\thomaskonstantin\6000-children-and-teen-book-covers\versions\1\BookCovers\the-golden-cage.jpg
the-golden-unicorn-secrets-and-legends,C:\Users\HP USER\.cache\kagglehub\datasets\thomaskonstantin\6000-children-and-teen-book-covers\versions\1\BookCovers\the-golden-unicorn-secrets-and-legends.jpg
the-good-bear,C:\Users\HP USER\.cache\kagglehub\datasets\thomaskonstantin\6000-children-and-teen-book-covers\versions\1\BookCovers\the-good-bear.jpg
the-good-hawk,C:\Users\HP USER\.cache\kagglehub\datasets\thomaskonstantin\6000-children-and-teen-book-covers\versions\1\BookCovers\the-good-hawk.jpg
the-good-thieves,C:\Users\HP USER\.cache\kagglehub\datasets\thomaskonstantin\6000-children-and-teen-book-covers\versions\1\BookCovers\the-good-thieves.jpg
the-goody,C:\Users\HP USER\.cache\kagglehub\datasets\thomaskonstantin\6000-children-and-teen-book-covers\versions\1\BookCovers\the-goody.jpg
the-goozillas-escape-from-the-monstrous-maze,C:\Users\HP USER\.cache\kagglehub\datasets\thomaskonstantin\6000-children-and-teen-book-covers\versions\1\BookCovers\the-goozillas-escape-from-the-monstrous-maze.jpg
the-goozillas-trapped-in-the-bog-of-beasts,C:\Users\HP USER\.cache\kagglehub\datasets\thomaskonstantin\6000-children-and-teen-book-covers\versions\1\BookCovers\the-goozillas-trapped-in-the-bog-of-beasts.jpg
the-graces,C:\Users\HP USER\.cache\kagglehub\datasets\thomaskonstantin\6000-children-and-teen-book-covers\versions\1\BookCovers\the-graces.jpg
the-graveyard-book,C:\Users\HP USER\.cache\kagglehub\datasets\thomaskonstantin\6000-children-and-teen-book-covers\versions\1\BookCovers\the-graveyard-book.jpg
the-great-animal-escapade,C:\Users\HP USER\.cache\kagglehub\datasets\thomaskonstantin\6000-children-and-teen-book-covers\versions\1\BookCovers\the-great-animal-escapade.jpg
the-great-barrier-reef,C:\Users\HP USER\.cache\kagglehub\datasets\thomaskonstantin\6000-children-and-teen-book-covers\versions\1\BookCovers\the-great-barrier-reef.jpg
the-great-big-body-book,C:\Users\HP USER\.cache\kagglehub\datasets\thomaskonstantin\6000-children-and-teen-book-covers\versions\1\BookCovers\the-great-big-body-book.jpg
the-great-big-book-of-families,C:\Users\HP USER\.cache\kagglehub\datasets\thomaskonstantin\6000-children-and-teen-book-covers\versions\1\BookCovers\the-great-big-book-of-families.jpg
the-great-big-green-book,C:\Users\HP USER\.cache\kagglehub\datasets\thomaskonstantin\6000-children-and-teen-book-covers\versions\1\BookCovers\the-great-big-green-book.jpg
the-great-cat-conspiracy,C:\Users\HP USER\.cache\kagglehub\datasets\thomaskonstantin\6000-children-and-teen-book-covers\versions\1\BookCovers\the-great-cat-conspiracy.jpg
the-great-cheese-robbery,C:\Users\HP USER\.cache\kagglehub\datasets\thomaskonstantin\6000-children-and-teen-book-covers\versions\1\BookCovers\the-great-cheese-robbery.jpg
the-great-dog-bottom-swap,C:\Users\HP USER\.cache\kagglehub\datasets\thomaskonstantin\6000-children-and-teen-book-covers\versions\1\BookCovers\the-great-dog-bottom-swap.jpg
the-great-gatsby,C:\Users\HP USER\.cache\kagglehub\datasets\thomaskonstantin\6000-children-and-teen-book-covers\versions\1\BookCovers\the-great-gatsby.jpg
the-great-hamster-massacre,C:\Users\HP USER\.cache\kagglehub\datasets\thomaskonstantin\6000-children-and-teen-book-covers\versions\1\BookCovers\the-great-hamster-massacre.jpg
the-great-paper-caper2,C:\Users\HP USER\.cache\kagglehub\datasets\thomaskonstantin\6000-children-and-teen-book-covers\versions\1\BookCovers\the-great-paper-caper2.jpg
the-great-rabbit-rescue,C:\Users\HP USER\.cache\kagglehub\datasets\thomaskonstantin\6000-children-and-teen-book-covers\versions\1\BookCovers\the-great-rabbit-rescue.jpg
the-great-race,C:\Users\HP USER\.cache\kagglehub\datasets\thomaskonstantin\6000-children-and-teen-book-covers\versions\1\BookCovers\the-great-race.jpg
the-great-ward,C:\Users\HP USER\.cache\kagglehub\datasets\thomaskonstantin\6000-children-and-teen-book-covers\versions\1\BookCovers\the-great-ward.jpg
the-greatest-magician-in-the-world,C:\Users\HP USER\.cache\kagglehub\datasets\thomaskonstantin\6000-children-and-teen-book-covers\versions\1\BookCovers\the-greatest-magician-in-the-world.jpg
the-greatest-show-of-all,C:\Users\HP USER\.cache\kagglehub\datasets\thomaskonstantin\6000-children-and-teen-book-covers\versions\1\BookCovers\the-greatest-show-of-all.jpg
the-green-ship,C:\Users\HP USER\.cache\kagglehub\datasets\thomaskonstantin\6000-children-and-teen-book-covers\versions\1\BookCovers\the-green-ship.jpg
the-gruffalo-and-other-songs,C:\Users\HP USER\.cache\kagglehub\datasets\thomaskonstantin\6000-children-and-teen-book-covers\versions\1\BookCovers\the-gruffalo-and-other-songs.jpg
the-harder-they-fall,C:\Users\HP USER\.cache\kagglehub\datasets\thomaskonstantin\6000-children-and-teen-book-covers\versions\1\BookCovers\the-harder-they-fall.jpg
the-hat,C:\Users\HP USER\.cache\kagglehub\datasets\thomaskonstantin\6000-children-and-teen-book-covers\versions\1\BookCovers\the-hat.jpg
the-hate-u-give,C:\Users\HP USER\.cache\kagglehub\datasets\thomaskonstantin\6000-children-and-teen-book-covers\versions\1\BookCovers\the-hate-u-give.jpg
the-hatmakers,C:\Users\HP USER\.cache\kagglehub\datasets\thomaskonstantin\6000-children-and-teen-book-covers\versions\1\BookCovers\the-hatmakers.jpg
the-hawkweed-prophecys,C:\Users\HP USER\.cache\kagglehub\datasets\thomaskonstantin\6000-children-and-teen-book-covers\versions\1\BookCovers\the-hawkweed-prophecys.jpg
the-hello-atlas,C:\Users\HP USER\.cache\kagglehub\datasets\thomaskonstantin\6000-children-and-teen-book-covers\versions\1\BookCovers\the-hello-atlas.jpg
the-here-and-now,C:\Users\HP USER\.cache\kagglehub\datasets\thomaskonstantin\6000-children-and-teen-book-covers\versions\1\BookCovers\the-here-and-now.jpg
the-hidden-star,C:\Users\HP USER\.cache\kagglehub\datasets\thomaskonstantin\6000-children-and-teen-book-covers\versions\1\BookCovers\the-hidden-star.jpg
the-highland-falcon-thief,C:\Users\HP USER\.cache\kagglehub\datasets\thomaskonstantin\6000-children-and-teen-book-covers\versions\1\BookCovers\the-highland-falcon-thief.jpg
the-hippo-at-the-end-of-the-hall,C:\Users\HP USER\.cache\kagglehub\datasets\thomaskonstantin\6000-children-and-teen-book-covers\versions\1\BookCovers\the-hippo-at-the-end-of-the-hall.jpg
the-house-in-poplar-wood,C:\Users\HP USER\.cache\kagglehub\datasets\thomaskonstantin\6000-children-and-teen-book-covers\versions\1\BookCovers\the-house-in-poplar-wood.jpg
the-house-in-the-tree,C:\Users\HP USER\.cache\kagglehub\datasets\thomaskonstantin\6000-children-and-teen-book-covers\versions\1\BookCovers\the-house-in-the-tree.jpg
the-house-of-light,C:\Users\HP USER\.cache\kagglehub\datasets\thomaskonstantin\6000-children-and-teen-book-covers\versions\1\BookCovers\the-house-of-light.jpg
the-house-on-hoarder-hill,C:\Users\HP USER\.cache\kagglehub\datasets\thomaskonstantin\6000-children-and-teen-book-covers\versions\1\BookCovers\the-house-on-hoarder-hill.jpg
the-house-with-chicken-legs,C:\Users\HP USER\.cache\kagglehub\datasets\thomaskonstantin\6000-children-and-teen-book-covers\versions\1\BookCovers\the-house-with-chicken-legs.jpg
the-hug,C:\Users\HP USER\.cache\kagglehub\datasets\thomaskonstantin\6000-children-and-teen-book-covers\versions\1\BookCovers\the-hug.jpg
the-humans,C:\Users\HP USER\.cache\kagglehub\datasets\thomaskonstantin\6000-children-and-teen-book-covers\versions\1\BookCovers\the-humans.jpg
the-humiliations-of-welton-blake,C:\Users\HP USER\.cache\kagglehub\datasets\thomaskonstantin\6000-children-and-teen-book-covers\versions\1\BookCovers\the-humiliations-of-welton-blake.jpg
the-humpback-s-wail,C:\Users\HP USER\.cache\kagglehub\datasets\thomaskonstantin\6000-children-and-teen-book-covers\versions\1\BookCovers\the-humpback-s-wail.jpg
the-icarus-shows,C:\Users\HP USER\.cache\kagglehub\datasets\thomaskonstantin\6000-children-and-teen-book-covers\versions\1\BookCovers\the-icarus-shows.jpg
the-ice-bear-miracle,C:\Users\HP USER\.cache\kagglehub\datasets\thomaskonstantin\6000-children-and-teen-book-covers\versions\1\BookCovers\the-ice-bear-miracle.jpg
the-ice-bear,C:\Users\HP USER\.cache\kagglehub\datasets\thomaskonstantin\6000-children-and-teen-book-covers\versions\1\BookCovers\the-ice-bear.jpg
the-ice-monster,C:\Users\HP USER\.cache\kagglehub\datasets\thomaskonstantin\6000-children-and-teen-book-covers\versions\1\BookCovers\the-ice-monster.jpg
the-iliad-and-the-odyssey,C:\Users\HP USER\.cache\kagglehub\datasets\thomaskonstantin\6000-children-and-teen-book-covers\versions\1\BookCovers\the-iliad-and-the-odyssey.jpg
the-incredible-ecosystems-of-planet-earth,C:\Users\HP USER\.cache\kagglehub\datasets\thomaskonstantin\6000-children-and-teen-book-covers\versions\1\BookCovers\the-incredible-ecosystems-of-planet-earth.jpg
the-incredible-painting-of-felix-clousseau,C:\Users\HP USER\.cache\kagglehub\datasets\thomaskonstantin\6000-children-and-teen-book-covers\versions\1\BookCovers\the-incredible-painting-of-felix-clousseau.jpg
the-infinite-lives-of-maisie-day,C:\Users\HP USER\.cache\kagglehub\datasets\thomaskonstantin\6000-children-and-teen-book-covers\versions\1\BookCovers\the-infinite-lives-of-maisie-day.jpg
the-infinite,C:\Users\HP USER\.cache\kagglehub\datasets\thomaskonstantin\6000-children-and-teen-book-covers\versions\1\BookCovers\the-infinite.jpg
the-infinity-files,C:\Users\HP USER\.cache\kagglehub\datasets\thomaskonstantin\6000-children-and-teen-book-covers\versions\1\BookCovers\the-infinity-files.jpg
the-inquisition,C:\Users\HP USER\.cache\kagglehub\datasets\thomaskonstantin\6000-children-and-teen-book-covers\versions\1\BookCovers\the-inquisition.jpg
the-invasion-of-crooked-oak,C:\Users\HP USER\.cache\kagglehub\datasets\thomaskonstantin\6000-children-and-teen-book-covers\versions\1\BookCovers\the-invasion-of-crooked-oak.jpg
the-invincible-tony-spears,C:\Users\HP USER\.cache\kagglehub\datasets\thomaskonstantin\6000-children-and-teen-book-covers\versions\1\BookCovers\the-invincible-tony-spears.jpg
the-invisible-boy,C:\Users\HP USER\.cache\kagglehub\datasets\thomaskonstantin\6000-children-and-teen-book-covers\versions\1\BookCovers\the-invisible-boy.jpg
the-invisible,C:\Users\HP USER\.cache\kagglehub\datasets\thomaskonstantin\6000-children-and-teen-book-covers\versions\1\BookCovers\the-invisible.jpg
the-iron-man,C:\Users\HP USER\.cache\kagglehub\datasets\thomaskonstantin\6000-children-and-teen-book-covers\versions\1\BookCovers\the-iron-man.jpg
the-island-at-the-end-of-everything,C:\Users\HP USER\.cache\kagglehub\datasets\thomaskonstantin\6000-children-and-teen-book-covers\versions\1\BookCovers\the-island-at-the-end-of-everything.jpg
the-island,C:\Users\HP USER\.cache\kagglehub\datasets\thomaskonstantin\6000-children-and-teen-book-covers\versions\1\BookCovers\the-island.jpg
the-it-girl-superstar-geek,C:\Users\HP USER\.cache\kagglehub\datasets\thomaskonstantin\6000-children-and-teen-book-covers\versions\1\BookCovers\the-it-girl-superstar-geek.jpg
the-jamie-drake-equation,C:\Users\HP USER\.cache\kagglehub\datasets\thomaskonstantin\6000-children-and-teen-book-covers\versions\1\BookCovers\the-jamie-drake-equation.jpg
the-jolley-rogers-and-the-monster-s-gold,C:\Users\HP USER\.cache\kagglehub\datasets\thomaskonstantin\6000-children-and-teen-book-covers\versions\1\BookCovers\the-jolley-rogers-and-the-monster-s-gold.jpg
the-jolly-postman,C:\Users\HP USER\.cache\kagglehub\datasets\thomaskonstantin\6000-children-and-teen-book-covers\versions\1\BookCovers\the-jolly-postman.jpg
the-jungle,C:\Users\HP USER\.cache\kagglehub\datasets\thomaskonstantin\6000-children-and-teen-book-covers\versions\1\BookCovers\the-jungle.jpg
the-key-to-flambards,C:\Users\HP USER\.cache\kagglehub\datasets\thomaskonstantin\6000-children-and-teen-book-covers\versions\1\BookCovers\the-key-to-flambards.jpg
the-kid-who-came-from-space,C:\Users\HP USER\.cache\kagglehub\datasets\thomaskonstantin\6000-children-and-teen-book-covers\versions\1\BookCovers\the-kid-who-came-from-space.jpg
the-killer-cat-strikes-back,C:\Users\HP USER\.cache\kagglehub\datasets\thomaskonstantin\6000-children-and-teen-book-covers\versions\1\BookCovers\the-killer-cat-strikes-back.jpg
the-king-of-birds---the-gamayun-tales-1,C:\Users\HP USER\.cache\kagglehub\datasets\thomaskonstantin\6000-children-and-teen-book-covers\versions\1\BookCovers\the-king-of-birds---the-gamayun-tales-1.jpg
the-king-of-tiny-things,C:\Users\HP USER\.cache\kagglehub\datasets\thomaskonstantin\6000-children-and-teen-book-covers\versions\1\BookCovers\the-king-of-tiny-things.jpg
the-kiosk,C:\Users\HP USER\.cache\kagglehub\datasets\thomaskonstantin\6000-children-and-teen-book-covers\versions\1\BookCovers\the-kiosk.jpg
the-kite-rider,C:\Users\HP USER\.cache\kagglehub\datasets\thomaskonstantin\6000-children-and-teen-book-covers\versions\1\BookCovers\the-kite-rider.jpg
the-kites-are-flying,C:\Users\HP USER\.cache\kagglehub\datasets\thomaskonstantin\6000-children-and-teen-book-covers\versions\1\BookCovers\the-kites-are-flying.jpg
the-knife-that-killed-me2,C:\Users\HP USER\.cache\kagglehub\datasets\thomaskonstantin\6000-children-and-teen-book-covers\versions\1\BookCovers\the-knife-that-killed-me2.jpg
the-knights-of-the-drop-leaf-table,C:\Users\HP USER\.cache\kagglehub\datasets\thomaskonstantin\6000-children-and-teen-book-covers\versions\1\BookCovers\the-knights-of-the-drop-leaf-table.jpg
the-ladybird-big-book-of-dead-things,C:\Users\HP USER\.cache\kagglehub\datasets\thomaskonstantin\6000-children-and-teen-book-covers\versions\1\BookCovers\the-ladybird-big-book-of-dead-things.jpg
the-ladybird-big-book-of-slimy-things,C:\Users\HP USER\.cache\kagglehub\datasets\thomaskonstantin\6000-children-and-teen-book-covers\versions\1\BookCovers\the-ladybird-big-book-of-slimy-things.jpg
the-land-of-neverendings,C:\Users\HP USER\.cache\kagglehub\datasets\thomaskonstantin\6000-children-and-teen-book-covers\versions\1\BookCovers\the-land-of-neverendings.jpg
the-land-of-roar,C:\Users\HP USER\.cache\kagglehub\datasets\thomaskonstantin\6000-children-and-teen-book-covers\versions\1\BookCovers\the-land-of-roar.jpg
the-language-of-cat2,C:\Users\HP USER\.cache\kagglehub\datasets\thomaskonstantin\6000-children-and-teen-book-covers\versions\1\BookCovers\the-language-of-cat2.jpg
the-last-bear,C:\Users\HP USER\.cache\kagglehub\datasets\thomaskonstantin\6000-children-and-teen-book-covers\versions\1\BookCovers\the-last-bear.jpg
the-last-chance-hotel,C:\Users\HP USER\.cache\kagglehub\datasets\thomaskonstantin\6000-children-and-teen-book-covers\versions\1\BookCovers\the-last-chance-hotel.jpg
the-last-dragonslayer2,C:\Users\HP USER\.cache\kagglehub\datasets\thomaskonstantin\6000-children-and-teen-book-covers\versions\1\BookCovers\the-last-dragonslayer2.jpg
the-last-duchess,C:\Users\HP USER\.cache\kagglehub\datasets\thomaskonstantin\6000-children-and-teen-book-covers\versions\1\BookCovers\the-last-duchess.jpg
the-last-kids-on-earth-cover,C:\Users\HP USER\.cache\kagglehub\datasets\thomaskonstantin\6000-children-and-teen-book-covers\versions\1\BookCovers\the-last-kids-on-earth-cover.jpg
the-last-taboo,C:\Users\HP USER\.cache\kagglehub\datasets\thomaskonstantin\6000-children-and-teen-book-covers\versions\1\BookCovers\the-last-taboo.jpg
the-last-wolf,C:\Users\HP USER\.cache\kagglehub\datasets\thomaskonstantin\6000-children-and-teen-book-covers\versions\1\BookCovers\the-last-wolf.jpg
the-last-wolf2,C:\Users\HP USER\.cache\kagglehub\datasets\thomaskonstantin\6000-children-and-teen-book-covers\versions\1\BookCovers\the-last-wolf2.jpg
the-last-zoo-cover-image,C:\Users\HP USER\.cache\kagglehub\datasets\thomaskonstantin\6000-children-and-teen-book-covers\versions\1\BookCovers\the-last-zoo-cover-image.jpg
the-league-of-extraodinary-gentleman,C:\Users\HP USER\.cache\kagglehub\datasets\thomaskonstantin\6000-children-and-teen-book-covers\versions\1\BookCovers\the-league-of-extraodinary-gentleman.jpg
the-league-of-unexceptional-children-get-smart-ish,C:\Users\HP USER\.cache\kagglehub\datasets\thomaskonstantin\6000-children-and-teen-book-covers\versions\1\BookCovers\the-league-of-unexceptional-children-get-smart-ish.jpg
the-league-of-unexceptional-children-the-kids-who-knew-too-little,C:\Users\HP USER\.cache\kagglehub\datasets\thomaskonstantin\6000-children-and-teen-book-covers\versions\1\BookCovers\the-league-of-unexceptional-children-the-kids-who-knew-too-little.jpg
the-legend-of-captain-crow-s-teeth,C:\Users\HP USER\.cache\kagglehub\datasets\thomaskonstantin\6000-children-and-teen-book-covers\versions\1\BookCovers\the-legend-of-captain-crow-s-teeth.jpg
the-legend-of-kevin,C:\Users\HP USER\.cache\kagglehub\datasets\thomaskonstantin\6000-children-and-teen-book-covers\versions\1\BookCovers\the-legend-of-kevin.jpg
the-legend-of-sally-jones,C:\Users\HP USER\.cache\kagglehub\datasets\thomaskonstantin\6000-children-and-teen-book-covers\versions\1\BookCovers\the-legend-of-sally-jones.jpg
the-letter-for-the-king,C:\Users\HP USER\.cache\kagglehub\datasets\thomaskonstantin\6000-children-and-teen-book-covers\versions\1\BookCovers\the-letter-for-the-king.jpg
the-life-and-time-of-lonny-quicke,C:\Users\HP USER\.cache\kagglehub\datasets\thomaskonstantin\6000-children-and-teen-book-covers\versions\1\BookCovers\the-life-and-time-of-lonny-quicke.jpg
the-lightning-catcher,C:\Users\HP USER\.cache\kagglehub\datasets\thomaskonstantin\6000-children-and-teen-book-covers\versions\1\BookCovers\the-lightning-catcher.jpg
the-lines-on-nana-s-face,C:\Users\HP USER\.cache\kagglehub\datasets\thomaskonstantin\6000-children-and-teen-book-covers\versions\1\BookCovers\the-lines-on-nana-s-face.jpg
the-lion-and-the-unicorn,C:\Users\HP USER\.cache\kagglehub\datasets\thomaskonstantin\6000-children-and-teen-book-covers\versions\1\BookCovers\the-lion-and-the-unicorn.jpg
the-lion-inside,C:\Users\HP USER\.cache\kagglehub\datasets\thomaskonstantin\6000-children-and-teen-book-covers\versions\1\BookCovers\the-lion-inside.jpg
the-lion-the-witch-the-wardrobe,C:\Users\HP USER\.cache\kagglehub\datasets\thomaskonstantin\6000-children-and-teen-book-covers\versions\1\BookCovers\the-lion-the-witch-the-wardrobe.jpg
the-lion-who-stole-my-arm,C:\Users\HP USER\.cache\kagglehub\datasets\thomaskonstantin\6000-children-and-teen-book-covers\versions\1\BookCovers\the-lion-who-stole-my-arm.jpg
the-list-of-things-that-will-not-change,C:\Users\HP USER\.cache\kagglehub\datasets\thomaskonstantin\6000-children-and-teen-book-covers\versions\1\BookCovers\the-list-of-things-that-will-not-change.jpg
the-listener,C:\Users\HP USER\.cache\kagglehub\datasets\thomaskonstantin\6000-children-and-teen-book-covers\versions\1\BookCovers\the-listener.jpg
the-liszts,C:\Users\HP USER\.cache\kagglehub\datasets\thomaskonstantin\6000-children-and-teen-book-covers\versions\1\BookCovers\the-liszts.jpg
the-little-book-of-football-jokes,C:\Users\HP USER\.cache\kagglehub\datasets\thomaskonstantin\6000-children-and-teen-book-covers\versions\1\BookCovers\the-little-book-of-football-jokes.jpg
the-little-fir-tree,C:\Users\HP USER\.cache\kagglehub\datasets\thomaskonstantin\6000-children-and-teen-book-covers\versions\1\BookCovers\the-little-fir-tree.jpg
the-little-gardener,C:\Users\HP USER\.cache\kagglehub\datasets\thomaskonstantin\6000-children-and-teen-book-covers\versions\1\BookCovers\the-little-gardener.jpg
the-little-island,C:\Users\HP USER\.cache\kagglehub\datasets\thomaskonstantin\6000-children-and-teen-book-covers\versions\1\BookCovers\the-little-island.jpg
the-little-mermaid,C:\Users\HP USER\.cache\kagglehub\datasets\thomaskonstantin\6000-children-and-teen-book-covers\versions\1\BookCovers\the-little-mermaid.jpg
the-little-mistake,C:\Users\HP USER\.cache\kagglehub\datasets\thomaskonstantin\6000-children-and-teen-book-covers\versions\1\BookCovers\the-little-mistake.jpg
the-little-pioneer,C:\Users\HP USER\.cache\kagglehub\datasets\thomaskonstantin\6000-children-and-teen-book-covers\versions\1\BookCovers\the-little-pioneer.jpg
the-little-red-train---green-light,C:\Users\HP USER\.cache\kagglehub\datasets\thomaskonstantin\6000-children-and-teen-book-covers\versions\1\BookCovers\the-little-red-train---green-light.jpg
the-little-war-cat,C:\Users\HP USER\.cache\kagglehub\datasets\thomaskonstantin\6000-children-and-teen-book-covers\versions\1\BookCovers\the-little-war-cat.jpg
the-little-welsh-rugby-fan,C:\Users\HP USER\.cache\kagglehub\datasets\thomaskonstantin\6000-children-and-teen-book-covers\versions\1\BookCovers\the-little-welsh-rugby-fan.jpg
the-littlest-dinosaur-s-big-adventure,C:\Users\HP USER\.cache\kagglehub\datasets\thomaskonstantin\6000-children-and-teen-book-covers\versions\1\BookCovers\the-littlest-dinosaur-s-big-adventure.jpg
the-littlest-dinosaur,C:\Users\HP USER\.cache\kagglehub\datasets\thomaskonstantin\6000-children-and-teen-book-covers\versions\1\BookCovers\the-littlest-dinosaur.jpg
the-london-eye-mystery,C:\Users\HP USER\.cache\kagglehub\datasets\thomaskonstantin\6000-children-and-teen-book-covers\versions\1\BookCovers\the-london-eye-mystery.jpg
the-loneliness-of-the-long-distance-runner,C:\Users\HP USER\.cache\kagglehub\datasets\thomaskonstantin\6000-children-and-teen-book-covers\versions\1\BookCovers\the-loneliness-of-the-long-distance-runner.jpg
the-longest-night-of-charlie-noon,C:\Users\HP USER\.cache\kagglehub\datasets\thomaskonstantin\6000-children-and-teen-book-covers\versions\1\BookCovers\the-longest-night-of-charlie-noon.jpg
the-longest-strongest-thread,C:\Users\HP USER\.cache\kagglehub\datasets\thomaskonstantin\6000-children-and-teen-book-covers\versions\1\BookCovers\the-longest-strongest-thread.jpg
the-longest-whale-song,C:\Users\HP USER\.cache\kagglehub\datasets\thomaskonstantin\6000-children-and-teen-book-covers\versions\1\BookCovers\the-longest-whale-song.jpg
the-lookd,C:\Users\HP USER\.cache\kagglehub\datasets\thomaskonstantin\6000-children-and-teen-book-covers\versions\1\BookCovers\the-lookd.jpg
the-lost-and-founds,C:\Users\HP USER\.cache\kagglehub\datasets\thomaskonstantin\6000-children-and-teen-book-covers\versions\1\BookCovers\the-lost-and-founds.jpg
the-lost-book-of-adventure,C:\Users\HP USER\.cache\kagglehub\datasets\thomaskonstantin\6000-children-and-teen-book-covers\versions\1\BookCovers\the-lost-book-of-adventure.jpg
the-lost-diary-of-sami-star,C:\Users\HP USER\.cache\kagglehub\datasets\thomaskonstantin\6000-children-and-teen-book-covers\versions\1\BookCovers\the-lost-diary-of-sami-star.jpg
the-lost-homework,C:\Users\HP USER\.cache\kagglehub\datasets\thomaskonstantin\6000-children-and-teen-book-covers\versions\1\BookCovers\the-lost-homework.jpg
the-lost-kitten,C:\Users\HP USER\.cache\kagglehub\datasets\thomaskonstantin\6000-children-and-teen-book-covers\versions\1\BookCovers\the-lost-kitten.jpg
the-lost-magician,C:\Users\HP USER\.cache\kagglehub\datasets\thomaskonstantin\6000-children-and-teen-book-covers\versions\1\BookCovers\the-lost-magician.jpg
the-lost-property-office,C:\Users\HP USER\.cache\kagglehub\datasets\thomaskonstantin\6000-children-and-teen-book-covers\versions\1\BookCovers\the-lost-property-office.jpg
the-lost-thing-jacket,C:\Users\HP USER\.cache\kagglehub\datasets\thomaskonstantin\6000-children-and-teen-book-covers\versions\1\BookCovers\the-lost-thing-jacket.jpg
the-lost-tide-warriors,C:\Users\HP USER\.cache\kagglehub\datasets\thomaskonstantin\6000-children-and-teen-book-covers\versions\1\BookCovers\the-lost-tide-warriors.jpg
the-lotterys-plus-one,C:\Users\HP USER\.cache\kagglehub\datasets\thomaskonstantin\6000-children-and-teen-book-covers\versions\1\BookCovers\the-lotterys-plus-one.jpg
the-love-and-lies-of-rukhsana-ali,C:\Users\HP USER\.cache\kagglehub\datasets\thomaskonstantin\6000-children-and-teen-book-covers\versions\1\BookCovers\the-love-and-lies-of-rukhsana-ali.jpg
the-magic-bojabi-tree,C:\Users\HP USER\.cache\kagglehub\datasets\thomaskonstantin\6000-children-and-teen-book-covers\versions\1\BookCovers\the-magic-bojabi-tree.jpg
the-magic-carpets-guide-to-earths-forbidden-places---see-the-worlds-best-kept-secrets,C:\Users\HP USER\.cache\kagglehub\datasets\thomaskonstantin\6000-children-and-teen-book-covers\versions\1\BookCovers\the-magic-carpets-guide-to-earths-forbidden-places---see-the-worlds-best-kept-secrets.jpg
the-magic-paintbrush2,C:\Users\HP USER\.cache\kagglehub\datasets\thomaskonstantin\6000-children-and-teen-book-covers\versions\1\BookCovers\the-magic-paintbrush2.jpg
the-magical-unicorn-society,C:\Users\HP USER\.cache\kagglehub\datasets\thomaskonstantin\6000-children-and-teen-book-covers\versions\1\BookCovers\the-magical-unicorn-society.jpg
the-magicians-map,C:\Users\HP USER\.cache\kagglehub\datasets\thomaskonstantin\6000-children-and-teen-book-covers\versions\1\BookCovers\the-magicians-map.jpg
the-maker-of-monsters,C:\Users\HP USER\.cache\kagglehub\datasets\thomaskonstantin\6000-children-and-teen-book-covers\versions\1\BookCovers\the-maker-of-monsters.jpg
the-making-of-mollie,C:\Users\HP USER\.cache\kagglehub\datasets\thomaskonstantin\6000-children-and-teen-book-covers\versions\1\BookCovers\the-making-of-mollie.jpg
the-man-on-the-moon,C:\Users\HP USER\.cache\kagglehub\datasets\thomaskonstantin\6000-children-and-teen-book-covers\versions\1\BookCovers\the-man-on-the-moon.jpg
the-man,C:\Users\HP USER\.cache\kagglehub\datasets\thomaskonstantin\6000-children-and-teen-book-covers\versions\1\BookCovers\the-man.jpg
the-many-colors-of-harpreet-singh,C:\Users\HP USER\.cache\kagglehub\datasets\thomaskonstantin\6000-children-and-teen-book-covers\versions\1\BookCovers\the-many-colors-of-harpreet-singh.jpg
the-mapmakers-race,C:\Users\HP USER\.cache\kagglehub\datasets\thomaskonstantin\6000-children-and-teen-book-covers\versions\1\BookCovers\the-mapmakers-race.jpg
the-match-2,C:\Users\HP USER\.cache\kagglehub\datasets\thomaskonstantin\6000-children-and-teen-book-covers\versions\1\BookCovers\the-match-2.jpg
the-matilda-effect,C:\Users\HP USER\.cache\kagglehub\datasets\thomaskonstantin\6000-children-and-teen-book-covers\versions\1\BookCovers\the-matilda-effect.jpg
the-memory-cage,C:\Users\HP USER\.cache\kagglehub\datasets\thomaskonstantin\6000-children-and-teen-book-covers\versions\1\BookCovers\the-memory-cage.jpg
the-merchant-of-venice,C:\Users\HP USER\.cache\kagglehub\datasets\thomaskonstantin\6000-children-and-teen-book-covers\versions\1\BookCovers\the-merchant-of-venice.jpg
the-mermaid-atlas-merfolk-of-the-world,C:\Users\HP USER\.cache\kagglehub\datasets\thomaskonstantin\6000-children-and-teen-book-covers\versions\1\BookCovers\the-mermaid-atlas-merfolk-of-the-world.jpg
the-messenger-bird,C:\Users\HP USER\.cache\kagglehub\datasets\thomaskonstantin\6000-children-and-teen-book-covers\versions\1\BookCovers\the-messenger-bird.jpg
the-middle-of-nowhere,C:\Users\HP USER\.cache\kagglehub\datasets\thomaskonstantin\6000-children-and-teen-book-covers\versions\1\BookCovers\the-middle-of-nowhere.jpg
the-middler,C:\Users\HP USER\.cache\kagglehub\datasets\thomaskonstantin\6000-children-and-teen-book-covers\versions\1\BookCovers\the-middler.jpg
the-midnight-gang,C:\Users\HP USER\.cache\kagglehub\datasets\thomaskonstantin\6000-children-and-teen-book-covers\versions\1\BookCovers\the-midnight-gang.jpg
the-midnight-guardians,C:\Users\HP USER\.cache\kagglehub\datasets\thomaskonstantin\6000-children-and-teen-book-covers\versions\1\BookCovers\the-midnight-guardians.jpg
the-midnight-hour,C:\Users\HP USER\.cache\kagglehub\datasets\thomaskonstantin\6000-children-and-teen-book-covers\versions\1\BookCovers\the-midnight-hour.jpg
the-midnight-peacock,C:\Users\HP USER\.cache\kagglehub\datasets\thomaskonstantin\6000-children-and-teen-book-covers\versions\1\BookCovers\the-midnight-peacock.jpg
the-midnight-swan,C:\Users\HP USER\.cache\kagglehub\datasets\thomaskonstantin\6000-children-and-teen-book-covers\versions\1\BookCovers\the-midnight-swan.jpg
the-mighty-dynamo,C:\Users\HP USER\.cache\kagglehub\datasets\thomaskonstantin\6000-children-and-teen-book-covers\versions\1\BookCovers\the-mighty-dynamo.jpg
the-ministry-of-suits2,C:\Users\HP USER\.cache\kagglehub\datasets\thomaskonstantin\6000-children-and-teen-book-covers\versions\1\BookCovers\the-ministry-of-suits2.jpg
the-miracle-on-ebenezer-street,C:\Users\HP USER\.cache\kagglehub\datasets\thomaskonstantin\6000-children-and-teen-book-covers\versions\1\BookCovers\the-miracle-on-ebenezer-street.jpg
the-misadventures-of-frederick,C:\Users\HP USER\.cache\kagglehub\datasets\thomaskonstantin\6000-children-and-teen-book-covers\versions\1\BookCovers\the-misadventures-of-frederick.jpg
the-misadventures-of-max-crumbly,C:\Users\HP USER\.cache\kagglehub\datasets\thomaskonstantin\6000-children-and-teen-book-covers\versions\1\BookCovers\the-misadventures-of-max-crumbly.jpg
the-missing-bookshop,C:\Users\HP USER\.cache\kagglehub\datasets\thomaskonstantin\6000-children-and-teen-book-covers\versions\1\BookCovers\the-missing-bookshop.jpg
the-missing,C:\Users\HP USER\.cache\kagglehub\datasets\thomaskonstantin\6000-children-and-teen-book-covers\versions\1\BookCovers\the-missing.jpg
the-moment-collector,C:\Users\HP USER\.cache\kagglehub\datasets\thomaskonstantin\6000-children-and-teen-book-covers\versions\1\BookCovers\the-moment-collector.jpg
the-monster-doctor,C:\Users\HP USER\.cache\kagglehub\datasets\thomaskonstantin\6000-children-and-teen-book-covers\versions\1\BookCovers\the-monster-doctor.jpg
the-monsters-of-rookhaven,C:\Users\HP USER\.cache\kagglehub\datasets\thomaskonstantin\6000-children-and-teen-book-covers\versions\1\BookCovers\the-monsters-of-rookhaven.jpg
the-monstrous-child2,C:\Users\HP USER\.cache\kagglehub\datasets\thomaskonstantin\6000-children-and-teen-book-covers\versions\1\BookCovers\the-monstrous-child2.jpg
the-monstrous-tale-of-celery-crumble,C:\Users\HP USER\.cache\kagglehub\datasets\thomaskonstantin\6000-children-and-teen-book-covers\versions\1\BookCovers\the-monstrous-tale-of-celery-crumble.jpg
the-moon-keeper,C:\Users\HP USER\.cache\kagglehub\datasets\thomaskonstantin\6000-children-and-teen-book-covers\versions\1\BookCovers\the-moon-keeper.jpg
the-moonlight-zoo,C:\Users\HP USER\.cache\kagglehub\datasets\thomaskonstantin\6000-children-and-teen-book-covers\versions\1\BookCovers\the-moonlight-zoo.jpg
the-mouse-family-robinson,C:\Users\HP USER\.cache\kagglehub\datasets\thomaskonstantin\6000-children-and-teen-book-covers\versions\1\BookCovers\the-mouse-family-robinson.jpg
the-mouse-who-reached-the-sky,C:\Users\HP USER\.cache\kagglehub\datasets\thomaskonstantin\6000-children-and-teen-book-covers\versions\1\BookCovers\the-mouse-who-reached-the-sky.jpg
the-mulberry-bush,C:\Users\HP USER\.cache\kagglehub\datasets\thomaskonstantin\6000-children-and-teen-book-covers\versions\1\BookCovers\the-mulberry-bush.jpg
the-murderers-ape,C:\Users\HP USER\.cache\kagglehub\datasets\thomaskonstantin\6000-children-and-teen-book-covers\versions\1\BookCovers\the-murderers-ape.jpg
the-mysteries-of-harris-burdick,C:\Users\HP USER\.cache\kagglehub\datasets\thomaskonstantin\6000-children-and-teen-book-covers\versions\1\BookCovers\the-mysteries-of-harris-burdick.jpg
the-mystery-of-the-colour-thief,C:\Users\HP USER\.cache\kagglehub\datasets\thomaskonstantin\6000-children-and-teen-book-covers\versions\1\BookCovers\the-mystery-of-the-colour-thief.jpg
the-mystery-of-the-haunted-farm,C:\Users\HP USER\.cache\kagglehub\datasets\thomaskonstantin\6000-children-and-teen-book-covers\versions\1\BookCovers\the-mystery-of-the-haunted-farm.jpg
the-nanny-goat-s-kid,C:\Users\HP USER\.cache\kagglehub\datasets\thomaskonstantin\6000-children-and-teen-book-covers\versions\1\BookCovers\the-nanny-goat-s-kid.jpg
the-naughtiest-unicorn,C:\Users\HP USER\.cache\kagglehub\datasets\thomaskonstantin\6000-children-and-teen-book-covers\versions\1\BookCovers\the-naughtiest-unicorn.jpg
the-neighbors,C:\Users\HP USER\.cache\kagglehub\datasets\thomaskonstantin\6000-children-and-teen-book-covers\versions\1\BookCovers\the-neighbors.jpg
the-neverending-story,C:\Users\HP USER\.cache\kagglehub\datasets\thomaskonstantin\6000-children-and-teen-book-covers\versions\1\BookCovers\the-neverending-story.jpg
the-new-baby-and-me,C:\Users\HP USER\.cache\kagglehub\datasets\thomaskonstantin\6000-children-and-teen-book-covers\versions\1\BookCovers\the-new-baby-and-me.jpg
the-new-football-coach,C:\Users\HP USER\.cache\kagglehub\datasets\thomaskonstantin\6000-children-and-teen-book-covers\versions\1\BookCovers\the-new-football-coach.jpg
the-new-neighbours,C:\Users\HP USER\.cache\kagglehub\datasets\thomaskonstantin\6000-children-and-teen-book-covers\versions\1\BookCovers\the-new-neighbours.jpg
the-new-policeman,C:\Users\HP USER\.cache\kagglehub\datasets\thomaskonstantin\6000-children-and-teen-book-covers\versions\1\BookCovers\the-new-policeman.jpg
the-new-teacher2,C:\Users\HP USER\.cache\kagglehub\datasets\thomaskonstantin\6000-children-and-teen-book-covers\versions\1\BookCovers\the-new-teacher2.jpg
the-newborn-child,C:\Users\HP USER\.cache\kagglehub\datasets\thomaskonstantin\6000-children-and-teen-book-covers\versions\1\BookCovers\the-newborn-child.jpg
the-night-before-christmas,C:\Users\HP USER\.cache\kagglehub\datasets\thomaskonstantin\6000-children-and-teen-book-covers\versions\1\BookCovers\the-night-before-christmas.jpg
the-night-bookmobile,C:\Users\HP USER\.cache\kagglehub\datasets\thomaskonstantin\6000-children-and-teen-book-covers\versions\1\BookCovers\the-night-bookmobile.jpg
the-night-bus-hero,C:\Users\HP USER\.cache\kagglehub\datasets\thomaskonstantin\6000-children-and-teen-book-covers\versions\1\BookCovers\the-night-bus-hero.jpg
the-night-dragon,C:\Users\HP USER\.cache\kagglehub\datasets\thomaskonstantin\6000-children-and-teen-book-covers\versions\1\BookCovers\the-night-dragon.jpg
the-night-gardener-garddwr-y-gwyll,C:\Users\HP USER\.cache\kagglehub\datasets\thomaskonstantin\6000-children-and-teen-book-covers\versions\1\BookCovers\the-night-gardener-garddwr-y-gwyll.jpg
the-night-gardener,C:\Users\HP USER\.cache\kagglehub\datasets\thomaskonstantin\6000-children-and-teen-book-covers\versions\1\BookCovers\the-night-gardener.jpg
the-night-i-met-father-christmas,C:\Users\HP USER\.cache\kagglehub\datasets\thomaskonstantin\6000-children-and-teen-book-covers\versions\1\BookCovers\the-night-i-met-father-christmas.jpg
the-night-itselfs,C:\Users\HP USER\.cache\kagglehub\datasets\thomaskonstantin\6000-children-and-teen-book-covers\versions\1\BookCovers\the-night-itselfs.jpg
the-night-knights,C:\Users\HP USER\.cache\kagglehub\datasets\thomaskonstantin\6000-children-and-teen-book-covers\versions\1\BookCovers\the-night-knights.jpg
the-night-spinner,C:\Users\HP USER\.cache\kagglehub\datasets\thomaskonstantin\6000-children-and-teen-book-covers\versions\1\BookCovers\the-night-spinner.jpg
the-night-the-reindeer-saved-christmas,C:\Users\HP USER\.cache\kagglehub\datasets\thomaskonstantin\6000-children-and-teen-book-covers\versions\1\BookCovers\the-night-the-reindeer-saved-christmas.jpg
the-nights-before-christmas,C:\Users\HP USER\.cache\kagglehub\datasets\thomaskonstantin\6000-children-and-teen-book-covers\versions\1\BookCovers\the-nights-before-christmas.jpg
the-noisy-book,C:\Users\HP USER\.cache\kagglehub\datasets\thomaskonstantin\6000-children-and-teen-book-covers\versions\1\BookCovers\the-noisy-book.jpg
the-not-bad-animals,C:\Users\HP USER\.cache\kagglehub\datasets\thomaskonstantin\6000-children-and-teen-book-covers\versions\1\BookCovers\the-not-bad-animals.jpg
the-not-so-little-princess-whats-my-name,C:\Users\HP USER\.cache\kagglehub\datasets\thomaskonstantin\6000-children-and-teen-book-covers\versions\1\BookCovers\the-not-so-little-princess-whats-my-name.jpg
the-nothing-to-see-here-hotel-seaing-is-believing,C:\Users\HP USER\.cache\kagglehub\datasets\thomaskonstantin\6000-children-and-teen-book-covers\versions\1\BookCovers\the-nothing-to-see-here-hotel-seaing-is-believing.jpg
the-nothing-to-see-here-hotel,C:\Users\HP USER\.cache\kagglehub\datasets\thomaskonstantin\6000-children-and-teen-book-covers\versions\1\BookCovers\the-nothing-to-see-here-hotel.jpg
the-oathbreakers-shadow,C:\Users\HP USER\.cache\kagglehub\datasets\thomaskonstantin\6000-children-and-teen-book-covers\versions\1\BookCovers\the-oathbreakers-shadow.jpg
the-odyssey,C:\Users\HP USER\.cache\kagglehub\datasets\thomaskonstantin\6000-children-and-teen-book-covers\versions\1\BookCovers\the-odyssey.jpg
the-ogre-of-oglefort,C:\Users\HP USER\.cache\kagglehub\datasets\thomaskonstantin\6000-children-and-teen-book-covers\versions\1\BookCovers\the-ogre-of-oglefort.jpg
the-orchard-book-of-love-and-friendship,C:\Users\HP USER\.cache\kagglehub\datasets\thomaskonstantin\6000-children-and-teen-book-covers\versions\1\BookCovers\the-orchard-book-of-love-and-friendship.jpg
the-ostrich-of-pudding-lane,C:\Users\HP USER\.cache\kagglehub\datasets\thomaskonstantin\6000-children-and-teen-book-covers\versions\1\BookCovers\the-ostrich-of-pudding-lane.jpg
the-other-alice,C:\Users\HP USER\.cache\kagglehub\datasets\thomaskonstantin\6000-children-and-teen-book-covers\versions\1\BookCovers\the-other-alice.jpg
the-other-side-of-truth,C:\Users\HP USER\.cache\kagglehub\datasets\thomaskonstantin\6000-children-and-teen-book-covers\versions\1\BookCovers\the-other-side-of-truth.jpg
the-otherlife,C:\Users\HP USER\.cache\kagglehub\datasets\thomaskonstantin\6000-children-and-teen-book-covers\versions\1\BookCovers\the-otherlife.jpg
the-otherwhere-emporium,C:\Users\HP USER\.cache\kagglehub\datasets\thomaskonstantin\6000-children-and-teen-book-covers\versions\1\BookCovers\the-otherwhere-emporium.jpg
the-paper-and-hearts-society,C:\Users\HP USER\.cache\kagglehub\datasets\thomaskonstantin\6000-children-and-teen-book-covers\versions\1\BookCovers\the-paper-and-hearts-society.jpg
the-parent-problem,C:\Users\HP USER\.cache\kagglehub\datasets\thomaskonstantin\6000-children-and-teen-book-covers\versions\1\BookCovers\the-parent-problem.jpg
the-parrot-song,C:\Users\HP USER\.cache\kagglehub\datasets\thomaskonstantin\6000-children-and-teen-book-covers\versions\1\BookCovers\the-parrot-song.jpg
the-patch,C:\Users\HP USER\.cache\kagglehub\datasets\thomaskonstantin\6000-children-and-teen-book-covers\versions\1\BookCovers\the-patch.jpg
the-pavee-and-the-buffer-girl,C:\Users\HP USER\.cache\kagglehub\datasets\thomaskonstantin\6000-children-and-teen-book-covers\versions\1\BookCovers\the-pavee-and-the-buffer-girl.jpg
the-pawed-piper,C:\Users\HP USER\.cache\kagglehub\datasets\thomaskonstantin\6000-children-and-teen-book-covers\versions\1\BookCovers\the-pawed-piper.jpg
the-pea-and-the-princess,C:\Users\HP USER\.cache\kagglehub\datasets\thomaskonstantin\6000-children-and-teen-book-covers\versions\1\BookCovers\the-pea-and-the-princess.jpg
the-pearl-in-the-ice,C:\Users\HP USER\.cache\kagglehub\datasets\thomaskonstantin\6000-children-and-teen-book-covers\versions\1\BookCovers\the-pearl-in-the-ice.jpg
the-peculiar-peggs-of-riddling-woods,C:\Users\HP USER\.cache\kagglehub\datasets\thomaskonstantin\6000-children-and-teen-book-covers\versions\1\BookCovers\the-peculiar-peggs-of-riddling-woods.jpg
the-pencil,C:\Users\HP USER\.cache\kagglehub\datasets\thomaskonstantin\6000-children-and-teen-book-covers\versions\1\BookCovers\the-pencil.jpg
the-people-awards,C:\Users\HP USER\.cache\kagglehub\datasets\thomaskonstantin\6000-children-and-teen-book-covers\versions\1\BookCovers\the-people-awards.jpg
the-perfect-picnic,C:\Users\HP USER\.cache\kagglehub\datasets\thomaskonstantin\6000-children-and-teen-book-covers\versions\1\BookCovers\the-perfect-picnic.jpg
the-perfect-shelter,C:\Users\HP USER\.cache\kagglehub\datasets\thomaskonstantin\6000-children-and-teen-book-covers\versions\1\BookCovers\the-perfect-shelter.jpg
the-perfect-sofa,C:\Users\HP USER\.cache\kagglehub\datasets\thomaskonstantin\6000-children-and-teen-book-covers\versions\1\BookCovers\the-perfect-sofa.jpg
the-phantom-tollbooth,C:\Users\HP USER\.cache\kagglehub\datasets\thomaskonstantin\6000-children-and-teen-book-covers\versions\1\BookCovers\the-phantom-tollbooth.jpg
the-pied-piper-of-hamelin,C:\Users\HP USER\.cache\kagglehub\datasets\thomaskonstantin\6000-children-and-teen-book-covers\versions\1\BookCovers\the-pied-piper-of-hamelin.jpg
the-pirate-tree,C:\Users\HP USER\.cache\kagglehub\datasets\thomaskonstantin\6000-children-and-teen-book-covers\versions\1\BookCovers\the-pirate-tree.jpg
the-pocket-chaotic,C:\Users\HP USER\.cache\kagglehub\datasets\thomaskonstantin\6000-children-and-teen-book-covers\versions\1\BookCovers\the-pocket-chaotic.jpg
the-poet-x,C:\Users\HP USER\.cache\kagglehub\datasets\thomaskonstantin\6000-children-and-teen-book-covers\versions\1\BookCovers\the-poet-x.jpg
the-poetical-institutes-peculiar-powers-of-vegetables--fruits,C:\Users\HP USER\.cache\kagglehub\datasets\thomaskonstantin\6000-children-and-teen-book-covers\versions\1\BookCovers\the-poetical-institutes-peculiar-powers-of-vegetables--fruits.jpg
the-polar-bear-explorers-club,C:\Users\HP USER\.cache\kagglehub\datasets\thomaskonstantin\6000-children-and-teen-book-covers\versions\1\BookCovers\the-polar-bear-explorers-club.jpg
the-pond,C:\Users\HP USER\.cache\kagglehub\datasets\thomaskonstantin\6000-children-and-teen-book-covers\versions\1\BookCovers\the-pond.jpg
the-power-of-dark,C:\Users\HP USER\.cache\kagglehub\datasets\thomaskonstantin\6000-children-and-teen-book-covers\versions\1\BookCovers\the-power-of-dark.jpg
the-prehistoric-times,C:\Users\HP USER\.cache\kagglehub\datasets\thomaskonstantin\6000-children-and-teen-book-covers\versions\1\BookCovers\the-prehistoric-times.jpg
the-prey,C:\Users\HP USER\.cache\kagglehub\datasets\thomaskonstantin\6000-children-and-teen-book-covers\versions\1\BookCovers\the-prey.jpg
the-princess-and-the-pea,C:\Users\HP USER\.cache\kagglehub\datasets\thomaskonstantin\6000-children-and-teen-book-covers\versions\1\BookCovers\the-princess-and-the-pea.jpg
the-princess-and-the-pit-stop,C:\Users\HP USER\.cache\kagglehub\datasets\thomaskonstantin\6000-children-and-teen-book-covers\versions\1\BookCovers\the-princess-and-the-pit-stop.jpg
the-princess-and-the-wizard,C:\Users\HP USER\.cache\kagglehub\datasets\thomaskonstantin\6000-children-and-teen-book-covers\versions\1\BookCovers\the-princess-and-the-wizard.jpg
the-princess-in-black,C:\Users\HP USER\.cache\kagglehub\datasets\thomaskonstantin\6000-children-and-teen-book-covers\versions\1\BookCovers\the-princess-in-black.jpg
the-proudest-blue,C:\Users\HP USER\.cache\kagglehub\datasets\thomaskonstantin\6000-children-and-teen-book-covers\versions\1\BookCovers\the-proudest-blue.jpg
the-puffin-keeper,C:\Users\HP USER\.cache\kagglehub\datasets\thomaskonstantin\6000-children-and-teen-book-covers\versions\1\BookCovers\the-puffin-keeper.jpg
the-questioneers---sofia-valdez-and-the-vanishing-vote,C:\Users\HP USER\.cache\kagglehub\datasets\thomaskonstantin\6000-children-and-teen-book-covers\versions\1\BookCovers\the-questioneers---sofia-valdez-and-the-vanishing-vote.jpg
the-quiet-crocodile-goes-to-the-beach,C:\Users\HP USER\.cache\kagglehub\datasets\thomaskonstantin\6000-children-and-teen-book-covers\versions\1\BookCovers\the-quiet-crocodile-goes-to-the-beach.jpg
the-rabbit-dark-biscuit-tin-web,C:\Users\HP USER\.cache\kagglehub\datasets\thomaskonstantin\6000-children-and-teen-book-covers\versions\1\BookCovers\the-rabbit-dark-biscuit-tin-web.jpg
the-rabbit-listened,C:\Users\HP USER\.cache\kagglehub\datasets\thomaskonstantin\6000-children-and-teen-book-covers\versions\1\BookCovers\the-rabbit-listened.jpg
the-rabbits,C:\Users\HP USER\.cache\kagglehub\datasets\thomaskonstantin\6000-children-and-teen-book-covers\versions\1\BookCovers\the-rabbits.jpg
the-racehorse-who-wouldn-t-gallop,C:\Users\HP USER\.cache\kagglehub\datasets\thomaskonstantin\6000-children-and-teen-book-covers\versions\1\BookCovers\the-racehorse-who-wouldn-t-gallop.jpg
the-rain,C:\Users\HP USER\.cache\kagglehub\datasets\thomaskonstantin\6000-children-and-teen-book-covers\versions\1\BookCovers\the-rain.jpg
the-rainmaker-danced,C:\Users\HP USER\.cache\kagglehub\datasets\thomaskonstantin\6000-children-and-teen-book-covers\versions\1\BookCovers\the-rainmaker-danced.jpg
the-ravens-children,C:\Users\HP USER\.cache\kagglehub\datasets\thomaskonstantin\6000-children-and-teen-book-covers\versions\1\BookCovers\the-ravens-children.jpg
the-red-necklace,C:\Users\HP USER\.cache\kagglehub\datasets\thomaskonstantin\6000-children-and-teen-book-covers\versions\1\BookCovers\the-red-necklace.jpg
the-red-ribbon,C:\Users\HP USER\.cache\kagglehub\datasets\thomaskonstantin\6000-children-and-teen-book-covers\versions\1\BookCovers\the-red-ribbon.jpg
the-red-shadow,C:\Users\HP USER\.cache\kagglehub\datasets\thomaskonstantin\6000-children-and-teen-book-covers\versions\1\BookCovers\the-red-shadow.jpg
the-red-shoes,C:\Users\HP USER\.cache\kagglehub\datasets\thomaskonstantin\6000-children-and-teen-book-covers\versions\1\BookCovers\the-red-shoes.jpg
the-rescue-of-bunny-wunny,C:\Users\HP USER\.cache\kagglehub\datasets\thomaskonstantin\6000-children-and-teen-book-covers\versions\1\BookCovers\the-rescue-of-bunny-wunny.jpg
the-rescue-princesses-the-stolen-crystals,C:\Users\HP USER\.cache\kagglehub\datasets\thomaskonstantin\6000-children-and-teen-book-covers\versions\1\BookCovers\the-rescue-princesses-the-stolen-crystals.jpg
the-rhythm-of-the-rain,C:\Users\HP USER\.cache\kagglehub\datasets\thomaskonstantin\6000-children-and-teen-book-covers\versions\1\BookCovers\the-rhythm-of-the-rain.jpg
the-rise-of-wolves,C:\Users\HP USER\.cache\kagglehub\datasets\thomaskonstantin\6000-children-and-teen-book-covers\versions\1\BookCovers\the-rise-of-wolves.jpg
the-rising2,C:\Users\HP USER\.cache\kagglehub\datasets\thomaskonstantin\6000-children-and-teen-book-covers\versions\1\BookCovers\the-rising2.jpg
the-rithmatistd,C:\Users\HP USER\.cache\kagglehub\datasets\thomaskonstantin\6000-children-and-teen-book-covers\versions\1\BookCovers\the-rithmatistd.jpg
the-river-singers,C:\Users\HP USER\.cache\kagglehub\datasets\thomaskonstantin\6000-children-and-teen-book-covers\versions\1\BookCovers\the-river-singers.jpg
the-river,C:\Users\HP USER\.cache\kagglehub\datasets\thomaskonstantin\6000-children-and-teen-book-covers\versions\1\BookCovers\the-river.jpg
the-road-to-ever-after2,C:\Users\HP USER\.cache\kagglehub\datasets\thomaskonstantin\6000-children-and-teen-book-covers\versions\1\BookCovers\the-road-to-ever-after2.jpg
the-rock-from-the-sky,C:\Users\HP USER\.cache\kagglehub\datasets\thomaskonstantin\6000-children-and-teen-book-covers\versions\1\BookCovers\the-rock-from-the-sky.jpg
the-rose-muddle-mysteries,C:\Users\HP USER\.cache\kagglehub\datasets\thomaskonstantin\6000-children-and-teen-book-covers\versions\1\BookCovers\the-rose-muddle-mysteries.jpg
the-rotters-club,C:\Users\HP USER\.cache\kagglehub\datasets\thomaskonstantin\6000-children-and-teen-book-covers\versions\1\BookCovers\the-rotters-club.jpg
the-ruby-in-the-smoked,C:\Users\HP USER\.cache\kagglehub\datasets\thomaskonstantin\6000-children-and-teen-book-covers\versions\1\BookCovers\the-ruby-in-the-smoked.jpg
the-runaway-pea-washed-away,C:\Users\HP USER\.cache\kagglehub\datasets\thomaskonstantin\6000-children-and-teen-book-covers\versions\1\BookCovers\the-runaway-pea-washed-away.jpg
the-runaway-troll2,C:\Users\HP USER\.cache\kagglehub\datasets\thomaskonstantin\6000-children-and-teen-book-covers\versions\1\BookCovers\the-runaway-troll2.jpg
the-sad-ghost-club,C:\Users\HP USER\.cache\kagglehub\datasets\thomaskonstantin\6000-children-and-teen-book-covers\versions\1\BookCovers\the-sad-ghost-club.jpg
the-same-inside,C:\Users\HP USER\.cache\kagglehub\datasets\thomaskonstantin\6000-children-and-teen-book-covers\versions\1\BookCovers\the-same-inside.jpg
the-savage,C:\Users\HP USER\.cache\kagglehub\datasets\thomaskonstantin\6000-children-and-teen-book-covers\versions\1\BookCovers\the-savage.jpg
the-scarecrow-and-his-servant,C:\Users\HP USER\.cache\kagglehub\datasets\thomaskonstantin\6000-children-and-teen-book-covers\versions\1\BookCovers\the-scarecrow-and-his-servant.jpg
the-scarecrow-queen,C:\Users\HP USER\.cache\kagglehub\datasets\thomaskonstantin\6000-children-and-teen-book-covers\versions\1\BookCovers\the-scarecrow-queen.jpg
the-school-of-music,C:\Users\HP USER\.cache\kagglehub\datasets\thomaskonstantin\6000-children-and-teen-book-covers\versions\1\BookCovers\the-school-of-music.jpg
the-scruffs,C:\Users\HP USER\.cache\kagglehub\datasets\thomaskonstantin\6000-children-and-teen-book-covers\versions\1\BookCovers\the-scruffs.jpg
the-scruffs2,C:\Users\HP USER\.cache\kagglehub\datasets\thomaskonstantin\6000-children-and-teen-book-covers\versions\1\BookCovers\the-scruffs2.jpg
the-sea-house,C:\Users\HP USER\.cache\kagglehub\datasets\thomaskonstantin\6000-children-and-teen-book-covers\versions\1\BookCovers\the-sea-house.jpg
the-seal-children,C:\Users\HP USER\.cache\kagglehub\datasets\thomaskonstantin\6000-children-and-teen-book-covers\versions\1\BookCovers\the-seal-children.jpg
the-secret-cooking-club,C:\Users\HP USER\.cache\kagglehub\datasets\thomaskonstantin\6000-children-and-teen-book-covers\versions\1\BookCovers\the-secret-cooking-club.jpg
the-secret-deep,C:\Users\HP USER\.cache\kagglehub\datasets\thomaskonstantin\6000-children-and-teen-book-covers\versions\1\BookCovers\the-secret-deep.jpg
the-secret-fire-final,C:\Users\HP USER\.cache\kagglehub\datasets\thomaskonstantin\6000-children-and-teen-book-covers\versions\1\BookCovers\the-secret-fire-final.jpg
the-secret-horses-of-briar-hill,C:\Users\HP USER\.cache\kagglehub\datasets\thomaskonstantin\6000-children-and-teen-book-covers\versions\1\BookCovers\the-secret-horses-of-briar-hill.jpg
the-secret-keepers,C:\Users\HP USER\.cache\kagglehub\datasets\thomaskonstantin\6000-children-and-teen-book-covers\versions\1\BookCovers\the-secret-keepers.jpg
the-secret-of-nightingale-wood,C:\Users\HP USER\.cache\kagglehub\datasets\thomaskonstantin\6000-children-and-teen-book-covers\versions\1\BookCovers\the-secret-of-nightingale-wood.jpg
the-secret-of-platform-13,C:\Users\HP USER\.cache\kagglehub\datasets\thomaskonstantin\6000-children-and-teen-book-covers\versions\1\BookCovers\the-secret-of-platform-13.jpg
the-secret-of-the-blue-glass,C:\Users\HP USER\.cache\kagglehub\datasets\thomaskonstantin\6000-children-and-teen-book-covers\versions\1\BookCovers\the-secret-of-the-blue-glass.jpg
the-secret-of-the-egg,C:\Users\HP USER\.cache\kagglehub\datasets\thomaskonstantin\6000-children-and-teen-book-covers\versions\1\BookCovers\the-secret-of-the-egg.jpg
the-secret-of-the-purple-lake,C:\Users\HP USER\.cache\kagglehub\datasets\thomaskonstantin\6000-children-and-teen-book-covers\versions\1\BookCovers\the-secret-of-the-purple-lake.jpg
the-secret-of-the-tattered-shoes,C:\Users\HP USER\.cache\kagglehub\datasets\thomaskonstantin\6000-children-and-teen-book-covers\versions\1\BookCovers\the-secret-of-the-tattered-shoes.jpg
the-secret-starling,C:\Users\HP USER\.cache\kagglehub\datasets\thomaskonstantin\6000-children-and-teen-book-covers\versions\1\BookCovers\the-secret-starling.jpg
the-secret-time-machine-and-the-gherkin-switcheroo,C:\Users\HP USER\.cache\kagglehub\datasets\thomaskonstantin\6000-children-and-teen-book-covers\versions\1\BookCovers\the-secret-time-machine-and-the-gherkin-switcheroo.jpg
the-seed-of-compassion,C:\Users\HP USER\.cache\kagglehub\datasets\thomaskonstantin\6000-children-and-teen-book-covers\versions\1\BookCovers\the-seed-of-compassion.jpg
the-selkies-mate,C:\Users\HP USER\.cache\kagglehub\datasets\thomaskonstantin\6000-children-and-teen-book-covers\versions\1\BookCovers\the-selkies-mate.jpg
the-senses,C:\Users\HP USER\.cache\kagglehub\datasets\thomaskonstantin\6000-children-and-teen-book-covers\versions\1\BookCovers\the-senses.jpg
the-series-of-unfortunate-events---austere-academy,C:\Users\HP USER\.cache\kagglehub\datasets\thomaskonstantin\6000-children-and-teen-book-covers\versions\1\BookCovers\the-series-of-unfortunate-events---austere-academy.jpg
the-shape-game,C:\Users\HP USER\.cache\kagglehub\datasets\thomaskonstantin\6000-children-and-teen-book-covers\versions\1\BookCovers\the-shape-game.jpg
the-shark-caller,C:\Users\HP USER\.cache\kagglehub\datasets\thomaskonstantin\6000-children-and-teen-book-covers\versions\1\BookCovers\the-shark-caller.jpg
the-shyest-fish-in-the-sea,C:\Users\HP USER\.cache\kagglehub\datasets\thomaskonstantin\6000-children-and-teen-book-covers\versions\1\BookCovers\the-shyest-fish-in-the-sea.jpg
the-sign-of-one,C:\Users\HP USER\.cache\kagglehub\datasets\thomaskonstantin\6000-children-and-teen-book-covers\versions\1\BookCovers\the-sign-of-one.jpg
the-silence-seeker,C:\Users\HP USER\.cache\kagglehub\datasets\thomaskonstantin\6000-children-and-teen-book-covers\versions\1\BookCovers\the-silence-seeker.jpg
the-silly-book-of-side-splitting-stuff,C:\Users\HP USER\.cache\kagglehub\datasets\thomaskonstantin\6000-children-and-teen-book-covers\versions\1\BookCovers\the-silly-book-of-side-splitting-stuff.jpg
the-silly-book-of-weird-and-wacky-words,C:\Users\HP USER\.cache\kagglehub\datasets\thomaskonstantin\6000-children-and-teen-book-covers\versions\1\BookCovers\the-silly-book-of-weird-and-wacky-words.jpg
the-singing-mermaid,C:\Users\HP USER\.cache\kagglehub\datasets\thomaskonstantin\6000-children-and-teen-book-covers\versions\1\BookCovers\the-singing-mermaid.jpg
the-sky-is-everywhere2,C:\Users\HP USER\.cache\kagglehub\datasets\thomaskonstantin\6000-children-and-teen-book-covers\versions\1\BookCovers\the-sky-is-everywhere2.jpg
the-skylarks-war,C:\Users\HP USER\.cache\kagglehub\datasets\thomaskonstantin\6000-children-and-teen-book-covers\versions\1\BookCovers\the-skylarks-war.jpg
the-sleeping-army,C:\Users\HP USER\.cache\kagglehub\datasets\thomaskonstantin\6000-children-and-teen-book-covers\versions\1\BookCovers\the-sleeping-army.jpg
the-sleeping-sword2,C:\Users\HP USER\.cache\kagglehub\datasets\thomaskonstantin\6000-children-and-teen-book-covers\versions\1\BookCovers\the-sleeping-sword2.jpg
the-smeds-and-the-smoos,C:\Users\HP USER\.cache\kagglehub\datasets\thomaskonstantin\6000-children-and-teen-book-covers\versions\1\BookCovers\the-smeds-and-the-smoos.jpg
the-smile-shop,C:\Users\HP USER\.cache\kagglehub\datasets\thomaskonstantin\6000-children-and-teen-book-covers\versions\1\BookCovers\the-smile-shop.jpg
the-snow-angel,C:\Users\HP USER\.cache\kagglehub\datasets\thomaskonstantin\6000-children-and-teen-book-covers\versions\1\BookCovers\the-snow-angel.jpg
the-snow-goose,C:\Users\HP USER\.cache\kagglehub\datasets\thomaskonstantin\6000-children-and-teen-book-covers\versions\1\BookCovers\the-snow-goose.jpg
the-snow-leopard,C:\Users\HP USER\.cache\kagglehub\datasets\thomaskonstantin\6000-children-and-teen-book-covers\versions\1\BookCovers\the-snow-leopard.jpg
the-snow-queen,C:\Users\HP USER\.cache\kagglehub\datasets\thomaskonstantin\6000-children-and-teen-book-covers\versions\1\BookCovers\the-snow-queen.jpg
the-snowiest-christmas-ever,C:\Users\HP USER\.cache\kagglehub\datasets\thomaskonstantin\6000-children-and-teen-book-covers\versions\1\BookCovers\the-snowiest-christmas-ever.jpg
the-snowman-and-the-sun,C:\Users\HP USER\.cache\kagglehub\datasets\thomaskonstantin\6000-children-and-teen-book-covers\versions\1\BookCovers\the-snowman-and-the-sun.jpg
the-snowman,C:\Users\HP USER\.cache\kagglehub\datasets\thomaskonstantin\6000-children-and-teen-book-covers\versions\1\BookCovers\the-snowman.jpg
the-snowman2,C:\Users\HP USER\.cache\kagglehub\datasets\thomaskonstantin\6000-children-and-teen-book-covers\versions\1\BookCovers\the-snowman2.jpg
the-snowy-day,C:\Users\HP USER\.cache\kagglehub\datasets\thomaskonstantin\6000-children-and-teen-book-covers\versions\1\BookCovers\the-snowy-day.jpg
the-somerset-tsunami,C:\Users\HP USER\.cache\kagglehub\datasets\thomaskonstantin\6000-children-and-teen-book-covers\versions\1\BookCovers\the-somerset-tsunami.jpg
the-song-of-seven,C:\Users\HP USER\.cache\kagglehub\datasets\thomaskonstantin\6000-children-and-teen-book-covers\versions\1\BookCovers\the-song-of-seven.jpg
the-soul-hunters,C:\Users\HP USER\.cache\kagglehub\datasets\thomaskonstantin\6000-children-and-teen-book-covers\versions\1\BookCovers\the-soul-hunters.jpg
the-space-race-the-journey-to-the-moon-and-beyond,C:\Users\HP USER\.cache\kagglehub\datasets\thomaskonstantin\6000-children-and-teen-book-covers\versions\1\BookCovers\the-space-race-the-journey-to-the-moon-and-beyond.jpg
the-space-were-in,C:\Users\HP USER\.cache\kagglehub\datasets\thomaskonstantin\6000-children-and-teen-book-covers\versions\1\BookCovers\the-space-were-in.jpg
the-spectacular-revenge-of-suzi-sims,C:\Users\HP USER\.cache\kagglehub\datasets\thomaskonstantin\6000-children-and-teen-book-covers\versions\1\BookCovers\the-spectacular-revenge-of-suzi-sims.jpg
the-star-outside-my-window,C:\Users\HP USER\.cache\kagglehub\datasets\thomaskonstantin\6000-children-and-teen-book-covers\versions\1\BookCovers\the-star-outside-my-window.jpg
the-star-spun-web,C:\Users\HP USER\.cache\kagglehub\datasets\thomaskonstantin\6000-children-and-teen-book-covers\versions\1\BookCovers\the-star-spun-web.jpg
the-star-tree,C:\Users\HP USER\.cache\kagglehub\datasets\thomaskonstantin\6000-children-and-teen-book-covers\versions\1\BookCovers\the-star-tree.jpg
the-starlight-watchmaker,C:\Users\HP USER\.cache\kagglehub\datasets\thomaskonstantin\6000-children-and-teen-book-covers\versions\1\BookCovers\the-starlight-watchmaker.jpg
the-starman-and-me,C:\Users\HP USER\.cache\kagglehub\datasets\thomaskonstantin\6000-children-and-teen-book-covers\versions\1\BookCovers\the-starman-and-me.jpg
the-stars-just-up-the-street,C:\Users\HP USER\.cache\kagglehub\datasets\thomaskonstantin\6000-children-and-teen-book-covers\versions\1\BookCovers\the-stars-just-up-the-street.jpg
the-steves,C:\Users\HP USER\.cache\kagglehub\datasets\thomaskonstantin\6000-children-and-teen-book-covers\versions\1\BookCovers\the-steves.jpg
the-stink-before-christmas,C:\Users\HP USER\.cache\kagglehub\datasets\thomaskonstantin\6000-children-and-teen-book-covers\versions\1\BookCovers\the-stink-before-christmas.jpg
the-storm-keepers-island,C:\Users\HP USER\.cache\kagglehub\datasets\thomaskonstantin\6000-children-and-teen-book-covers\versions\1\BookCovers\the-storm-keepers-island.jpg
the-storm-runner,C:\Users\HP USER\.cache\kagglehub\datasets\thomaskonstantin\6000-children-and-teen-book-covers\versions\1\BookCovers\the-storm-runner.jpg
the-story-of-antigone,C:\Users\HP USER\.cache\kagglehub\datasets\thomaskonstantin\6000-children-and-teen-book-covers\versions\1\BookCovers\the-story-of-antigone.jpg
the-story-of-doctor-dolittle,C:\Users\HP USER\.cache\kagglehub\datasets\thomaskonstantin\6000-children-and-teen-book-covers\versions\1\BookCovers\the-story-of-doctor-dolittle.jpg
the-story-of-ferdinand,C:\Users\HP USER\.cache\kagglehub\datasets\thomaskonstantin\6000-children-and-teen-book-covers\versions\1\BookCovers\the-story-of-ferdinand.jpg
the-story-of-king-arthur,C:\Users\HP USER\.cache\kagglehub\datasets\thomaskonstantin\6000-children-and-teen-book-covers\versions\1\BookCovers\the-story-of-king-arthur.jpg
the-story-of-life,C:\Users\HP USER\.cache\kagglehub\datasets\thomaskonstantin\6000-children-and-teen-book-covers\versions\1\BookCovers\the-story-of-life.jpg
the-story-of-space-a-first-book-about-our-universe,C:\Users\HP USER\.cache\kagglehub\datasets\thomaskonstantin\6000-children-and-teen-book-covers\versions\1\BookCovers\the-story-of-space-a-first-book-about-our-universe.jpg
the-story-of-tantrum-ofurrily,C:\Users\HP USER\.cache\kagglehub\datasets\thomaskonstantin\6000-children-and-teen-book-covers\versions\1\BookCovers\the-story-of-tantrum-ofurrily.jpg
the-story-of-the-car,C:\Users\HP USER\.cache\kagglehub\datasets\thomaskonstantin\6000-children-and-teen-book-covers\versions\1\BookCovers\the-story-of-the-car.jpg
the-story-of-tutankhamun,C:\Users\HP USER\.cache\kagglehub\datasets\thomaskonstantin\6000-children-and-teen-book-covers\versions\1\BookCovers\the-story-of-tutankhamun.jpg
the-storytellers-secrets,C:\Users\HP USER\.cache\kagglehub\datasets\thomaskonstantin\6000-children-and-teen-book-covers\versions\1\BookCovers\the-storytellers-secrets.jpg
the-stranger,C:\Users\HP USER\.cache\kagglehub\datasets\thomaskonstantin\6000-children-and-teen-book-covers\versions\1\BookCovers\the-stranger.jpg
the-strangeworlds-travel-agency-the-edge-of-the-ocean,C:\Users\HP USER\.cache\kagglehub\datasets\thomaskonstantin\6000-children-and-teen-book-covers\versions\1\BookCovers\the-strangeworlds-travel-agency-the-edge-of-the-ocean.jpg
the-strangeworlds-travel-agency,C:\Users\HP USER\.cache\kagglehub\datasets\thomaskonstantin\6000-children-and-teen-book-covers\versions\1\BookCovers\the-strangeworlds-travel-agency.jpg
the-street-beneath-my-feet,C:\Users\HP USER\.cache\kagglehub\datasets\thomaskonstantin\6000-children-and-teen-book-covers\versions\1\BookCovers\the-street-beneath-my-feet.jpg
the-strongest-boy-in-the-world,C:\Users\HP USER\.cache\kagglehub\datasets\thomaskonstantin\6000-children-and-teen-book-covers\versions\1\BookCovers\the-strongest-boy-in-the-world.jpg
the-strongest-mum,C:\Users\HP USER\.cache\kagglehub\datasets\thomaskonstantin\6000-children-and-teen-book-covers\versions\1\BookCovers\the-strongest-mum.jpg
the-stuff-of-nightmares,C:\Users\HP USER\.cache\kagglehub\datasets\thomaskonstantin\6000-children-and-teen-book-covers\versions\1\BookCovers\the-stuff-of-nightmares.jpg
the-summer-gang,C:\Users\HP USER\.cache\kagglehub\datasets\thomaskonstantin\6000-children-and-teen-book-covers\versions\1\BookCovers\the-summer-gang.jpg
the-super-miraculous-journey-of-freddie-yates,C:\Users\HP USER\.cache\kagglehub\datasets\thomaskonstantin\6000-children-and-teen-book-covers\versions\1\BookCovers\the-super-miraculous-journey-of-freddie-yates.jpg
the-surprising-power-of-a-good-dumpling,C:\Users\HP USER\.cache\kagglehub\datasets\thomaskonstantin\6000-children-and-teen-book-covers\versions\1\BookCovers\the-surprising-power-of-a-good-dumpling.jpg
the-switching-hour,C:\Users\HP USER\.cache\kagglehub\datasets\thomaskonstantin\6000-children-and-teen-book-covers\versions\1\BookCovers\the-switching-hour.jpg
the-sword-of-herobrine,C:\Users\HP USER\.cache\kagglehub\datasets\thomaskonstantin\6000-children-and-teen-book-covers\versions\1\BookCovers\the-sword-of-herobrine.jpg
the-tail-of-emily-windsnap,C:\Users\HP USER\.cache\kagglehub\datasets\thomaskonstantin\6000-children-and-teen-book-covers\versions\1\BookCovers\the-tail-of-emily-windsnap.jpg
the-tale-of-angelino-brown,C:\Users\HP USER\.cache\kagglehub\datasets\thomaskonstantin\6000-children-and-teen-book-covers\versions\1\BookCovers\the-tale-of-angelino-brown.jpg
the-tale-of-peter-rabbit,C:\Users\HP USER\.cache\kagglehub\datasets\thomaskonstantin\6000-children-and-teen-book-covers\versions\1\BookCovers\the-tale-of-peter-rabbit.jpg
the-tapper-twins-run-for-president2,C:\Users\HP USER\.cache\kagglehub\datasets\thomaskonstantin\6000-children-and-teen-book-covers\versions\1\BookCovers\the-tapper-twins-run-for-president2.jpg
the-terrible-thing-that-happened-to-barnaby-brocket,C:\Users\HP USER\.cache\kagglehub\datasets\thomaskonstantin\6000-children-and-teen-book-covers\versions\1\BookCovers\the-terrible-thing-that-happened-to-barnaby-brocket.jpg
the-territory-escape-cover-small,C:\Users\HP USER\.cache\kagglehub\datasets\thomaskonstantin\6000-children-and-teen-book-covers\versions\1\BookCovers\the-territory-escape-cover-small.jpg
the-territory-truth,C:\Users\HP USER\.cache\kagglehub\datasets\thomaskonstantin\6000-children-and-teen-book-covers\versions\1\BookCovers\the-territory-truth.jpg
the-territory,C:\Users\HP USER\.cache\kagglehub\datasets\thomaskonstantin\6000-children-and-teen-book-covers\versions\1\BookCovers\the-territory.jpg
the-thing-about-jellyfish,C:\Users\HP USER\.cache\kagglehub\datasets\thomaskonstantin\6000-children-and-teen-book-covers\versions\1\BookCovers\the-thing-about-jellyfish.jpg
the-thing-around-your-neck2,C:\Users\HP USER\.cache\kagglehub\datasets\thomaskonstantin\6000-children-and-teen-book-covers\versions\1\BookCovers\the-thing-around-your-neck2.jpg
the-thing-at-black-hole-lake,C:\Users\HP USER\.cache\kagglehub\datasets\thomaskonstantin\6000-children-and-teen-book-covers\versions\1\BookCovers\the-thing-at-black-hole-lake.jpg
the-thirteenth-home-of-noah-bradley,C:\Users\HP USER\.cache\kagglehub\datasets\thomaskonstantin\6000-children-and-teen-book-covers\versions\1\BookCovers\the-thirteenth-home-of-noah-bradley.jpg
the-thousand-nights-and-one-night,C:\Users\HP USER\.cache\kagglehub\datasets\thomaskonstantin\6000-children-and-teen-book-covers\versions\1\BookCovers\the-thousand-nights-and-one-night.jpg
the-threads-of-magic,C:\Users\HP USER\.cache\kagglehub\datasets\thomaskonstantin\6000-children-and-teen-book-covers\versions\1\BookCovers\the-threads-of-magic.jpg
the-three-little-pugs-and-the-big-bad-cat,C:\Users\HP USER\.cache\kagglehub\datasets\thomaskonstantin\6000-children-and-teen-book-covers\versions\1\BookCovers\the-three-little-pugs-and-the-big-bad-cat.jpg
the-tiger-who-came-to-tea2,C:\Users\HP USER\.cache\kagglehub\datasets\thomaskonstantin\6000-children-and-teen-book-covers\versions\1\BookCovers\the-tiger-who-came-to-tea2.jpg
the-time-of-green-magic,C:\Users\HP USER\.cache\kagglehub\datasets\thomaskonstantin\6000-children-and-teen-book-covers\versions\1\BookCovers\the-time-of-green-magic.jpg
the-time-traveller-and-the-tiger,C:\Users\HP USER\.cache\kagglehub\datasets\thomaskonstantin\6000-children-and-teen-book-covers\versions\1\BookCovers\the-time-traveller-and-the-tiger.jpg
the-tin-snaild,C:\Users\HP USER\.cache\kagglehub\datasets\thomaskonstantin\6000-children-and-teen-book-covers\versions\1\BookCovers\the-tin-snaild.jpg
the-tiny-seed,C:\Users\HP USER\.cache\kagglehub\datasets\thomaskonstantin\6000-children-and-teen-book-covers\versions\1\BookCovers\the-tiny-seed.jpg
the-touch-book-a-sensory-book-to-explore,C:\Users\HP USER\.cache\kagglehub\datasets\thomaskonstantin\6000-children-and-teen-book-covers\versions\1\BookCovers\the-touch-book-a-sensory-book-to-explore.jpg
the-toymaker,C:\Users\HP USER\.cache\kagglehub\datasets\thomaskonstantin\6000-children-and-teen-book-covers\versions\1\BookCovers\the-toymaker.jpg
the-train-to-impossible-places-great-brain-robbery,C:\Users\HP USER\.cache\kagglehub\datasets\thomaskonstantin\6000-children-and-teen-book-covers\versions\1\BookCovers\the-train-to-impossible-places-great-brain-robbery.jpg
the-train-to-impossible-places,C:\Users\HP USER\.cache\kagglehub\datasets\thomaskonstantin\6000-children-and-teen-book-covers\versions\1\BookCovers\the-train-to-impossible-places.jpg
the-travels-of-ermine-trouble-in-new-york,C:\Users\HP USER\.cache\kagglehub\datasets\thomaskonstantin\6000-children-and-teen-book-covers\versions\1\BookCovers\the-travels-of-ermine-trouble-in-new-york.jpg
the-trilogy-of-two,C:\Users\HP USER\.cache\kagglehub\datasets\thomaskonstantin\6000-children-and-teen-book-covers\versions\1\BookCovers\the-trilogy-of-two.jpg
the-true-colours-of-coral-glen,C:\Users\HP USER\.cache\kagglehub\datasets\thomaskonstantin\6000-children-and-teen-book-covers\versions\1\BookCovers\the-true-colours-of-coral-glen.jpg
the-true-story-of-the-three-little-pigs,C:\Users\HP USER\.cache\kagglehub\datasets\thomaskonstantin\6000-children-and-teen-book-covers\versions\1\BookCovers\the-true-story-of-the-three-little-pigs.jpg
the-truth-about-martians,C:\Users\HP USER\.cache\kagglehub\datasets\thomaskonstantin\6000-children-and-teen-book-covers\versions\1\BookCovers\the-truth-about-martians.jpg
the-truth-about-my-unbelievable-school,C:\Users\HP USER\.cache\kagglehub\datasets\thomaskonstantin\6000-children-and-teen-book-covers\versions\1\BookCovers\the-truth-about-my-unbelievable-school.jpg
the-truth-about-peacock-blue,C:\Users\HP USER\.cache\kagglehub\datasets\thomaskonstantin\6000-children-and-teen-book-covers\versions\1\BookCovers\the-truth-about-peacock-blue.jpg
the-truth-according-to-arthur,C:\Users\HP USER\.cache\kagglehub\datasets\thomaskonstantin\6000-children-and-teen-book-covers\versions\1\BookCovers\the-truth-according-to-arthur.jpg
the-tulip-touch,C:\Users\HP USER\.cache\kagglehub\datasets\thomaskonstantin\6000-children-and-teen-book-covers\versions\1\BookCovers\the-tulip-touch.jpg
the-tunnels-below,C:\Users\HP USER\.cache\kagglehub\datasets\thomaskonstantin\6000-children-and-teen-book-covers\versions\1\BookCovers\the-tunnels-below.jpg
the-turkey-that-voted-for-christmas,C:\Users\HP USER\.cache\kagglehub\datasets\thomaskonstantin\6000-children-and-teen-book-covers\versions\1\BookCovers\the-turkey-that-voted-for-christmas.jpg
the-twelve-cats-of-christmas,C:\Users\HP USER\.cache\kagglehub\datasets\thomaskonstantin\6000-children-and-teen-book-covers\versions\1\BookCovers\the-twelve-cats-of-christmas.jpg
the-twisted-tree,C:\Users\HP USER\.cache\kagglehub\datasets\thomaskonstantin\6000-children-and-teen-book-covers\versions\1\BookCovers\the-twisted-tree.jpg
the-twits,C:\Users\HP USER\.cache\kagglehub\datasets\thomaskonstantin\6000-children-and-teen-book-covers\versions\1\BookCovers\the-twits.jpg
the-tzars-curious-runaways,C:\Users\HP USER\.cache\kagglehub\datasets\thomaskonstantin\6000-children-and-teen-book-covers\versions\1\BookCovers\the-tzars-curious-runaways.jpg
the-ugly-duckling,C:\Users\HP USER\.cache\kagglehub\datasets\thomaskonstantin\6000-children-and-teen-book-covers\versions\1\BookCovers\the-ugly-duckling.jpg
the-unadoptables,C:\Users\HP USER\.cache\kagglehub\datasets\thomaskonstantin\6000-children-and-teen-book-covers\versions\1\BookCovers\the-unadoptables.jpg
the-unbelievable-top-secret-diary-of-pig,C:\Users\HP USER\.cache\kagglehub\datasets\thomaskonstantin\6000-children-and-teen-book-covers\versions\1\BookCovers\the-unbelievable-top-secret-diary-of-pig.jpg
the-uncracked-code,C:\Users\HP USER\.cache\kagglehub\datasets\thomaskonstantin\6000-children-and-teen-book-covers\versions\1\BookCovers\the-uncracked-code.jpg
the-undefeated,C:\Users\HP USER\.cache\kagglehub\datasets\thomaskonstantin\6000-children-and-teen-book-covers\versions\1\BookCovers\the-undefeated.jpg
the-undrowned-child,C:\Users\HP USER\.cache\kagglehub\datasets\thomaskonstantin\6000-children-and-teen-book-covers\versions\1\BookCovers\the-undrowned-child.jpg
the-unexpected-find,C:\Users\HP USER\.cache\kagglehub\datasets\thomaskonstantin\6000-children-and-teen-book-covers\versions\1\BookCovers\the-unexpected-find.jpg
the-universes-greatest-dinosaur-jokes-and-pre-hysteric-puns,C:\Users\HP USER\.cache\kagglehub\datasets\thomaskonstantin\6000-children-and-teen-book-covers\versions\1\BookCovers\the-universes-greatest-dinosaur-jokes-and-pre-hysteric-puns.jpg
the-usborne-book-of-nursery,C:\Users\HP USER\.cache\kagglehub\datasets\thomaskonstantin\6000-children-and-teen-book-covers\versions\1\BookCovers\the-usborne-book-of-nursery.jpg
the-usborne-book-of-the-moon,C:\Users\HP USER\.cache\kagglehub\datasets\thomaskonstantin\6000-children-and-teen-book-covers\versions\1\BookCovers\the-usborne-book-of-the-moon.jpg
the-valley-of-lost-secrets,C:\Users\HP USER\.cache\kagglehub\datasets\thomaskonstantin\6000-children-and-teen-book-covers\versions\1\BookCovers\the-valley-of-lost-secrets.jpg
the-vanishing-of-katharina-linden,C:\Users\HP USER\.cache\kagglehub\datasets\thomaskonstantin\6000-children-and-teen-book-covers\versions\1\BookCovers\the-vanishing-of-katharina-linden.jpg
the-variety-of-life,C:\Users\HP USER\.cache\kagglehub\datasets\thomaskonstantin\6000-children-and-teen-book-covers\versions\1\BookCovers\the-variety-of-life.jpg
the-velvet-fox,C:\Users\HP USER\.cache\kagglehub\datasets\thomaskonstantin\6000-children-and-teen-book-covers\versions\1\BookCovers\the-velvet-fox.jpg
the-velveteen-rabbit,C:\Users\HP USER\.cache\kagglehub\datasets\thomaskonstantin\6000-children-and-teen-book-covers\versions\1\BookCovers\the-velveteen-rabbit.jpg
the-very-busy-spider,C:\Users\HP USER\.cache\kagglehub\datasets\thomaskonstantin\6000-children-and-teen-book-covers\versions\1\BookCovers\the-very-busy-spider.jpg
the-very-dizzy-dinosaur,C:\Users\HP USER\.cache\kagglehub\datasets\thomaskonstantin\6000-children-and-teen-book-covers\versions\1\BookCovers\the-very-dizzy-dinosaur.jpg
the-vicar-of-nibbleswicke,C:\Users\HP USER\.cache\kagglehub\datasets\thomaskonstantin\6000-children-and-teen-book-covers\versions\1\BookCovers\the-vicar-of-nibbleswicke.jpg
the-violet-veil-mysteries-a-case-of-grave-danger,C:\Users\HP USER\.cache\kagglehub\datasets\thomaskonstantin\6000-children-and-teen-book-covers\versions\1\BookCovers\the-violet-veil-mysteries-a-case-of-grave-danger.jpg
the-waggiest-tails,C:\Users\HP USER\.cache\kagglehub\datasets\thomaskonstantin\6000-children-and-teen-book-covers\versions\1\BookCovers\the-waggiest-tails.jpg
the-wall-in-the-middle-of-the-book,C:\Users\HP USER\.cache\kagglehub\datasets\thomaskonstantin\6000-children-and-teen-book-covers\versions\1\BookCovers\the-wall-in-the-middle-of-the-book.jpg
the-wall,C:\Users\HP USER\.cache\kagglehub\datasets\thomaskonstantin\6000-children-and-teen-book-covers\versions\1\BookCovers\the-wall.jpg
the-war-next-door,C:\Users\HP USER\.cache\kagglehub\datasets\thomaskonstantin\6000-children-and-teen-book-covers\versions\1\BookCovers\the-war-next-door.jpg
the-way-back-home,C:\Users\HP USER\.cache\kagglehub\datasets\thomaskonstantin\6000-children-and-teen-book-covers\versions\1\BookCovers\the-way-back-home.jpg
the-way-past-winter,C:\Users\HP USER\.cache\kagglehub\datasets\thomaskonstantin\6000-children-and-teen-book-covers\versions\1\BookCovers\the-way-past-winter.jpg
the-way-to-the-zoo,C:\Users\HP USER\.cache\kagglehub\datasets\thomaskonstantin\6000-children-and-teen-book-covers\versions\1\BookCovers\the-way-to-the-zoo.jpg
the-way-to-treasure-island,C:\Users\HP USER\.cache\kagglehub\datasets\thomaskonstantin\6000-children-and-teen-book-covers\versions\1\BookCovers\the-way-to-treasure-island.jpg
the-ways-of-the-wolf,C:\Users\HP USER\.cache\kagglehub\datasets\thomaskonstantin\6000-children-and-teen-book-covers\versions\1\BookCovers\the-ways-of-the-wolf.jpg
the-weaver,C:\Users\HP USER\.cache\kagglehub\datasets\thomaskonstantin\6000-children-and-teen-book-covers\versions\1\BookCovers\the-weaver.jpg
the-weed-that-strings-the-hangman-s-bags,C:\Users\HP USER\.cache\kagglehub\datasets\thomaskonstantin\6000-children-and-teen-book-covers\versions\1\BookCovers\the-weed-that-strings-the-hangman-s-bags.jpg
the-weirdstone-of-brisingamen,C:\Users\HP USER\.cache\kagglehub\datasets\thomaskonstantin\6000-children-and-teen-book-covers\versions\1\BookCovers\the-weirdstone-of-brisingamen.jpg
the-wheel-of-surya,C:\Users\HP USER\.cache\kagglehub\datasets\thomaskonstantin\6000-children-and-teen-book-covers\versions\1\BookCovers\the-wheel-of-surya.jpg
the-whisper,C:\Users\HP USER\.cache\kagglehub\datasets\thomaskonstantin\6000-children-and-teen-book-covers\versions\1\BookCovers\the-whisper.jpg
the-whisperer,C:\Users\HP USER\.cache\kagglehub\datasets\thomaskonstantin\6000-children-and-teen-book-covers\versions\1\BookCovers\the-whisperer.jpg
the-whispers,C:\Users\HP USER\.cache\kagglehub\datasets\thomaskonstantin\6000-children-and-teen-book-covers\versions\1\BookCovers\the-whispers.jpg
the-white-darkness,C:\Users\HP USER\.cache\kagglehub\datasets\thomaskonstantin\6000-children-and-teen-book-covers\versions\1\BookCovers\the-white-darkness.jpg
the-white-fox,C:\Users\HP USER\.cache\kagglehub\datasets\thomaskonstantin\6000-children-and-teen-book-covers\versions\1\BookCovers\the-white-fox.jpg
the-white-giraffe,C:\Users\HP USER\.cache\kagglehub\datasets\thomaskonstantin\6000-children-and-teen-book-covers\versions\1\BookCovers\the-white-giraffe.jpg
the-white-hare,C:\Users\HP USER\.cache\kagglehub\datasets\thomaskonstantin\6000-children-and-teen-book-covers\versions\1\BookCovers\the-white-hare.jpg
the-white-tower,C:\Users\HP USER\.cache\kagglehub\datasets\thomaskonstantin\6000-children-and-teen-book-covers\versions\1\BookCovers\the-white-tower.jpg
the-wicked-deep,C:\Users\HP USER\.cache\kagglehub\datasets\thomaskonstantin\6000-children-and-teen-book-covers\versions\1\BookCovers\the-wicked-deep.jpg
the-wild-book,C:\Users\HP USER\.cache\kagglehub\datasets\thomaskonstantin\6000-children-and-teen-book-covers\versions\1\BookCovers\the-wild-book.jpg
the-wild-folk,C:\Users\HP USER\.cache\kagglehub\datasets\thomaskonstantin\6000-children-and-teen-book-covers\versions\1\BookCovers\the-wild-folk.jpg
the-wild-girl2,C:\Users\HP USER\.cache\kagglehub\datasets\thomaskonstantin\6000-children-and-teen-book-covers\versions\1\BookCovers\the-wild-girl2.jpg
the-wild-robot,C:\Users\HP USER\.cache\kagglehub\datasets\thomaskonstantin\6000-children-and-teen-book-covers\versions\1\BookCovers\the-wild-robot.jpg
the-wild-way-home,C:\Users\HP USER\.cache\kagglehub\datasets\thomaskonstantin\6000-children-and-teen-book-covers\versions\1\BookCovers\the-wild-way-home.jpg
the-wildest-cowboy,C:\Users\HP USER\.cache\kagglehub\datasets\thomaskonstantin\6000-children-and-teen-book-covers\versions\1\BookCovers\the-wildest-cowboy.jpg
the-wind-singer,C:\Users\HP USER\.cache\kagglehub\datasets\thomaskonstantin\6000-children-and-teen-book-covers\versions\1\BookCovers\the-wind-singer.jpg
the-winterborne-home-for-vengeance-and-valour,C:\Users\HP USER\.cache\kagglehub\datasets\thomaskonstantin\6000-children-and-teen-book-covers\versions\1\BookCovers\the-winterborne-home-for-vengeance-and-valour.jpg
the-witches-the-graphic-novel,C:\Users\HP USER\.cache\kagglehub\datasets\thomaskonstantin\6000-children-and-teen-book-covers\versions\1\BookCovers\the-witches-the-graphic-novel.jpg
the-witches,C:\Users\HP USER\.cache\kagglehub\datasets\thomaskonstantin\6000-children-and-teen-book-covers\versions\1\BookCovers\the-witches.jpg
the-witchs-boy,C:\Users\HP USER\.cache\kagglehub\datasets\thomaskonstantin\6000-children-and-teen-book-covers\versions\1\BookCovers\the-witchs-boy.jpg
the-withered-arm,C:\Users\HP USER\.cache\kagglehub\datasets\thomaskonstantin\6000-children-and-teen-book-covers\versions\1\BookCovers\the-withered-arm.jpg
the-wizard-in-my-shed,C:\Users\HP USER\.cache\kagglehub\datasets\thomaskonstantin\6000-children-and-teen-book-covers\versions\1\BookCovers\the-wizard-in-my-shed.jpg
the-wizards-and-the-whale,C:\Users\HP USER\.cache\kagglehub\datasets\thomaskonstantin\6000-children-and-teen-book-covers\versions\1\BookCovers\the-wizards-and-the-whale.jpg
the-wizards-of-once-never-and-forever,C:\Users\HP USER\.cache\kagglehub\datasets\thomaskonstantin\6000-children-and-teen-book-covers\versions\1\BookCovers\the-wizards-of-once-never-and-forever.jpg
the-wizards-of-once-twice-magic,C:\Users\HP USER\.cache\kagglehub\datasets\thomaskonstantin\6000-children-and-teen-book-covers\versions\1\BookCovers\the-wizards-of-once-twice-magic.jpg
the-wizards-of-once,C:\Users\HP USER\.cache\kagglehub\datasets\thomaskonstantin\6000-children-and-teen-book-covers\versions\1\BookCovers\the-wizards-of-once.jpg
the-wizerd-and-the-potion-of-dreams,C:\Users\HP USER\.cache\kagglehub\datasets\thomaskonstantin\6000-children-and-teen-book-covers\versions\1\BookCovers\the-wizerd-and-the-potion-of-dreams.jpg
the-wolf-princess,C:\Users\HP USER\.cache\kagglehub\datasets\thomaskonstantin\6000-children-and-teen-book-covers\versions\1\BookCovers\the-wolf-princess.jpg
the-wolf-the-duck-and-the-mouse,C:\Users\HP USER\.cache\kagglehub\datasets\thomaskonstantin\6000-children-and-teen-book-covers\versions\1\BookCovers\the-wolf-the-duck-and-the-mouse.jpg
the-wolfs-secret,C:\Users\HP USER\.cache\kagglehub\datasets\thomaskonstantin\6000-children-and-teen-book-covers\versions\1\BookCovers\the-wolfs-secret.jpg
the-wolves-in-the-walls,C:\Users\HP USER\.cache\kagglehub\datasets\thomaskonstantin\6000-children-and-teen-book-covers\versions\1\BookCovers\the-wolves-in-the-walls.jpg
the-wolves-of-willoughby-chase,C:\Users\HP USER\.cache\kagglehub\datasets\thomaskonstantin\6000-children-and-teen-book-covers\versions\1\BookCovers\the-wolves-of-willoughby-chase.jpg
the-woman-who-rides-like-a-man,C:\Users\HP USER\.cache\kagglehub\datasets\thomaskonstantin\6000-children-and-teen-book-covers\versions\1\BookCovers\the-woman-who-rides-like-a-man.jpg
the-wombles,C:\Users\HP USER\.cache\kagglehub\datasets\thomaskonstantin\6000-children-and-teen-book-covers\versions\1\BookCovers\the-wombles.jpg
the-wonderful-wizard-of-oz,C:\Users\HP USER\.cache\kagglehub\datasets\thomaskonstantin\6000-children-and-teen-book-covers\versions\1\BookCovers\the-wonderful-wizard-of-oz.jpg
the-woods,C:\Users\HP USER\.cache\kagglehub\datasets\thomaskonstantin\6000-children-and-teen-book-covers\versions\1\BookCovers\the-woods.jpg
the-word-bird,C:\Users\HP USER\.cache\kagglehub\datasets\thomaskonstantin\6000-children-and-teen-book-covers\versions\1\BookCovers\the-word-bird.jpg
the-wordsmith,C:\Users\HP USER\.cache\kagglehub\datasets\thomaskonstantin\6000-children-and-teen-book-covers\versions\1\BookCovers\the-wordsmith.jpg
the-world-famous-cheese-shop-break-in,C:\Users\HP USER\.cache\kagglehub\datasets\thomaskonstantin\6000-children-and-teen-book-covers\versions\1\BookCovers\the-world-famous-cheese-shop-break-in.jpg
the-worlds-worst-children-2,C:\Users\HP USER\.cache\kagglehub\datasets\thomaskonstantin\6000-children-and-teen-book-covers\versions\1\BookCovers\the-worlds-worst-children-2.jpg
the-worst-childrens-jobs-in-history,C:\Users\HP USER\.cache\kagglehub\datasets\thomaskonstantin\6000-children-and-teen-book-covers\versions\1\BookCovers\the-worst-childrens-jobs-in-history.jpg
the-worst-class-in-the-world,C:\Users\HP USER\.cache\kagglehub\datasets\thomaskonstantin\6000-children-and-teen-book-covers\versions\1\BookCovers\the-worst-class-in-the-world.jpg
the-worst-princess-1-,C:\Users\HP USER\.cache\kagglehub\datasets\thomaskonstantin\6000-children-and-teen-book-covers\versions\1\BookCovers\the-worst-princess-1-.jpg
the-wrong-train,C:\Users\HP USER\.cache\kagglehub\datasets\thomaskonstantin\6000-children-and-teen-book-covers\versions\1\BookCovers\the-wrong-train.jpg
the-year-of-the-rat,C:\Users\HP USER\.cache\kagglehub\datasets\thomaskonstantin\6000-children-and-teen-book-covers\versions\1\BookCovers\the-year-of-the-rat.jpg
the-young-magicians-and-the-24-hour-telepathy-plot,C:\Users\HP USER\.cache\kagglehub\datasets\thomaskonstantin\6000-children-and-teen-book-covers\versions\1\BookCovers\the-young-magicians-and-the-24-hour-telepathy-plot.jpg
the-young-magicians-and-the-thieves-almanac,C:\Users\HP USER\.cache\kagglehub\datasets\thomaskonstantin\6000-children-and-teen-book-covers\versions\1\BookCovers\the-young-magicians-and-the-thieves-almanac.jpg
the-zoological-times,C:\Users\HP USER\.cache\kagglehub\datasets\thomaskonstantin\6000-children-and-teen-book-covers\versions\1\BookCovers\the-zoological-times.jpg
the2jacks,C:\Users\HP USER\.cache\kagglehub\datasets\thomaskonstantin\6000-children-and-teen-book-covers\versions\1\BookCovers\the2jacks.jpg
thedaythecrayonsquite,C:\Users\HP USER\.cache\kagglehub\datasets\thomaskonstantin\6000-children-and-teen-book-covers\versions\1\BookCovers\thedaythecrayonsquite.jpg
thedead,C:\Users\HP USER\.cache\kagglehub\datasets\thomaskonstantin\6000-children-and-teen-book-covers\versions\1\BookCovers\thedead.jpg
thedeclaration,C:\Users\HP USER\.cache\kagglehub\datasets\thomaskonstantin\6000-children-and-teen-book-covers\versions\1\BookCovers\thedeclaration.jpg
theend,C:\Users\HP USER\.cache\kagglehub\datasets\thomaskonstantin\6000-children-and-teen-book-covers\versions\1\BookCovers\theend.jpg
theenemy,C:\Users\HP USER\.cache\kagglehub\datasets\thomaskonstantin\6000-children-and-teen-book-covers\versions\1\BookCovers\theenemy.jpg
themarvels,C:\Users\HP USER\.cache\kagglehub\datasets\thomaskonstantin\6000-children-and-teen-book-covers\versions\1\BookCovers\themarvels.jpg
themnawhoworeallhisclothes,C:\Users\HP USER\.cache\kagglehub\datasets\thomaskonstantin\6000-children-and-teen-book-covers\versions\1\BookCovers\themnawhoworeallhisclothes.jpg
then-he-ate-my-boy-entrancers,C:\Users\HP USER\.cache\kagglehub\datasets\thomaskonstantin\6000-children-and-teen-book-covers\versions\1\BookCovers\then-he-ate-my-boy-entrancers.jpg
then,C:\Users\HP USER\.cache\kagglehub\datasets\thomaskonstantin\6000-children-and-teen-book-covers\versions\1\BookCovers\then.jpg
thenatural,C:\Users\HP USER\.cache\kagglehub\datasets\thomaskonstantin\6000-children-and-teen-book-covers\versions\1\BookCovers\thenatural.jpg
theodora-hendrix-and-the-monstrous-league-of-monsters,C:\Users\HP USER\.cache\kagglehub\datasets\thomaskonstantin\6000-children-and-teen-book-covers\versions\1\BookCovers\theodora-hendrix-and-the-monstrous-league-of-monsters.jpg
theoutsiders,C:\Users\HP USER\.cache\kagglehub\datasets\thomaskonstantin\6000-children-and-teen-book-covers\versions\1\BookCovers\theoutsiders.jpg
thepromise,C:\Users\HP USER\.cache\kagglehub\datasets\thomaskonstantin\6000-children-and-teen-book-covers\versions\1\BookCovers\thepromise.jpg
there-are-cats-in-this-book,C:\Users\HP USER\.cache\kagglehub\datasets\thomaskonstantin\6000-children-and-teen-book-covers\versions\1\BookCovers\there-are-cats-in-this-book.jpg
there-is-no-dog,C:\Users\HP USER\.cache\kagglehub\datasets\thomaskonstantin\6000-children-and-teen-book-covers\versions\1\BookCovers\there-is-no-dog.jpg
there-s-a-hamster-in-my-pocket,C:\Users\HP USER\.cache\kagglehub\datasets\thomaskonstantin\6000-children-and-teen-book-covers\versions\1\BookCovers\there-s-a-hamster-in-my-pocket.jpg
there-s-a-house-inside-my-mummy,C:\Users\HP USER\.cache\kagglehub\datasets\thomaskonstantin\6000-children-and-teen-book-covers\versions\1\BookCovers\there-s-a-house-inside-my-mummy.jpg
there-s-a-shark-in-the-bath,C:\Users\HP USER\.cache\kagglehub\datasets\thomaskonstantin\6000-children-and-teen-book-covers\versions\1\BookCovers\there-s-a-shark-in-the-bath.jpg
there-s-a-snake-in-my-school-,C:\Users\HP USER\.cache\kagglehub\datasets\thomaskonstantin\6000-children-and-teen-book-covers\versions\1\BookCovers\there-s-a-snake-in-my-school-.jpg
there-s-a-walrus-in-my-bed,C:\Users\HP USER\.cache\kagglehub\datasets\thomaskonstantin\6000-children-and-teen-book-covers\versions\1\BookCovers\there-s-a-walrus-in-my-bed.jpg
there-s-a-werewolf-in-my-tent-,C:\Users\HP USER\.cache\kagglehub\datasets\thomaskonstantin\6000-children-and-teen-book-covers\versions\1\BookCovers\there-s-a-werewolf-in-my-tent-.jpg
there-s-an-alien-in-the-classroom,C:\Users\HP USER\.cache\kagglehub\datasets\thomaskonstantin\6000-children-and-teen-book-covers\versions\1\BookCovers\there-s-an-alien-in-the-classroom.jpg
there-s-going-to-be-a-baby,C:\Users\HP USER\.cache\kagglehub\datasets\thomaskonstantin\6000-children-and-teen-book-covers\versions\1\BookCovers\there-s-going-to-be-a-baby.jpg
there-will-be-lies,C:\Users\HP USER\.cache\kagglehub\datasets\thomaskonstantin\6000-children-and-teen-book-covers\versions\1\BookCovers\there-will-be-lies.jpg
theres-a-bug-on-my-arm-that-wont-let-go,C:\Users\HP USER\.cache\kagglehub\datasets\thomaskonstantin\6000-children-and-teen-book-covers\versions\1\BookCovers\theres-a-bug-on-my-arm-that-wont-let-go.jpg
theres-a-monster-in-your-book,C:\Users\HP USER\.cache\kagglehub\datasets\thomaskonstantin\6000-children-and-teen-book-covers\versions\1\BookCovers\theres-a-monster-in-your-book.jpg
theres-a-mouse-in-my-house,C:\Users\HP USER\.cache\kagglehub\datasets\thomaskonstantin\6000-children-and-teen-book-covers\versions\1\BookCovers\theres-a-mouse-in-my-house.jpg
theres-a-rang-tan-in-my-bedroom,C:\Users\HP USER\.cache\kagglehub\datasets\thomaskonstantin\6000-children-and-teen-book-covers\versions\1\BookCovers\theres-a-rang-tan-in-my-bedroom.jpg
theres-an-elf-in-your-book,C:\Users\HP USER\.cache\kagglehub\datasets\thomaskonstantin\6000-children-and-teen-book-covers\versions\1\BookCovers\theres-an-elf-in-your-book.jpg
theshell-house,C:\Users\HP USER\.cache\kagglehub\datasets\thomaskonstantin\6000-children-and-teen-book-covers\versions\1\BookCovers\theshell-house.jpg
they-all-saw-a-cat-cover,C:\Users\HP USER\.cache\kagglehub\datasets\thomaskonstantin\6000-children-and-teen-book-covers\versions\1\BookCovers\they-all-saw-a-cat-cover.jpg
they-didn-t-teach-this-in-worm-school-,C:\Users\HP USER\.cache\kagglehub\datasets\thomaskonstantin\6000-children-and-teen-book-covers\versions\1\BookCovers\they-didn-t-teach-this-in-worm-school-.jpg
they-say-blue,C:\Users\HP USER\.cache\kagglehub\datasets\thomaskonstantin\6000-children-and-teen-book-covers\versions\1\BookCovers\they-say-blue.jpg
thicker-than-water,C:\Users\HP USER\.cache\kagglehub\datasets\thomaskonstantin\6000-children-and-teen-book-covers\versions\1\BookCovers\thicker-than-water.jpg
thimble-monkey-superstar,C:\Users\HP USER\.cache\kagglehub\datasets\thomaskonstantin\6000-children-and-teen-book-covers\versions\1\BookCovers\thimble-monkey-superstar.jpg
things-a-bright-girl-can-do,C:\Users\HP USER\.cache\kagglehub\datasets\thomaskonstantin\6000-children-and-teen-book-covers\versions\1\BookCovers\things-a-bright-girl-can-do.jpg
things-fall-apart,C:\Users\HP USER\.cache\kagglehub\datasets\thomaskonstantin\6000-children-and-teen-book-covers\versions\1\BookCovers\things-fall-apart.jpg
things-that-make-me-happy,C:\Users\HP USER\.cache\kagglehub\datasets\thomaskonstantin\6000-children-and-teen-book-covers\versions\1\BookCovers\things-that-make-me-happy.jpg
things-the-eye-cant-see,C:\Users\HP USER\.cache\kagglehub\datasets\thomaskonstantin\6000-children-and-teen-book-covers\versions\1\BookCovers\things-the-eye-cant-see.jpg
thinktouchlearn,C:\Users\HP USER\.cache\kagglehub\datasets\thomaskonstantin\6000-children-and-teen-book-covers\versions\1\BookCovers\thinktouchlearn.jpg
this-bear-that-bear,C:\Users\HP USER\.cache\kagglehub\datasets\thomaskonstantin\6000-children-and-teen-book-covers\versions\1\BookCovers\this-bear-that-bear.jpg
this-bonny-baby,C:\Users\HP USER\.cache\kagglehub\datasets\thomaskonstantin\6000-children-and-teen-book-covers\versions\1\BookCovers\this-bonny-baby.jpg
this-book-is-antiracist,C:\Users\HP USER\.cache\kagglehub\datasets\thomaskonstantin\6000-children-and-teen-book-covers\versions\1\BookCovers\this-book-is-antiracist.jpg
this-book-is-gay-juno-dawson,C:\Users\HP USER\.cache\kagglehub\datasets\thomaskonstantin\6000-children-and-teen-book-covers\versions\1\BookCovers\this-book-is-gay-juno-dawson.jpg
this-book-is-not-a-bedtime-story,C:\Users\HP USER\.cache\kagglehub\datasets\thomaskonstantin\6000-children-and-teen-book-covers\versions\1\BookCovers\this-book-is-not-a-bedtime-story.jpg
this-book-is-not-rubbish,C:\Users\HP USER\.cache\kagglehub\datasets\thomaskonstantin\6000-children-and-teen-book-covers\versions\1\BookCovers\this-book-is-not-rubbish.jpg
this-book-just-ate-my-dog,C:\Users\HP USER\.cache\kagglehub\datasets\thomaskonstantin\6000-children-and-teen-book-covers\versions\1\BookCovers\this-book-just-ate-my-dog.jpg
this-is-a-dog,C:\Users\HP USER\.cache\kagglehub\datasets\thomaskonstantin\6000-children-and-teen-book-covers\versions\1\BookCovers\this-is-a-dog.jpg
this-is-a-serious-book2,C:\Users\HP USER\.cache\kagglehub\datasets\thomaskonstantin\6000-children-and-teen-book-covers\versions\1\BookCovers\this-is-a-serious-book2.jpg
this-is-actually-my-party,C:\Users\HP USER\.cache\kagglehub\datasets\thomaskonstantin\6000-children-and-teen-book-covers\versions\1\BookCovers\this-is-actually-my-party.jpg
this-is-crab-v2,C:\Users\HP USER\.cache\kagglehub\datasets\thomaskonstantin\6000-children-and-teen-book-covers\versions\1\BookCovers\this-is-crab-v2.jpg
this-is-how-we-do-it,C:\Users\HP USER\.cache\kagglehub\datasets\thomaskonstantin\6000-children-and-teen-book-covers\versions\1\BookCovers\this-is-how-we-do-it.jpg
this-is-my-book,C:\Users\HP USER\.cache\kagglehub\datasets\thomaskonstantin\6000-children-and-teen-book-covers\versions\1\BookCovers\this-is-my-book.jpg
this-is-my-rock,C:\Users\HP USER\.cache\kagglehub\datasets\thomaskonstantin\6000-children-and-teen-book-covers\versions\1\BookCovers\this-is-my-rock.jpg
this-is-not-a-bedtime-story,C:\Users\HP USER\.cache\kagglehub\datasets\thomaskonstantin\6000-children-and-teen-book-covers\versions\1\BookCovers\this-is-not-a-bedtime-story.jpg
this-is-not-a-book,C:\Users\HP USER\.cache\kagglehub\datasets\thomaskonstantin\6000-children-and-teen-book-covers\versions\1\BookCovers\this-is-not-a-book.jpg
this-is-not-forgiveness,C:\Users\HP USER\.cache\kagglehub\datasets\thomaskonstantin\6000-children-and-teen-book-covers\versions\1\BookCovers\this-is-not-forgiveness.jpg
this-is-our-house,C:\Users\HP USER\.cache\kagglehub\datasets\thomaskonstantin\6000-children-and-teen-book-covers\versions\1\BookCovers\this-is-our-house.jpg
this-is-the-kiss,C:\Users\HP USER\.cache\kagglehub\datasets\thomaskonstantin\6000-children-and-teen-book-covers\versions\1\BookCovers\this-is-the-kiss.jpg
this-little-piggy-jarvis,C:\Users\HP USER\.cache\kagglehub\datasets\thomaskonstantin\6000-children-and-teen-book-covers\versions\1\BookCovers\this-little-piggy-jarvis.jpg
this-little-piggy,C:\Users\HP USER\.cache\kagglehub\datasets\thomaskonstantin\6000-children-and-teen-book-covers\versions\1\BookCovers\this-little-piggy.jpg
this-raging-light,C:\Users\HP USER\.cache\kagglehub\datasets\thomaskonstantin\6000-children-and-teen-book-covers\versions\1\BookCovers\this-raging-light.jpg
this-zoo-is-not-for-you,C:\Users\HP USER\.cache\kagglehub\datasets\thomaskonstantin\6000-children-and-teen-book-covers\versions\1\BookCovers\this-zoo-is-not-for-you.jpg
threadbear-,C:\Users\HP USER\.cache\kagglehub\datasets\thomaskonstantin\6000-children-and-teen-book-covers\versions\1\BookCovers\threadbear-.jpg
three-billy-goats-fluff,C:\Users\HP USER\.cache\kagglehub\datasets\thomaskonstantin\6000-children-and-teen-book-covers\versions\1\BookCovers\three-billy-goats-fluff.jpg
three-by-the-sea,C:\Users\HP USER\.cache\kagglehub\datasets\thomaskonstantin\6000-children-and-teen-book-covers\versions\1\BookCovers\three-by-the-sea.jpg
three-dark-crowns,C:\Users\HP USER\.cache\kagglehub\datasets\thomaskonstantin\6000-children-and-teen-book-covers\versions\1\BookCovers\three-dark-crowns.jpg
three-keys,C:\Users\HP USER\.cache\kagglehub\datasets\thomaskonstantin\6000-children-and-teen-book-covers\versions\1\BookCovers\three-keys.jpg
three-little-monkeys,C:\Users\HP USER\.cache\kagglehub\datasets\thomaskonstantin\6000-children-and-teen-book-covers\versions\1\BookCovers\three-little-monkeys.jpg
through-dead-eyesd,C:\Users\HP USER\.cache\kagglehub\datasets\thomaskonstantin\6000-children-and-teen-book-covers\versions\1\BookCovers\through-dead-eyesd.jpg
through-the-eyes-of-me,C:\Users\HP USER\.cache\kagglehub\datasets\thomaskonstantin\6000-children-and-teen-book-covers\versions\1\BookCovers\through-the-eyes-of-me.jpg
through-the-eyes-of-us,C:\Users\HP USER\.cache\kagglehub\datasets\thomaskonstantin\6000-children-and-teen-book-covers\versions\1\BookCovers\through-the-eyes-of-us.jpg
through-the-magic-mirror,C:\Users\HP USER\.cache\kagglehub\datasets\thomaskonstantin\6000-children-and-teen-book-covers\versions\1\BookCovers\through-the-magic-mirror.jpg
through-the-mirror-door,C:\Users\HP USER\.cache\kagglehub\datasets\thomaskonstantin\6000-children-and-teen-book-covers\versions\1\BookCovers\through-the-mirror-door.jpg
thrumywindow,C:\Users\HP USER\.cache\kagglehub\datasets\thomaskonstantin\6000-children-and-teen-book-covers\versions\1\BookCovers\thrumywindow.jpg
ti-a-dy-rygbi,C:\Users\HP USER\.cache\kagglehub\datasets\thomaskonstantin\6000-children-and-teen-book-covers\versions\1\BookCovers\ti-a-dy-rygbi.jpg
tiara-friends,C:\Users\HP USER\.cache\kagglehub\datasets\thomaskonstantin\6000-children-and-teen-book-covers\versions\1\BookCovers\tiara-friends.jpg
tickle-my-ears,C:\Users\HP USER\.cache\kagglehub\datasets\thomaskonstantin\6000-children-and-teen-book-covers\versions\1\BookCovers\tickle-my-ears.jpg
tickle-tickle,C:\Users\HP USER\.cache\kagglehub\datasets\thomaskonstantin\6000-children-and-teen-book-covers\versions\1\BookCovers\tickle-tickle.jpg
tiddler-,C:\Users\HP USER\.cache\kagglehub\datasets\thomaskonstantin\6000-children-and-teen-book-covers\versions\1\BookCovers\tiddler-.jpg
tidy,C:\Users\HP USER\.cache\kagglehub\datasets\thomaskonstantin\6000-children-and-teen-book-covers\versions\1\BookCovers\tidy.jpg
tiger-and-friends,C:\Users\HP USER\.cache\kagglehub\datasets\thomaskonstantin\6000-children-and-teen-book-covers\versions\1\BookCovers\tiger-and-friends.jpg
tiger-days-and-the-secret-cat,C:\Users\HP USER\.cache\kagglehub\datasets\thomaskonstantin\6000-children-and-teen-book-covers\versions\1\BookCovers\tiger-days-and-the-secret-cat.jpg
tiger-in-a-tutu,C:\Users\HP USER\.cache\kagglehub\datasets\thomaskonstantin\6000-children-and-teen-book-covers\versions\1\BookCovers\tiger-in-a-tutu.jpg
tiger-in-the-garden,C:\Users\HP USER\.cache\kagglehub\datasets\thomaskonstantin\6000-children-and-teen-book-covers\versions\1\BookCovers\tiger-in-the-garden.jpg
tiger-tiger-burning-bright,C:\Users\HP USER\.cache\kagglehub\datasets\thomaskonstantin\6000-children-and-teen-book-covers\versions\1\BookCovers\tiger-tiger-burning-bright.jpg
tiger-tiger-time-to-take-a-bath,C:\Users\HP USER\.cache\kagglehub\datasets\thomaskonstantin\6000-children-and-teen-book-covers\versions\1\BookCovers\tiger-tiger-time-to-take-a-bath.jpg
tiger-wars-new-cover,C:\Users\HP USER\.cache\kagglehub\datasets\thomaskonstantin\6000-children-and-teen-book-covers\versions\1\BookCovers\tiger-wars-new-cover.jpg
tiger,C:\Users\HP USER\.cache\kagglehub\datasets\thomaskonstantin\6000-children-and-teen-book-covers\versions\1\BookCovers\tiger.jpg
tigerontree,C:\Users\HP USER\.cache\kagglehub\datasets\thomaskonstantin\6000-children-and-teen-book-covers\versions\1\BookCovers\tigerontree.jpg
tilly-and-the-book-wanderers,C:\Users\HP USER\.cache\kagglehub\datasets\thomaskonstantin\6000-children-and-teen-book-covers\versions\1\BookCovers\tilly-and-the-book-wanderers.jpg
tillys-promise,C:\Users\HP USER\.cache\kagglehub\datasets\thomaskonstantin\6000-children-and-teen-book-covers\versions\1\BookCovers\tillys-promise.jpg
tilt,C:\Users\HP USER\.cache\kagglehub\datasets\thomaskonstantin\6000-children-and-teen-book-covers\versions\1\BookCovers\tilt.jpg
tim-hopgoods-abc,C:\Users\HP USER\.cache\kagglehub\datasets\thomaskonstantin\6000-children-and-teen-book-covers\versions\1\BookCovers\tim-hopgoods-abc.jpg
time-after-time2,C:\Users\HP USER\.cache\kagglehub\datasets\thomaskonstantin\6000-children-and-teen-book-covers\versions\1\BookCovers\time-after-time2.jpg
time-between-uss,C:\Users\HP USER\.cache\kagglehub\datasets\thomaskonstantin\6000-children-and-teen-book-covers\versions\1\BookCovers\time-between-uss.jpg
time-for-a-nap,C:\Users\HP USER\.cache\kagglehub\datasets\thomaskonstantin\6000-children-and-teen-book-covers\versions\1\BookCovers\time-for-a-nap.jpg
time-for-bed-miyuki,C:\Users\HP USER\.cache\kagglehub\datasets\thomaskonstantin\6000-children-and-teen-book-covers\versions\1\BookCovers\time-for-bed-miyuki.jpg
time-for-bed-panda,C:\Users\HP USER\.cache\kagglehub\datasets\thomaskonstantin\6000-children-and-teen-book-covers\versions\1\BookCovers\time-for-bed-panda.jpg
time-stoppers,C:\Users\HP USER\.cache\kagglehub\datasets\thomaskonstantin\6000-children-and-teen-book-covers\versions\1\BookCovers\time-stoppers.jpg
time-to-eat,C:\Users\HP USER\.cache\kagglehub\datasets\thomaskonstantin\6000-children-and-teen-book-covers\versions\1\BookCovers\time-to-eat.jpg
time-to-go-with-ted,C:\Users\HP USER\.cache\kagglehub\datasets\thomaskonstantin\6000-children-and-teen-book-covers\versions\1\BookCovers\time-to-go-with-ted.jpg
time-travellers-guide-to-universe-,C:\Users\HP USER\.cache\kagglehub\datasets\thomaskonstantin\6000-children-and-teen-book-covers\versions\1\BookCovers\time-travellers-guide-to-universe-.jpg
time-travelling-with-a-hamster,C:\Users\HP USER\.cache\kagglehub\datasets\thomaskonstantin\6000-children-and-teen-book-covers\versions\1\BookCovers\time-travelling-with-a-hamster.jpg
timelines-from-black-history-leaders-legends-legacies,C:\Users\HP USER\.cache\kagglehub\datasets\thomaskonstantin\6000-children-and-teen-book-covers\versions\1\BookCovers\timelines-from-black-history-leaders-legends-legacies.jpg
timeriders,C:\Users\HP USER\.cache\kagglehub\datasets\thomaskonstantin\6000-children-and-teen-book-covers\versions\1\BookCovers\timeriders.jpg
timmyfailurenowlook,C:\Users\HP USER\.cache\kagglehub\datasets\thomaskonstantin\6000-children-and-teen-book-covers\versions\1\BookCovers\timmyfailurenowlook.jpg
timothy-top-the-green-pig,C:\Users\HP USER\.cache\kagglehub\datasets\thomaskonstantin\6000-children-and-teen-book-covers\versions\1\BookCovers\timothy-top-the-green-pig.jpg
tinsel,C:\Users\HP USER\.cache\kagglehub\datasets\thomaskonstantin\6000-children-and-teen-book-covers\versions\1\BookCovers\tinsel.jpg
tintin,C:\Users\HP USER\.cache\kagglehub\datasets\thomaskonstantin\6000-children-and-teen-book-covers\versions\1\BookCovers\tintin.jpg
tiny-and-teeny,C:\Users\HP USER\.cache\kagglehub\datasets\thomaskonstantin\6000-children-and-teen-book-covers\versions\1\BookCovers\tiny-and-teeny.jpg
tiny-infinities,C:\Users\HP USER\.cache\kagglehub\datasets\thomaskonstantin\6000-children-and-teen-book-covers\versions\1\BookCovers\tiny-infinities.jpg
tiny-little-fly,C:\Users\HP USER\.cache\kagglehub\datasets\thomaskonstantin\6000-children-and-teen-book-covers\versions\1\BookCovers\tiny-little-fly.jpg
tiny-the-invisible-world-of-microbes,C:\Users\HP USER\.cache\kagglehub\datasets\thomaskonstantin\6000-children-and-teen-book-covers\versions\1\BookCovers\tiny-the-invisible-world-of-microbes.jpg
tinyville-town-i-m-a-librarian,C:\Users\HP USER\.cache\kagglehub\datasets\thomaskonstantin\6000-children-and-teen-book-covers\versions\1\BookCovers\tinyville-town-i-m-a-librarian.jpg
titanscurse,C:\Users\HP USER\.cache\kagglehub\datasets\thomaskonstantin\6000-children-and-teen-book-covers\versions\1\BookCovers\titanscurse.jpg
to-be-a-cat2,C:\Users\HP USER\.cache\kagglehub\datasets\thomaskonstantin\6000-children-and-teen-book-covers\versions\1\BookCovers\to-be-a-cat2.jpg
to-be-perfectly-honest,C:\Users\HP USER\.cache\kagglehub\datasets\thomaskonstantin\6000-children-and-teen-book-covers\versions\1\BookCovers\to-be-perfectly-honest.jpg
to-hold-the-bridge,C:\Users\HP USER\.cache\kagglehub\datasets\thomaskonstantin\6000-children-and-teen-book-covers\versions\1\BookCovers\to-hold-the-bridge.jpg
to-market-to-market,C:\Users\HP USER\.cache\kagglehub\datasets\thomaskonstantin\6000-children-and-teen-book-covers\versions\1\BookCovers\to-market-to-market.jpg
to-night-owl-from-dogfish,C:\Users\HP USER\.cache\kagglehub\datasets\thomaskonstantin\6000-children-and-teen-book-covers\versions\1\BookCovers\to-night-owl-from-dogfish.jpg
to-the-edge-of-the-world,C:\Users\HP USER\.cache\kagglehub\datasets\thomaskonstantin\6000-children-and-teen-book-covers\versions\1\BookCovers\to-the-edge-of-the-world.jpg
toad-and-i,C:\Users\HP USER\.cache\kagglehub\datasets\thomaskonstantin\6000-children-and-teen-book-covers\versions\1\BookCovers\toad-and-i.jpg
toad-attack,C:\Users\HP USER\.cache\kagglehub\datasets\thomaskonstantin\6000-children-and-teen-book-covers\versions\1\BookCovers\toad-attack.jpg
toad-surprise,C:\Users\HP USER\.cache\kagglehub\datasets\thomaskonstantin\6000-children-and-teen-book-covers\versions\1\BookCovers\toad-surprise.jpg
toad,C:\Users\HP USER\.cache\kagglehub\datasets\thomaskonstantin\6000-children-and-teen-book-covers\versions\1\BookCovers\toad.jpg
toby-alone,C:\Users\HP USER\.cache\kagglehub\datasets\thomaskonstantin\6000-children-and-teen-book-covers\versions\1\BookCovers\toby-alone.jpg
toby-and-the-ice-giants,C:\Users\HP USER\.cache\kagglehub\datasets\thomaskonstantin\6000-children-and-teen-book-covers\versions\1\BookCovers\toby-and-the-ice-giants.jpg
today-i-feel-an-alphabet-of-feelings,C:\Users\HP USER\.cache\kagglehub\datasets\thomaskonstantin\6000-children-and-teen-book-covers\versions\1\BookCovers\today-i-feel-an-alphabet-of-feelings.jpg
today-im-strong,C:\Users\HP USER\.cache\kagglehub\datasets\thomaskonstantin\6000-children-and-teen-book-covers\versions\1\BookCovers\today-im-strong.jpg
toddlewoddle,C:\Users\HP USER\.cache\kagglehub\datasets\thomaskonstantin\6000-children-and-teen-book-covers\versions\1\BookCovers\toddlewoddle.jpg
toffee,C:\Users\HP USER\.cache\kagglehub\datasets\thomaskonstantin\6000-children-and-teen-book-covers\versions\1\BookCovers\toffee.jpg
toiletofdoom,C:\Users\HP USER\.cache\kagglehub\datasets\thomaskonstantin\6000-children-and-teen-book-covers\versions\1\BookCovers\toiletofdoom.jpg
tom-fletcher-and-the-angel-of-death,C:\Users\HP USER\.cache\kagglehub\datasets\thomaskonstantin\6000-children-and-teen-book-covers\versions\1\BookCovers\tom-fletcher-and-the-angel-of-death.jpg
tom-gates-furry-creatures,C:\Users\HP USER\.cache\kagglehub\datasets\thomaskonstantin\6000-children-and-teen-book-covers\versions\1\BookCovers\tom-gates-furry-creatures.jpg
tom-trueheart,C:\Users\HP USER\.cache\kagglehub\datasets\thomaskonstantin\6000-children-and-teen-book-covers\versions\1\BookCovers\tom-trueheart.jpg
tomorrow,C:\Users\HP USER\.cache\kagglehub\datasets\thomaskonstantin\6000-children-and-teen-book-covers\versions\1\BookCovers\tomorrow.jpg
tomthumb,C:\Users\HP USER\.cache\kagglehub\datasets\thomaskonstantin\6000-children-and-teen-book-covers\versions\1\BookCovers\tomthumb.jpg
tony-robinson-weird-world-pets,C:\Users\HP USER\.cache\kagglehub\datasets\thomaskonstantin\6000-children-and-teen-book-covers\versions\1\BookCovers\tony-robinson-weird-world-pets.jpg
too-close-to-home,C:\Users\HP USER\.cache\kagglehub\datasets\thomaskonstantin\6000-children-and-teen-book-covers\versions\1\BookCovers\too-close-to-home.jpg
too-many-carrots,C:\Users\HP USER\.cache\kagglehub\datasets\thomaskonstantin\6000-children-and-teen-book-covers\versions\1\BookCovers\too-many-carrots.jpg
too-many-toys,C:\Users\HP USER\.cache\kagglehub\datasets\thomaskonstantin\6000-children-and-teen-book-covers\versions\1\BookCovers\too-many-toys.jpg
too-much-stuff,C:\Users\HP USER\.cache\kagglehub\datasets\thomaskonstantin\6000-children-and-teen-book-covers\versions\1\BookCovers\too-much-stuff.jpg
tooth-fairy-in-training,C:\Users\HP USER\.cache\kagglehub\datasets\thomaskonstantin\6000-children-and-teen-book-covers\versions\1\BookCovers\tooth-fairy-in-training.jpg
toottootbeepbeep,C:\Users\HP USER\.cache\kagglehub\datasets\thomaskonstantin\6000-children-and-teen-book-covers\versions\1\BookCovers\toottootbeepbeep.jpg
top-marks-for-murder,C:\Users\HP USER\.cache\kagglehub\datasets\thomaskonstantin\6000-children-and-teen-book-covers\versions\1\BookCovers\top-marks-for-murder.jpg
top-secret-grandad-and-me,C:\Users\HP USER\.cache\kagglehub\datasets\thomaskonstantin\6000-children-and-teen-book-covers\versions\1\BookCovers\top-secret-grandad-and-me.jpg
topsy-and-tim,C:\Users\HP USER\.cache\kagglehub\datasets\thomaskonstantin\6000-children-and-teen-book-covers\versions\1\BookCovers\topsy-and-tim.jpg
tornado-chasers,C:\Users\HP USER\.cache\kagglehub\datasets\thomaskonstantin\6000-children-and-teen-book-covers\versions\1\BookCovers\tornado-chasers.jpg
toro-toro,C:\Users\HP USER\.cache\kagglehub\datasets\thomaskonstantin\6000-children-and-teen-book-covers\versions\1\BookCovers\toro-toro.jpg
touch-and-tickle,C:\Users\HP USER\.cache\kagglehub\datasets\thomaskonstantin\6000-children-and-teen-book-covers\versions\1\BookCovers\touch-and-tickle.jpg
tower-of-giraffes,C:\Users\HP USER\.cache\kagglehub\datasets\thomaskonstantin\6000-children-and-teen-book-covers\versions\1\BookCovers\tower-of-giraffes.jpg
toyetica,C:\Users\HP USER\.cache\kagglehub\datasets\thomaskonstantin\6000-children-and-teen-book-covers\versions\1\BookCovers\toyetica.jpg
toys,C:\Users\HP USER\.cache\kagglehub\datasets\thomaskonstantin\6000-children-and-teen-book-covers\versions\1\BookCovers\toys.jpg
trace-the-trails-follow-that-truck,C:\Users\HP USER\.cache\kagglehub\datasets\thomaskonstantin\6000-children-and-teen-book-covers\versions\1\BookCovers\trace-the-trails-follow-that-truck.jpg
tracey-beaker,C:\Users\HP USER\.cache\kagglehub\datasets\thomaskonstantin\6000-children-and-teen-book-covers\versions\1\BookCovers\tracey-beaker.jpg
traction-man-is-here,C:\Users\HP USER\.cache\kagglehub\datasets\thomaskonstantin\6000-children-and-teen-book-covers\versions\1\BookCovers\traction-man-is-here.jpg
traction-man-meets-turbo-dog,C:\Users\HP USER\.cache\kagglehub\datasets\thomaskonstantin\6000-children-and-teen-book-covers\versions\1\BookCovers\traction-man-meets-turbo-dog.jpg
traction-man,C:\Users\HP USER\.cache\kagglehub\datasets\thomaskonstantin\6000-children-and-teen-book-covers\versions\1\BookCovers\traction-man.jpg
traffic-jam-puzzle-book,C:\Users\HP USER\.cache\kagglehub\datasets\thomaskonstantin\6000-children-and-teen-book-covers\versions\1\BookCovers\traffic-jam-puzzle-book.jpg
trail-game,C:\Users\HP USER\.cache\kagglehub\datasets\thomaskonstantin\6000-children-and-teen-book-covers\versions\1\BookCovers\trail-game.jpg
trailblazers-harriet-tubman,C:\Users\HP USER\.cache\kagglehub\datasets\thomaskonstantin\6000-children-and-teen-book-covers\versions\1\BookCovers\trailblazers-harriet-tubman.jpg
trailblazers-simone-biles,C:\Users\HP USER\.cache\kagglehub\datasets\thomaskonstantin\6000-children-and-teen-book-covers\versions\1\BookCovers\trailblazers-simone-biles.jpg
train,C:\Users\HP USER\.cache\kagglehub\datasets\thomaskonstantin\6000-children-and-teen-book-covers\versions\1\BookCovers\train.jpg
trains,C:\Users\HP USER\.cache\kagglehub\datasets\thomaskonstantin\6000-children-and-teen-book-covers\versions\1\BookCovers\trains.jpg
traitor-to-the-throne,C:\Users\HP USER\.cache\kagglehub\datasets\thomaskonstantin\6000-children-and-teen-book-covers\versions\1\BookCovers\traitor-to-the-throne.jpg
transformation,C:\Users\HP USER\.cache\kagglehub\datasets\thomaskonstantin\6000-children-and-teen-book-covers\versions\1\BookCovers\transformation.jpg
transmetropolitan,C:\Users\HP USER\.cache\kagglehub\datasets\thomaskonstantin\6000-children-and-teen-book-covers\versions\1\BookCovers\transmetropolitan.jpg
travellerintime,C:\Users\HP USER\.cache\kagglehub\datasets\thomaskonstantin\6000-children-and-teen-book-covers\versions\1\BookCovers\travellerintime.jpg
travels-with-my-sketchbook-foreman,C:\Users\HP USER\.cache\kagglehub\datasets\thomaskonstantin\6000-children-and-teen-book-covers\versions\1\BookCovers\travels-with-my-sketchbook-foreman.jpg
travels-with-my-sketchbook,C:\Users\HP USER\.cache\kagglehub\datasets\thomaskonstantin\6000-children-and-teen-book-covers\versions\1\BookCovers\travels-with-my-sketchbook.jpg
treacle-street---primas-missing-bunnies,C:\Users\HP USER\.cache\kagglehub\datasets\thomaskonstantin\6000-children-and-teen-book-covers\versions\1\BookCovers\treacle-street---primas-missing-bunnies.jpg
treacle-street-wheres-williams-washing,C:\Users\HP USER\.cache\kagglehub\datasets\thomaskonstantin\6000-children-and-teen-book-covers\versions\1\BookCovers\treacle-street-wheres-williams-washing.jpg
treacle-street,C:\Users\HP USER\.cache\kagglehub\datasets\thomaskonstantin\6000-children-and-teen-book-covers\versions\1\BookCovers\treacle-street.jpg
treason,C:\Users\HP USER\.cache\kagglehub\datasets\thomaskonstantin\6000-children-and-teen-book-covers\versions\1\BookCovers\treason.jpg
treasury-of-animal-stories,C:\Users\HP USER\.cache\kagglehub\datasets\thomaskonstantin\6000-children-and-teen-book-covers\versions\1\BookCovers\treasury-of-animal-stories.jpg
trial-by-fires,C:\Users\HP USER\.cache\kagglehub\datasets\thomaskonstantin\6000-children-and-teen-book-covers\versions\1\BookCovers\trial-by-fires.jpg
tribe-of-kids,C:\Users\HP USER\.cache\kagglehub\datasets\thomaskonstantin\6000-children-and-teen-book-covers\versions\1\BookCovers\tribe-of-kids.jpg
tribute,C:\Users\HP USER\.cache\kagglehub\datasets\thomaskonstantin\6000-children-and-teen-book-covers\versions\1\BookCovers\tribute.jpg
trickster,C:\Users\HP USER\.cache\kagglehub\datasets\thomaskonstantin\6000-children-and-teen-book-covers\versions\1\BookCovers\trickster.jpg
trish-trash-rollergirl-of-mars,C:\Users\HP USER\.cache\kagglehub\datasets\thomaskonstantin\6000-children-and-teen-book-covers\versions\1\BookCovers\trish-trash-rollergirl-of-mars.jpg
trollhunterss,C:\Users\HP USER\.cache\kagglehub\datasets\thomaskonstantin\6000-children-and-teen-book-covers\versions\1\BookCovers\trollhunterss.jpg
troofriend,C:\Users\HP USER\.cache\kagglehub\datasets\thomaskonstantin\6000-children-and-teen-book-covers\versions\1\BookCovers\troofriend.jpg
troubadour,C:\Users\HP USER\.cache\kagglehub\datasets\thomaskonstantin\6000-children-and-teen-book-covers\versions\1\BookCovers\troubadour.jpg
trouble-in-toadpool,C:\Users\HP USER\.cache\kagglehub\datasets\thomaskonstantin\6000-children-and-teen-book-covers\versions\1\BookCovers\trouble-in-toadpool.jpg
trouble-next-door,C:\Users\HP USER\.cache\kagglehub\datasets\thomaskonstantin\6000-children-and-teen-book-covers\versions\1\BookCovers\trouble-next-door.jpg
trouble,C:\Users\HP USER\.cache\kagglehub\datasets\thomaskonstantin\6000-children-and-teen-book-covers\versions\1\BookCovers\trouble.jpg
truckers-new-cover,C:\Users\HP USER\.cache\kagglehub\datasets\thomaskonstantin\6000-children-and-teen-book-covers\versions\1\BookCovers\truckers-new-cover.jpg
trueman-bradley,C:\Users\HP USER\.cache\kagglehub\datasets\thomaskonstantin\6000-children-and-teen-book-covers\versions\1\BookCovers\trueman-bradley.jpg
truly-wildly-deeply,C:\Users\HP USER\.cache\kagglehub\datasets\thomaskonstantin\6000-children-and-teen-book-covers\versions\1\BookCovers\truly-wildly-deeply.jpg
tug-of-war,C:\Users\HP USER\.cache\kagglehub\datasets\thomaskonstantin\6000-children-and-teen-book-covers\versions\1\BookCovers\tug-of-war.jpg
tulane,C:\Users\HP USER\.cache\kagglehub\datasets\thomaskonstantin\6000-children-and-teen-book-covers\versions\1\BookCovers\tulane.jpg
tumtum-and-nutmeg,C:\Users\HP USER\.cache\kagglehub\datasets\thomaskonstantin\6000-children-and-teen-book-covers\versions\1\BookCovers\tumtum-and-nutmeg.jpg
tunnel-of-bones,C:\Users\HP USER\.cache\kagglehub\datasets\thomaskonstantin\6000-children-and-teen-book-covers\versions\1\BookCovers\tunnel-of-bones.jpg
tunnelsmouth,C:\Users\HP USER\.cache\kagglehub\datasets\thomaskonstantin\6000-children-and-teen-book-covers\versions\1\BookCovers\tunnelsmouth.jpg
turning-to-jelly,C:\Users\HP USER\.cache\kagglehub\datasets\thomaskonstantin\6000-children-and-teen-book-covers\versions\1\BookCovers\turning-to-jelly.jpg
turtle-boy,C:\Users\HP USER\.cache\kagglehub\datasets\thomaskonstantin\6000-children-and-teen-book-covers\versions\1\BookCovers\turtle-boy.jpg
tusk-tusk,C:\Users\HP USER\.cache\kagglehub\datasets\thomaskonstantin\6000-children-and-teen-book-covers\versions\1\BookCovers\tusk-tusk.jpg
twenty-elephant-restaurant,C:\Users\HP USER\.cache\kagglehub\datasets\thomaskonstantin\6000-children-and-teen-book-covers\versions\1\BookCovers\twenty-elephant-restaurant.jpg
twilight-robbery,C:\Users\HP USER\.cache\kagglehub\datasets\thomaskonstantin\6000-children-and-teen-book-covers\versions\1\BookCovers\twilight-robbery.jpg
twilight,C:\Users\HP USER\.cache\kagglehub\datasets\thomaskonstantin\6000-children-and-teen-book-covers\versions\1\BookCovers\twilight.jpg
twingiants,C:\Users\HP USER\.cache\kagglehub\datasets\thomaskonstantin\6000-children-and-teen-book-covers\versions\1\BookCovers\twingiants.jpg
twinkle-new,C:\Users\HP USER\.cache\kagglehub\datasets\thomaskonstantin\6000-children-and-teen-book-covers\versions\1\BookCovers\twinkle-new.jpg
twinkle-twinkle-abc,C:\Users\HP USER\.cache\kagglehub\datasets\thomaskonstantin\6000-children-and-teen-book-covers\versions\1\BookCovers\twinkle-twinkle-abc.jpg
twinkle-twinkle-little-star-web,C:\Users\HP USER\.cache\kagglehub\datasets\thomaskonstantin\6000-children-and-teen-book-covers\versions\1\BookCovers\twinkle-twinkle-little-star-web.jpg
twister,C:\Users\HP USER\.cache\kagglehub\datasets\thomaskonstantin\6000-children-and-teen-book-covers\versions\1\BookCovers\twister.jpg
twistrose-key,C:\Users\HP USER\.cache\kagglehub\datasets\thomaskonstantin\6000-children-and-teen-book-covers\versions\1\BookCovers\twistrose-key.jpg
twit-twoo-school-mouses-big-day,C:\Users\HP USER\.cache\kagglehub\datasets\thomaskonstantin\6000-children-and-teen-book-covers\versions\1\BookCovers\twit-twoo-school-mouses-big-day.jpg
two-can,C:\Users\HP USER\.cache\kagglehub\datasets\thomaskonstantin\6000-children-and-teen-book-covers\versions\1\BookCovers\two-can.jpg
two-frogs,C:\Users\HP USER\.cache\kagglehub\datasets\thomaskonstantin\6000-children-and-teen-book-covers\versions\1\BookCovers\two-frogs.jpg
two-good-thieves,C:\Users\HP USER\.cache\kagglehub\datasets\thomaskonstantin\6000-children-and-teen-book-covers\versions\1\BookCovers\two-good-thieves.jpg
two-monsters,C:\Users\HP USER\.cache\kagglehub\datasets\thomaskonstantin\6000-children-and-teen-book-covers\versions\1\BookCovers\two-monsters.jpg
two-sides,C:\Users\HP USER\.cache\kagglehub\datasets\thomaskonstantin\6000-children-and-teen-book-covers\versions\1\BookCovers\two-sides.jpg
two-sisters-a-story-of-freedom,C:\Users\HP USER\.cache\kagglehub\datasets\thomaskonstantin\6000-children-and-teen-book-covers\versions\1\BookCovers\two-sisters-a-story-of-freedom.jpg
two-weeks-with-the-queen,C:\Users\HP USER\.cache\kagglehub\datasets\thomaskonstantin\6000-children-and-teen-book-covers\versions\1\BookCovers\two-weeks-with-the-queen.jpg
tyrannosaurus-drip,C:\Users\HP USER\.cache\kagglehub\datasets\thomaskonstantin\6000-children-and-teen-book-covers\versions\1\BookCovers\tyrannosaurus-drip.jpg
ug,C:\Users\HP USER\.cache\kagglehub\datasets\thomaskonstantin\6000-children-and-teen-book-covers\versions\1\BookCovers\ug.jpg
uki-and-the-outcasts,C:\Users\HP USER\.cache\kagglehub\datasets\thomaskonstantin\6000-children-and-teen-book-covers\versions\1\BookCovers\uki-and-the-outcasts.jpg
ultimate-earth---oceans-and-seas,C:\Users\HP USER\.cache\kagglehub\datasets\thomaskonstantin\6000-children-and-teen-book-covers\versions\1\BookCovers\ultimate-earth---oceans-and-seas.jpg
ultimate-superstars-ariana-grande,C:\Users\HP USER\.cache\kagglehub\datasets\thomaskonstantin\6000-children-and-teen-book-covers\versions\1\BookCovers\ultimate-superstars-ariana-grande.jpg
uma-and-the-answer-to-absolutely-everything,C:\Users\HP USER\.cache\kagglehub\datasets\thomaskonstantin\6000-children-and-teen-book-covers\versions\1\BookCovers\uma-and-the-answer-to-absolutely-everything.jpg
umpteen-pockets,C:\Users\HP USER\.cache\kagglehub\datasets\thomaskonstantin\6000-children-and-teen-book-covers\versions\1\BookCovers\umpteen-pockets.jpg
un-cwtsh-mawr,C:\Users\HP USER\.cache\kagglehub\datasets\thomaskonstantin\6000-children-and-teen-book-covers\versions\1\BookCovers\un-cwtsh-mawr.jpg
unarranged-marriage,C:\Users\HP USER\.cache\kagglehub\datasets\thomaskonstantin\6000-children-and-teen-book-covers\versions\1\BookCovers\unarranged-marriage.jpg
unbelievable-,C:\Users\HP USER\.cache\kagglehub\datasets\thomaskonstantin\6000-children-and-teen-book-covers\versions\1\BookCovers\unbelievable-.jpg
unbelievable-football,C:\Users\HP USER\.cache\kagglehub\datasets\thomaskonstantin\6000-children-and-teen-book-covers\versions\1\BookCovers\unbelievable-football.jpg
unboxed,C:\Users\HP USER\.cache\kagglehub\datasets\thomaskonstantin\6000-children-and-teen-book-covers\versions\1\BookCovers\unboxed.jpg
uncle-bobbys-wedding,C:\Users\HP USER\.cache\kagglehub\datasets\thomaskonstantin\6000-children-and-teen-book-covers\versions\1\BookCovers\uncle-bobbys-wedding.jpg
uncle-gobb-dread-shed,C:\Users\HP USER\.cache\kagglehub\datasets\thomaskonstantin\6000-children-and-teen-book-covers\versions\1\BookCovers\uncle-gobb-dread-shed.jpg
uncle-montagues-tales-of-terror,C:\Users\HP USER\.cache\kagglehub\datasets\thomaskonstantin\6000-children-and-teen-book-covers\versions\1\BookCovers\uncle-montagues-tales-of-terror.jpg
under-earth-507807-1-456x700,C:\Users\HP USER\.cache\kagglehub\datasets\thomaskonstantin\6000-children-and-teen-book-covers\versions\1\BookCovers\under-earth-507807-1-456x700.jpg
under-earth-under-water,C:\Users\HP USER\.cache\kagglehub\datasets\thomaskonstantin\6000-children-and-teen-book-covers\versions\1\BookCovers\under-earth-under-water.jpg
under-my-hat--tales-from-the-cauldron,C:\Users\HP USER\.cache\kagglehub\datasets\thomaskonstantin\6000-children-and-teen-book-covers\versions\1\BookCovers\under-my-hat--tales-from-the-cauldron.jpg
under-rose-tainted-skies,C:\Users\HP USER\.cache\kagglehub\datasets\thomaskonstantin\6000-children-and-teen-book-covers\versions\1\BookCovers\under-rose-tainted-skies.jpg
under-the-great-plum-tree,C:\Users\HP USER\.cache\kagglehub\datasets\thomaskonstantin\6000-children-and-teen-book-covers\versions\1\BookCovers\under-the-great-plum-tree.jpg
under-the-love-umbrella2,C:\Users\HP USER\.cache\kagglehub\datasets\thomaskonstantin\6000-children-and-teen-book-covers\versions\1\BookCovers\under-the-love-umbrella2.jpg
under-the-moon-and-over-the-sea,C:\Users\HP USER\.cache\kagglehub\datasets\thomaskonstantin\6000-children-and-teen-book-covers\versions\1\BookCovers\under-the-moon-and-over-the-sea.jpg
under-the-same-sky,C:\Users\HP USER\.cache\kagglehub\datasets\thomaskonstantin\6000-children-and-teen-book-covers\versions\1\BookCovers\under-the-same-sky.jpg
under-the-weather,C:\Users\HP USER\.cache\kagglehub\datasets\thomaskonstantin\6000-children-and-teen-book-covers\versions\1\BookCovers\under-the-weather.jpg
underground,C:\Users\HP USER\.cache\kagglehub\datasets\thomaskonstantin\6000-children-and-teen-book-covers\versions\1\BookCovers\underground.jpg
underwater-fancy-dress-parade,C:\Users\HP USER\.cache\kagglehub\datasets\thomaskonstantin\6000-children-and-teen-book-covers\versions\1\BookCovers\underwater-fancy-dress-parade.jpg
undoned,C:\Users\HP USER\.cache\kagglehub\datasets\thomaskonstantin\6000-children-and-teen-book-covers\versions\1\BookCovers\undoned.jpg
unfortunately,C:\Users\HP USER\.cache\kagglehub\datasets\thomaskonstantin\6000-children-and-teen-book-covers\versions\1\BookCovers\unfortunately.jpg
unheard-voices,C:\Users\HP USER\.cache\kagglehub\datasets\thomaskonstantin\6000-children-and-teen-book-covers\versions\1\BookCovers\unheard-voices.jpg
unicorn-academy-isabel-and-cloud,C:\Users\HP USER\.cache\kagglehub\datasets\thomaskonstantin\6000-children-and-teen-book-covers\versions\1\BookCovers\unicorn-academy-isabel-and-cloud.jpg
unipiggle,C:\Users\HP USER\.cache\kagglehub\datasets\thomaskonstantin\6000-children-and-teen-book-covers\versions\1\BookCovers\unipiggle.jpg
unique,C:\Users\HP USER\.cache\kagglehub\datasets\thomaskonstantin\6000-children-and-teen-book-covers\versions\1\BookCovers\unique.jpg
unleashed,C:\Users\HP USER\.cache\kagglehub\datasets\thomaskonstantin\6000-children-and-teen-book-covers\versions\1\BookCovers\unleashed.jpg
unlikely-adventures-mabel-jones,C:\Users\HP USER\.cache\kagglehub\datasets\thomaskonstantin\6000-children-and-teen-book-covers\versions\1\BookCovers\unlikely-adventures-mabel-jones.jpg
unlikely-hero-room13b,C:\Users\HP USER\.cache\kagglehub\datasets\thomaskonstantin\6000-children-and-teen-book-covers\versions\1\BookCovers\unlikely-hero-room13b.jpg
unlikely-outlaws,C:\Users\HP USER\.cache\kagglehub\datasets\thomaskonstantin\6000-children-and-teen-book-covers\versions\1\BookCovers\unlikely-outlaws.jpg
unlundun-,C:\Users\HP USER\.cache\kagglehub\datasets\thomaskonstantin\6000-children-and-teen-book-covers\versions\1\BookCovers\unlundun-.jpg
unseen-worlds,C:\Users\HP USER\.cache\kagglehub\datasets\thomaskonstantin\6000-children-and-teen-book-covers\versions\1\BookCovers\unseen-worlds.jpg
unspeakable,C:\Users\HP USER\.cache\kagglehub\datasets\thomaskonstantin\6000-children-and-teen-book-covers\versions\1\BookCovers\unspeakable.jpg
unstoppable,C:\Users\HP USER\.cache\kagglehub\datasets\thomaskonstantin\6000-children-and-teen-book-covers\versions\1\BookCovers\unstoppable.jpg
until-we-win,C:\Users\HP USER\.cache\kagglehub\datasets\thomaskonstantin\6000-children-and-teen-book-covers\versions\1\BookCovers\until-we-win.jpg
untitled-1,C:\Users\HP USER\.cache\kagglehub\datasets\thomaskonstantin\6000-children-and-teen-book-covers\versions\1\BookCovers\untitled-1.jpg
untitled,C:\Users\HP USER\.cache\kagglehub\datasets\thomaskonstantin\6000-children-and-teen-book-covers\versions\1\BookCovers\untitled.jpg
up-and-down-mum,C:\Users\HP USER\.cache\kagglehub\datasets\thomaskonstantin\6000-children-and-teen-book-covers\versions\1\BookCovers\up-and-down-mum.jpg
up-and-down,C:\Users\HP USER\.cache\kagglehub\datasets\thomaskonstantin\6000-children-and-teen-book-covers\versions\1\BookCovers\up-and-down.jpg
up-up-and-away2,C:\Users\HP USER\.cache\kagglehub\datasets\thomaskonstantin\6000-children-and-teen-book-covers\versions\1\BookCovers\up-up-and-away2.jpg
usborne-christmas,C:\Users\HP USER\.cache\kagglehub\datasets\thomaskonstantin\6000-children-and-teen-book-covers\versions\1\BookCovers\usborne-christmas.jpg
usborne-lift-the-flap-picture-atlas,C:\Users\HP USER\.cache\kagglehub\datasets\thomaskonstantin\6000-children-and-teen-book-covers\versions\1\BookCovers\usborne-lift-the-flap-picture-atlas.jpg
use-your-imagination,C:\Users\HP USER\.cache\kagglehub\datasets\thomaskonstantin\6000-children-and-teen-book-covers\versions\1\BookCovers\use-your-imagination.jpg
utterlymer,C:\Users\HP USER\.cache\kagglehub\datasets\thomaskonstantin\6000-children-and-teen-book-covers\versions\1\BookCovers\utterlymer.jpg
valdemars-peas,C:\Users\HP USER\.cache\kagglehub\datasets\thomaskonstantin\6000-children-and-teen-book-covers\versions\1\BookCovers\valdemars-peas.jpg
valentine-joe,C:\Users\HP USER\.cache\kagglehub\datasets\thomaskonstantin\6000-children-and-teen-book-covers\versions\1\BookCovers\valentine-joe.jpg
vanilla-ice-cream,C:\Users\HP USER\.cache\kagglehub\datasets\thomaskonstantin\6000-children-and-teen-book-covers\versions\1\BookCovers\vanilla-ice-cream.jpg
varjak-paw,C:\Users\HP USER\.cache\kagglehub\datasets\thomaskonstantin\6000-children-and-teen-book-covers\versions\1\BookCovers\varjak-paw.jpg
veg-patch-party,C:\Users\HP USER\.cache\kagglehub\datasets\thomaskonstantin\6000-children-and-teen-book-covers\versions\1\BookCovers\veg-patch-party.jpg
vegetables-of-india,C:\Users\HP USER\.cache\kagglehub\datasets\thomaskonstantin\6000-children-and-teen-book-covers\versions\1\BookCovers\vegetables-of-india.jpg
vehicles-abc,C:\Users\HP USER\.cache\kagglehub\datasets\thomaskonstantin\6000-children-and-teen-book-covers\versions\1\BookCovers\vehicles-abc.jpg
velvet,C:\Users\HP USER\.cache\kagglehub\datasets\thomaskonstantin\6000-children-and-teen-book-covers\versions\1\BookCovers\velvet.jpg
veronica-twitch,C:\Users\HP USER\.cache\kagglehub\datasets\thomaskonstantin\6000-children-and-teen-book-covers\versions\1\BookCovers\veronica-twitch.jpg
veryhungrycaterpillar,C:\Users\HP USER\.cache\kagglehub\datasets\thomaskonstantin\6000-children-and-teen-book-covers\versions\1\BookCovers\veryhungrycaterpillar.jpg
vi-spy-licence-to-chill,C:\Users\HP USER\.cache\kagglehub\datasets\thomaskonstantin\6000-children-and-teen-book-covers\versions\1\BookCovers\vi-spy-licence-to-chill.jpg
vickyangel,C:\Users\HP USER\.cache\kagglehub\datasets\thomaskonstantin\6000-children-and-teen-book-covers\versions\1\BookCovers\vickyangel.jpg
victoria-s-day,C:\Users\HP USER\.cache\kagglehub\datasets\thomaskonstantin\6000-children-and-teen-book-covers\versions\1\BookCovers\victoria-s-day.jpg
victoria-stitch-bad-and-glittering,C:\Users\HP USER\.cache\kagglehub\datasets\thomaskonstantin\6000-children-and-teen-book-covers\versions\1\BookCovers\victoria-stitch-bad-and-glittering.jpg
victory-,C:\Users\HP USER\.cache\kagglehub\datasets\thomaskonstantin\6000-children-and-teen-book-covers\versions\1\BookCovers\victory-.jpg
viking-longship2,C:\Users\HP USER\.cache\kagglehub\datasets\thomaskonstantin\6000-children-and-teen-book-covers\versions\1\BookCovers\viking-longship2.jpg
viking-voyagers,C:\Users\HP USER\.cache\kagglehub\datasets\thomaskonstantin\6000-children-and-teen-book-covers\versions\1\BookCovers\viking-voyagers.jpg
vikings-in-the-supermarket,C:\Users\HP USER\.cache\kagglehub\datasets\thomaskonstantin\6000-children-and-teen-book-covers\versions\1\BookCovers\vikings-in-the-supermarket.jpg
violet-and-smugglers,C:\Users\HP USER\.cache\kagglehub\datasets\thomaskonstantin\6000-children-and-teen-book-covers\versions\1\BookCovers\violet-and-smugglers.jpg
violet-and-the-pearl-of-the-orient2,C:\Users\HP USER\.cache\kagglehub\datasets\thomaskonstantin\6000-children-and-teen-book-covers\versions\1\BookCovers\violet-and-the-pearl-of-the-orient2.jpg
violet-ink,C:\Users\HP USER\.cache\kagglehub\datasets\thomaskonstantin\6000-children-and-teen-book-covers\versions\1\BookCovers\violet-ink.jpg
vipers-daughter,C:\Users\HP USER\.cache\kagglehub\datasets\thomaskonstantin\6000-children-and-teen-book-covers\versions\1\BookCovers\vipers-daughter.jpg
virginsuicides,C:\Users\HP USER\.cache\kagglehub\datasets\thomaskonstantin\6000-children-and-teen-book-covers\versions\1\BookCovers\virginsuicides.jpg
virus-virtual-kombat-2,C:\Users\HP USER\.cache\kagglehub\datasets\thomaskonstantin\6000-children-and-teen-book-covers\versions\1\BookCovers\virus-virtual-kombat-2.jpg
virus,C:\Users\HP USER\.cache\kagglehub\datasets\thomaskonstantin\6000-children-and-teen-book-covers\versions\1\BookCovers\virus.jpg
vlogging-superstar,C:\Users\HP USER\.cache\kagglehub\datasets\thomaskonstantin\6000-children-and-teen-book-covers\versions\1\BookCovers\vlogging-superstar.jpg
vote-for-effie,C:\Users\HP USER\.cache\kagglehub\datasets\thomaskonstantin\6000-children-and-teen-book-covers\versions\1\BookCovers\vote-for-effie.jpg
voyage-of-the-sparrowhawk,C:\Users\HP USER\.cache\kagglehub\datasets\thomaskonstantin\6000-children-and-teen-book-covers\versions\1\BookCovers\voyage-of-the-sparrowhawk.jpg
vroom-zoom,C:\Users\HP USER\.cache\kagglehub\datasets\thomaskonstantin\6000-children-and-teen-book-covers\versions\1\BookCovers\vroom-zoom.jpg
waffle-hearts,C:\Users\HP USER\.cache\kagglehub\datasets\thomaskonstantin\6000-children-and-teen-book-covers\versions\1\BookCovers\waffle-hearts.jpg
wait-and-see,C:\Users\HP USER\.cache\kagglehub\datasets\thomaskonstantin\6000-children-and-teen-book-covers\versions\1\BookCovers\wait-and-see.jpg
waiting-for-baby,C:\Users\HP USER\.cache\kagglehub\datasets\thomaskonstantin\6000-children-and-teen-book-covers\versions\1\BookCovers\waiting-for-baby.jpg
waiting-for-callback,C:\Users\HP USER\.cache\kagglehub\datasets\thomaskonstantin\6000-children-and-teen-book-covers\versions\1\BookCovers\waiting-for-callback.jpg
walk-in-the-park,C:\Users\HP USER\.cache\kagglehub\datasets\thomaskonstantin\6000-children-and-teen-book-covers\versions\1\BookCovers\walk-in-the-park.jpg
walking-in-a-winter-wonderland,C:\Users\HP USER\.cache\kagglehub\datasets\thomaskonstantin\6000-children-and-teen-book-covers\versions\1\BookCovers\walking-in-a-winter-wonderland.jpg
walled-city,C:\Users\HP USER\.cache\kagglehub\datasets\thomaskonstantin\6000-children-and-teen-book-covers\versions\1\BookCovers\walled-city.jpg
walter-tulls-scrapbook,C:\Users\HP USER\.cache\kagglehub\datasets\thomaskonstantin\6000-children-and-teen-book-covers\versions\1\BookCovers\walter-tulls-scrapbook.jpg
walters-wonderful-web-waldo-ai-we-wych,C:\Users\HP USER\.cache\kagglehub\datasets\thomaskonstantin\6000-children-and-teen-book-covers\versions\1\BookCovers\walters-wonderful-web-waldo-ai-we-wych.jpg
wandas-words-got-stuck,C:\Users\HP USER\.cache\kagglehub\datasets\thomaskonstantin\6000-children-and-teen-book-covers\versions\1\BookCovers\wandas-words-got-stuck.jpg
want-to-play-trucks,C:\Users\HP USER\.cache\kagglehub\datasets\thomaskonstantin\6000-children-and-teen-book-covers\versions\1\BookCovers\want-to-play-trucks.jpg
wanted-ralfy-rabbitt-book-burglar,C:\Users\HP USER\.cache\kagglehub\datasets\thomaskonstantin\6000-children-and-teen-book-covers\versions\1\BookCovers\wanted-ralfy-rabbitt-book-burglar.jpg
war-and-peas,C:\Users\HP USER\.cache\kagglehub\datasets\thomaskonstantin\6000-children-and-teen-book-covers\versions\1\BookCovers\war-and-peas.jpg
war-game,C:\Users\HP USER\.cache\kagglehub\datasets\thomaskonstantin\6000-children-and-teen-book-covers\versions\1\BookCovers\war-game.jpg
war-horse,C:\Users\HP USER\.cache\kagglehub\datasets\thomaskonstantin\6000-children-and-teen-book-covers\versions\1\BookCovers\war-horse.jpg
war-horse2,C:\Users\HP USER\.cache\kagglehub\datasets\thomaskonstantin\6000-children-and-teen-book-covers\versions\1\BookCovers\war-horse2.jpg
warning-this-book-may-contain-rabbits,C:\Users\HP USER\.cache\kagglehub\datasets\thomaskonstantin\6000-children-and-teen-book-covers\versions\1\BookCovers\warning-this-book-may-contain-rabbits.jpg
waroworlds,C:\Users\HP USER\.cache\kagglehub\datasets\thomaskonstantin\6000-children-and-teen-book-covers\versions\1\BookCovers\waroworlds.jpg
wasim-and-the-champ,C:\Users\HP USER\.cache\kagglehub\datasets\thomaskonstantin\6000-children-and-teen-book-covers\versions\1\BookCovers\wasim-and-the-champ.jpg
watch-out-for-muddy-puddles-,C:\Users\HP USER\.cache\kagglehub\datasets\thomaskonstantin\6000-children-and-teen-book-covers\versions\1\BookCovers\watch-out-for-muddy-puddles-.jpg
watch-us-rise,C:\Users\HP USER\.cache\kagglehub\datasets\thomaskonstantin\6000-children-and-teen-book-covers\versions\1\BookCovers\watch-us-rise.jpg
watchmens,C:\Users\HP USER\.cache\kagglehub\datasets\thomaskonstantin\6000-children-and-teen-book-covers\versions\1\BookCovers\watchmens.jpg
water-born,C:\Users\HP USER\.cache\kagglehub\datasets\thomaskonstantin\6000-children-and-teen-book-covers\versions\1\BookCovers\water-born.jpg
watership-downd,C:\Users\HP USER\.cache\kagglehub\datasets\thomaskonstantin\6000-children-and-teen-book-covers\versions\1\BookCovers\watership-downd.jpg
way-it-is-bernard-ashley,C:\Users\HP USER\.cache\kagglehub\datasets\thomaskonstantin\6000-children-and-teen-book-covers\versions\1\BookCovers\way-it-is-bernard-ashley.jpg
ways-to-live-forever2,C:\Users\HP USER\.cache\kagglehub\datasets\thomaskonstantin\6000-children-and-teen-book-covers\versions\1\BookCovers\ways-to-live-forever2.jpg
ways-to-make-sunshine,C:\Users\HP USER\.cache\kagglehub\datasets\thomaskonstantin\6000-children-and-teen-book-covers\versions\1\BookCovers\ways-to-make-sunshine.jpg
we-are-all-born-free,C:\Users\HP USER\.cache\kagglehub\datasets\thomaskonstantin\6000-children-and-teen-book-covers\versions\1\BookCovers\we-are-all-born-free.jpg
we-are-family,C:\Users\HP USER\.cache\kagglehub\datasets\thomaskonstantin\6000-children-and-teen-book-covers\versions\1\BookCovers\we-are-family.jpg
we-are-giants2,C:\Users\HP USER\.cache\kagglehub\datasets\thomaskonstantin\6000-children-and-teen-book-covers\versions\1\BookCovers\we-are-giants2.jpg
we-are-not-frogs,C:\Users\HP USER\.cache\kagglehub\datasets\thomaskonstantin\6000-children-and-teen-book-covers\versions\1\BookCovers\we-are-not-frogs.jpg
we-are-the-beaker-girls,C:\Users\HP USER\.cache\kagglehub\datasets\thomaskonstantin\6000-children-and-teen-book-covers\versions\1\BookCovers\we-are-the-beaker-girls.jpg
we-are-wearing-out-the-naughty-step,C:\Users\HP USER\.cache\kagglehub\datasets\thomaskonstantin\6000-children-and-teen-book-covers\versions\1\BookCovers\we-are-wearing-out-the-naughty-step.jpg
we-come-apart2,C:\Users\HP USER\.cache\kagglehub\datasets\thomaskonstantin\6000-children-and-teen-book-covers\versions\1\BookCovers\we-come-apart2.jpg
we-eat-bananas,C:\Users\HP USER\.cache\kagglehub\datasets\thomaskonstantin\6000-children-and-teen-book-covers\versions\1\BookCovers\we-eat-bananas.jpg
we-played-with-fire,C:\Users\HP USER\.cache\kagglehub\datasets\thomaskonstantin\6000-children-and-teen-book-covers\versions\1\BookCovers\we-played-with-fire.jpg
we-re-all-wonders,C:\Users\HP USER\.cache\kagglehub\datasets\thomaskonstantin\6000-children-and-teen-book-covers\versions\1\BookCovers\we-re-all-wonders.jpg
we-re-going-bear-hunt,C:\Users\HP USER\.cache\kagglehub\datasets\thomaskonstantin\6000-children-and-teen-book-covers\versions\1\BookCovers\we-re-going-bear-hunt.jpg
we-re-going-on-a-lion-hunt,C:\Users\HP USER\.cache\kagglehub\datasets\thomaskonstantin\6000-children-and-teen-book-covers\versions\1\BookCovers\we-re-going-on-a-lion-hunt.jpg
we-wear-pants,C:\Users\HP USER\.cache\kagglehub\datasets\thomaskonstantin\6000-children-and-teen-book-covers\versions\1\BookCovers\we-wear-pants.jpg
we-were-liars,C:\Users\HP USER\.cache\kagglehub\datasets\thomaskonstantin\6000-children-and-teen-book-covers\versions\1\BookCovers\we-were-liars.jpg
we-were-wolves,C:\Users\HP USER\.cache\kagglehub\datasets\thomaskonstantin\6000-children-and-teen-book-covers\versions\1\BookCovers\we-were-wolves.jpg
web-of-lies,C:\Users\HP USER\.cache\kagglehub\datasets\thomaskonstantin\6000-children-and-teen-book-covers\versions\1\BookCovers\web-of-lies.jpg
webofair,C:\Users\HP USER\.cache\kagglehub\datasets\thomaskonstantin\6000-children-and-teen-book-covers\versions\1\BookCovers\webofair.jpg
wed-wabbit,C:\Users\HP USER\.cache\kagglehub\datasets\thomaskonstantin\6000-children-and-teen-book-covers\versions\1\BookCovers\wed-wabbit.jpg
weird-friends-fan-club,C:\Users\HP USER\.cache\kagglehub\datasets\thomaskonstantin\6000-children-and-teen-book-covers\versions\1\BookCovers\weird-friends-fan-club.jpg
weithiau-dwin-teimlon-heulog-sometimes-i-feel-sunny,C:\Users\HP USER\.cache\kagglehub\datasets\thomaskonstantin\6000-children-and-teen-book-covers\versions\1\BookCovers\weithiau-dwin-teimlon-heulog-sometimes-i-feel-sunny.jpg
welcome-to-my-crazy-life,C:\Users\HP USER\.cache\kagglehub\datasets\thomaskonstantin\6000-children-and-teen-book-covers\versions\1\BookCovers\welcome-to-my-crazy-life.jpg
welcome-to-nowhere,C:\Users\HP USER\.cache\kagglehub\datasets\thomaskonstantin\6000-children-and-teen-book-covers\versions\1\BookCovers\welcome-to-nowhere.jpg
were-off-to-find-a-fairy,C:\Users\HP USER\.cache\kagglehub\datasets\thomaskonstantin\6000-children-and-teen-book-covers\versions\1\BookCovers\were-off-to-find-a-fairy.jpg
werewolf-club-rules,C:\Users\HP USER\.cache\kagglehub\datasets\thomaskonstantin\6000-children-and-teen-book-covers\versions\1\BookCovers\werewolf-club-rules.jpg
wereworld---rise-of-the-wolf,C:\Users\HP USER\.cache\kagglehub\datasets\thomaskonstantin\6000-children-and-teen-book-covers\versions\1\BookCovers\wereworld---rise-of-the-wolf.jpg
whadayamean,C:\Users\HP USER\.cache\kagglehub\datasets\thomaskonstantin\6000-children-and-teen-book-covers\versions\1\BookCovers\whadayamean.jpg
whale-inthe-bath,C:\Users\HP USER\.cache\kagglehub\datasets\thomaskonstantin\6000-children-and-teen-book-covers\versions\1\BookCovers\whale-inthe-bath.jpg
what-a-wonderful-word,C:\Users\HP USER\.cache\kagglehub\datasets\thomaskonstantin\6000-children-and-teen-book-covers\versions\1\BookCovers\what-a-wonderful-word.jpg
what-about-the-tooth-fairy,C:\Users\HP USER\.cache\kagglehub\datasets\thomaskonstantin\6000-children-and-teen-book-covers\versions\1\BookCovers\what-about-the-tooth-fairy.jpg
what-are-we-fighting-for,C:\Users\HP USER\.cache\kagglehub\datasets\thomaskonstantin\6000-children-and-teen-book-covers\versions\1\BookCovers\what-are-we-fighting-for.jpg
what-do-animals-do-all-day,C:\Users\HP USER\.cache\kagglehub\datasets\thomaskonstantin\6000-children-and-teen-book-covers\versions\1\BookCovers\what-do-animals-do-all-day.jpg
what-do-machines-do-all-day,C:\Users\HP USER\.cache\kagglehub\datasets\thomaskonstantin\6000-children-and-teen-book-covers\versions\1\BookCovers\what-do-machines-do-all-day.jpg
what-does-baby-want,C:\Users\HP USER\.cache\kagglehub\datasets\thomaskonstantin\6000-children-and-teen-book-covers\versions\1\BookCovers\what-does-baby-want.jpg
what-does-daddy-do,C:\Users\HP USER\.cache\kagglehub\datasets\thomaskonstantin\6000-children-and-teen-book-covers\versions\1\BookCovers\what-does-daddy-do.jpg
what-does-the-crocodile-say,C:\Users\HP USER\.cache\kagglehub\datasets\thomaskonstantin\6000-children-and-teen-book-covers\versions\1\BookCovers\what-does-the-crocodile-say.jpg
what-does-the-fox-say,C:\Users\HP USER\.cache\kagglehub\datasets\thomaskonstantin\6000-children-and-teen-book-covers\versions\1\BookCovers\what-does-the-fox-say.jpg
what-happened-to-you,C:\Users\HP USER\.cache\kagglehub\datasets\thomaskonstantin\6000-children-and-teen-book-covers\versions\1\BookCovers\what-happened-to-you.jpg
what-i-couldn-t-tell-you,C:\Users\HP USER\.cache\kagglehub\datasets\thomaskonstantin\6000-children-and-teen-book-covers\versions\1\BookCovers\what-i-couldn-t-tell-you.jpg
what-i-like-most,C:\Users\HP USER\.cache\kagglehub\datasets\thomaskonstantin\6000-children-and-teen-book-covers\versions\1\BookCovers\what-i-like-most.jpg
what-is-a-child,C:\Users\HP USER\.cache\kagglehub\datasets\thomaskonstantin\6000-children-and-teen-book-covers\versions\1\BookCovers\what-is-a-child.jpg
what-is-gender-cover,C:\Users\HP USER\.cache\kagglehub\datasets\thomaskonstantin\6000-children-and-teen-book-covers\versions\1\BookCovers\what-is-gender-cover.jpg
what-is-humanism,C:\Users\HP USER\.cache\kagglehub\datasets\thomaskonstantin\6000-children-and-teen-book-covers\versions\1\BookCovers\what-is-humanism.jpg
what-is-masculinity,C:\Users\HP USER\.cache\kagglehub\datasets\thomaskonstantin\6000-children-and-teen-book-covers\versions\1\BookCovers\what-is-masculinity.jpg
what-is-the-moon-2,C:\Users\HP USER\.cache\kagglehub\datasets\thomaskonstantin\6000-children-and-teen-book-covers\versions\1\BookCovers\what-is-the-moon-2.jpg
what-lexie-did,C:\Users\HP USER\.cache\kagglehub\datasets\thomaskonstantin\6000-children-and-teen-book-covers\versions\1\BookCovers\what-lexie-did.jpg
what-light,C:\Users\HP USER\.cache\kagglehub\datasets\thomaskonstantin\6000-children-and-teen-book-covers\versions\1\BookCovers\what-light.jpg
what-momma-left-me,C:\Users\HP USER\.cache\kagglehub\datasets\thomaskonstantin\6000-children-and-teen-book-covers\versions\1\BookCovers\what-momma-left-me.jpg
what-not-to-do-if-you-turn-invisible,C:\Users\HP USER\.cache\kagglehub\datasets\thomaskonstantin\6000-children-and-teen-book-covers\versions\1\BookCovers\what-not-to-do-if-you-turn-invisible.jpg
what-planet-are-you-from-clarice-bean,C:\Users\HP USER\.cache\kagglehub\datasets\thomaskonstantin\6000-children-and-teen-book-covers\versions\1\BookCovers\what-planet-are-you-from-clarice-bean.jpg
what-s-biology-all-about,C:\Users\HP USER\.cache\kagglehub\datasets\thomaskonstantin\6000-children-and-teen-book-covers\versions\1\BookCovers\what-s-biology-all-about.jpg
what-s-cooking-jamela,C:\Users\HP USER\.cache\kagglehub\datasets\thomaskonstantin\6000-children-and-teen-book-covers\versions\1\BookCovers\what-s-cooking-jamela.jpg
what-s-up-with-jody-bartonv,C:\Users\HP USER\.cache\kagglehub\datasets\thomaskonstantin\6000-children-and-teen-book-covers\versions\1\BookCovers\what-s-up-with-jody-bartonv.jpg
what-shall-we-do-with-the-boo-hoo-baby,C:\Users\HP USER\.cache\kagglehub\datasets\thomaskonstantin\6000-children-and-teen-book-covers\versions\1\BookCovers\what-shall-we-do-with-the-boo-hoo-baby.jpg
what-stars-are-made-of,C:\Users\HP USER\.cache\kagglehub\datasets\thomaskonstantin\6000-children-and-teen-book-covers\versions\1\BookCovers\what-stars-are-made-of.jpg
what-sunny-saw-in-the-flames,C:\Users\HP USER\.cache\kagglehub\datasets\thomaskonstantin\6000-children-and-teen-book-covers\versions\1\BookCovers\what-sunny-saw-in-the-flames.jpg
what-the-birds-see2,C:\Users\HP USER\.cache\kagglehub\datasets\thomaskonstantin\6000-children-and-teen-book-covers\versions\1\BookCovers\what-the-birds-see2.jpg
what-the-jackdaw-saw,C:\Users\HP USER\.cache\kagglehub\datasets\thomaskonstantin\6000-children-and-teen-book-covers\versions\1\BookCovers\what-the-jackdaw-saw.jpg
what-the-ladybird-heard,C:\Users\HP USER\.cache\kagglehub\datasets\thomaskonstantin\6000-children-and-teen-book-covers\versions\1\BookCovers\what-the-ladybird-heard.jpg
what-we-left-behind2,C:\Users\HP USER\.cache\kagglehub\datasets\thomaskonstantin\6000-children-and-teen-book-covers\versions\1\BookCovers\what-we-left-behind2.jpg
what-well-build,C:\Users\HP USER\.cache\kagglehub\datasets\thomaskonstantin\6000-children-and-teen-book-covers\versions\1\BookCovers\what-well-build.jpg
what-would-she-do,C:\Users\HP USER\.cache\kagglehub\datasets\thomaskonstantin\6000-children-and-teen-book-covers\versions\1\BookCovers\what-would-she-do.jpg
whatiwas,C:\Users\HP USER\.cache\kagglehub\datasets\thomaskonstantin\6000-children-and-teen-book-covers\versions\1\BookCovers\whatiwas.jpg
whats-for-dinner-mr-gum,C:\Users\HP USER\.cache\kagglehub\datasets\thomaskonstantin\6000-children-and-teen-book-covers\versions\1\BookCovers\whats-for-dinner-mr-gum.jpg
whats-next-door,C:\Users\HP USER\.cache\kagglehub\datasets\thomaskonstantin\6000-children-and-teen-book-covers\versions\1\BookCovers\whats-next-door.jpg
whats-that-in-dog-years,C:\Users\HP USER\.cache\kagglehub\datasets\thomaskonstantin\6000-children-and-teen-book-covers\versions\1\BookCovers\whats-that-in-dog-years.jpg
whats-the-difference,C:\Users\HP USER\.cache\kagglehub\datasets\thomaskonstantin\6000-children-and-teen-book-covers\versions\1\BookCovers\whats-the-difference.jpg
whats-the-t,C:\Users\HP USER\.cache\kagglehub\datasets\thomaskonstantin\6000-children-and-teen-book-covers\versions\1\BookCovers\whats-the-t.jpg
whats-the-time-mr-wolf,C:\Users\HP USER\.cache\kagglehub\datasets\thomaskonstantin\6000-children-and-teen-book-covers\versions\1\BookCovers\whats-the-time-mr-wolf.jpg
whats-yourproblem,C:\Users\HP USER\.cache\kagglehub\datasets\thomaskonstantin\6000-children-and-teen-book-covers\versions\1\BookCovers\whats-yourproblem.jpg
when-an-elephant-falls-in-love,C:\Users\HP USER\.cache\kagglehub\datasets\thomaskonstantin\6000-children-and-teen-book-covers\versions\1\BookCovers\when-an-elephant-falls-in-love.jpg
when-dragons-are-dreaming,C:\Users\HP USER\.cache\kagglehub\datasets\thomaskonstantin\6000-children-and-teen-book-covers\versions\1\BookCovers\when-dragons-are-dreaming.jpg
when-good-geeks-go-bad,C:\Users\HP USER\.cache\kagglehub\datasets\thomaskonstantin\6000-children-and-teen-book-covers\versions\1\BookCovers\when-good-geeks-go-bad.jpg
when-grandpa-gives-you-a-toolbox,C:\Users\HP USER\.cache\kagglehub\datasets\thomaskonstantin\6000-children-and-teen-book-covers\versions\1\BookCovers\when-grandpa-gives-you-a-toolbox.jpg
when-i-coloured-in-the-world,C:\Users\HP USER\.cache\kagglehub\datasets\thomaskonstantin\6000-children-and-teen-book-covers\versions\1\BookCovers\when-i-coloured-in-the-world.jpg
when-i-grow-up,C:\Users\HP USER\.cache\kagglehub\datasets\thomaskonstantin\6000-children-and-teen-book-covers\versions\1\BookCovers\when-i-grow-up.jpg
when-i-was-a-child,C:\Users\HP USER\.cache\kagglehub\datasets\thomaskonstantin\6000-children-and-teen-book-covers\versions\1\BookCovers\when-i-was-a-child.jpg
when-it-snows,C:\Users\HP USER\.cache\kagglehub\datasets\thomaskonstantin\6000-children-and-teen-book-covers\versions\1\BookCovers\when-it-snows.jpg
when-life-gives-you-mangoes,C:\Users\HP USER\.cache\kagglehub\datasets\thomaskonstantin\6000-children-and-teen-book-covers\versions\1\BookCovers\when-life-gives-you-mangoes.jpg
when-mummy-goes-to-work,C:\Users\HP USER\.cache\kagglehub\datasets\thomaskonstantin\6000-children-and-teen-book-covers\versions\1\BookCovers\when-mummy-goes-to-work.jpg
when-sadness-comes-to-call,C:\Users\HP USER\.cache\kagglehub\datasets\thomaskonstantin\6000-children-and-teen-book-covers\versions\1\BookCovers\when-sadness-comes-to-call.jpg
when-secrets-set-sail,C:\Users\HP USER\.cache\kagglehub\datasets\thomaskonstantin\6000-children-and-teen-book-covers\versions\1\BookCovers\when-secrets-set-sail.jpg
when-stars-are-scattered,C:\Users\HP USER\.cache\kagglehub\datasets\thomaskonstantin\6000-children-and-teen-book-covers\versions\1\BookCovers\when-stars-are-scattered.jpg
when-the-bees-buzzed-off,C:\Users\HP USER\.cache\kagglehub\datasets\thomaskonstantin\6000-children-and-teen-book-covers\versions\1\BookCovers\when-the-bees-buzzed-off.jpg
when-the-guns-fall-silent,C:\Users\HP USER\.cache\kagglehub\datasets\thomaskonstantin\6000-children-and-teen-book-covers\versions\1\BookCovers\when-the-guns-fall-silent.jpg
when-the-mountains-roared,C:\Users\HP USER\.cache\kagglehub\datasets\thomaskonstantin\6000-children-and-teen-book-covers\versions\1\BookCovers\when-the-mountains-roared.jpg
when-the-wind-blows,C:\Users\HP USER\.cache\kagglehub\datasets\thomaskonstantin\6000-children-and-teen-book-covers\versions\1\BookCovers\when-the-wind-blows.jpg
when-the-world-was-ours,C:\Users\HP USER\.cache\kagglehub\datasets\thomaskonstantin\6000-children-and-teen-book-covers\versions\1\BookCovers\when-the-world-was-ours.jpg
when-titus-took-the-train,C:\Users\HP USER\.cache\kagglehub\datasets\thomaskonstantin\6000-children-and-teen-book-covers\versions\1\BookCovers\when-titus-took-the-train.jpg
when-we-collided,C:\Users\HP USER\.cache\kagglehub\datasets\thomaskonstantin\6000-children-and-teen-book-covers\versions\1\BookCovers\when-we-collided.jpg
when-we-walked-on-the-moon,C:\Users\HP USER\.cache\kagglehub\datasets\thomaskonstantin\6000-children-and-teen-book-covers\versions\1\BookCovers\when-we-walked-on-the-moon.jpg
when-we-were-warriors,C:\Users\HP USER\.cache\kagglehub\datasets\thomaskonstantin\6000-children-and-teen-book-covers\versions\1\BookCovers\when-we-were-warriors.jpg
when-you-reach-me,C:\Users\HP USER\.cache\kagglehub\datasets\thomaskonstantin\6000-children-and-teen-book-covers\versions\1\BookCovers\when-you-reach-me.jpg
where-bear2,C:\Users\HP USER\.cache\kagglehub\datasets\thomaskonstantin\6000-children-and-teen-book-covers\versions\1\BookCovers\where-bear2.jpg
where-on-earth-is-my-bagel,C:\Users\HP USER\.cache\kagglehub\datasets\thomaskonstantin\6000-children-and-teen-book-covers\versions\1\BookCovers\where-on-earth-is-my-bagel.jpg
where-s-jamela,C:\Users\HP USER\.cache\kagglehub\datasets\thomaskonstantin\6000-children-and-teen-book-covers\versions\1\BookCovers\where-s-jamela.jpg
where-s-the-baby,C:\Users\HP USER\.cache\kagglehub\datasets\thomaskonstantin\6000-children-and-teen-book-covers\versions\1\BookCovers\where-s-the-baby.jpg
where-s-tumpty,C:\Users\HP USER\.cache\kagglehub\datasets\thomaskonstantin\6000-children-and-teen-book-covers\versions\1\BookCovers\where-s-tumpty.jpg
where-the-river-runs-gold,C:\Users\HP USER\.cache\kagglehub\datasets\thomaskonstantin\6000-children-and-teen-book-covers\versions\1\BookCovers\where-the-river-runs-gold.jpg
where-the-rock-splits-the-sky,C:\Users\HP USER\.cache\kagglehub\datasets\thomaskonstantin\6000-children-and-teen-book-covers\versions\1\BookCovers\where-the-rock-splits-the-sky.jpg
where-the-sea-meets-the-sky,C:\Users\HP USER\.cache\kagglehub\datasets\thomaskonstantin\6000-children-and-teen-book-covers\versions\1\BookCovers\where-the-sea-meets-the-sky.jpg
where-the-wild-things-are,C:\Users\HP USER\.cache\kagglehub\datasets\thomaskonstantin\6000-children-and-teen-book-covers\versions\1\BookCovers\where-the-wild-things-are.jpg
where-the-wilderness-lives,C:\Users\HP USER\.cache\kagglehub\datasets\thomaskonstantin\6000-children-and-teen-book-covers\versions\1\BookCovers\where-the-wilderness-lives.jpg
where-the-world-turns-wild-cover,C:\Users\HP USER\.cache\kagglehub\datasets\thomaskonstantin\6000-children-and-teen-book-covers\versions\1\BookCovers\where-the-world-turns-wild-cover.jpg
where-zebras-go,C:\Users\HP USER\.cache\kagglehub\datasets\thomaskonstantin\6000-children-and-teen-book-covers\versions\1\BookCovers\where-zebras-go.jpg
wheres-brians-bottom,C:\Users\HP USER\.cache\kagglehub\datasets\thomaskonstantin\6000-children-and-teen-book-covers\versions\1\BookCovers\wheres-brians-bottom.jpg
wheres-my-jumper,C:\Users\HP USER\.cache\kagglehub\datasets\thomaskonstantin\6000-children-and-teen-book-covers\versions\1\BookCovers\wheres-my-jumper.jpg
wheres-the-little-mouse,C:\Users\HP USER\.cache\kagglehub\datasets\thomaskonstantin\6000-children-and-teen-book-covers\versions\1\BookCovers\wheres-the-little-mouse.jpg
wheres-the-unicorn,C:\Users\HP USER\.cache\kagglehub\datasets\thomaskonstantin\6000-children-and-teen-book-covers\versions\1\BookCovers\wheres-the-unicorn.jpg
wheres-wally-mini-edition,C:\Users\HP USER\.cache\kagglehub\datasets\thomaskonstantin\6000-children-and-teen-book-covers\versions\1\BookCovers\wheres-wally-mini-edition.jpg
wheresspot,C:\Users\HP USER\.cache\kagglehub\datasets\thomaskonstantin\6000-children-and-teen-book-covers\versions\1\BookCovers\wheresspot.jpg
whichwitch,C:\Users\HP USER\.cache\kagglehub\datasets\thomaskonstantin\6000-children-and-teen-book-covers\versions\1\BookCovers\whichwitch.jpg
whisper-of-wolves,C:\Users\HP USER\.cache\kagglehub\datasets\thomaskonstantin\6000-children-and-teen-book-covers\versions\1\BookCovers\whisper-of-wolves.jpg
white-cat,C:\Users\HP USER\.cache\kagglehub\datasets\thomaskonstantin\6000-children-and-teen-book-covers\versions\1\BookCovers\white-cat.jpg
white-crow,C:\Users\HP USER\.cache\kagglehub\datasets\thomaskonstantin\6000-children-and-teen-book-covers\versions\1\BookCovers\white-crow.jpg
white-dolphins,C:\Users\HP USER\.cache\kagglehub\datasets\thomaskonstantin\6000-children-and-teen-book-covers\versions\1\BookCovers\white-dolphins.jpg
white-eagles,C:\Users\HP USER\.cache\kagglehub\datasets\thomaskonstantin\6000-children-and-teen-book-covers\versions\1\BookCovers\white-eagles.jpg
white-fox,C:\Users\HP USER\.cache\kagglehub\datasets\thomaskonstantin\6000-children-and-teen-book-covers\versions\1\BookCovers\white-fox.jpg
white-lies-black-dare,C:\Users\HP USER\.cache\kagglehub\datasets\thomaskonstantin\6000-children-and-teen-book-covers\versions\1\BookCovers\white-lies-black-dare.jpg
white-owl-barn-owl,C:\Users\HP USER\.cache\kagglehub\datasets\thomaskonstantin\6000-children-and-teen-book-covers\versions\1\BookCovers\white-owl-barn-owl.jpg
whizziwig-and-whizziwig-returns,C:\Users\HP USER\.cache\kagglehub\datasets\thomaskonstantin\6000-children-and-teen-book-covers\versions\1\BookCovers\whizziwig-and-whizziwig-returns.jpg
who-do-you-think-you-are,C:\Users\HP USER\.cache\kagglehub\datasets\thomaskonstantin\6000-children-and-teen-book-covers\versions\1\BookCovers\who-do-you-think-you-are.jpg
who-do-you-think-you-are2,C:\Users\HP USER\.cache\kagglehub\datasets\thomaskonstantin\6000-children-and-teen-book-covers\versions\1\BookCovers\who-do-you-think-you-are2.jpg
who-is-king2,C:\Users\HP USER\.cache\kagglehub\datasets\thomaskonstantin\6000-children-and-teen-book-covers\versions\1\BookCovers\who-is-king2.jpg
who-is-sleeping,C:\Users\HP USER\.cache\kagglehub\datasets\thomaskonstantin\6000-children-and-teen-book-covers\versions\1\BookCovers\who-is-sleeping.jpg
who-killed-darius-drake-cover-image,C:\Users\HP USER\.cache\kagglehub\datasets\thomaskonstantin\6000-children-and-teen-book-covers\versions\1\BookCovers\who-killed-darius-drake-cover-image.jpg
who-let-the-gods-out,C:\Users\HP USER\.cache\kagglehub\datasets\thomaskonstantin\6000-children-and-teen-book-covers\versions\1\BookCovers\who-let-the-gods-out.jpg
who-s-in-the-loo,C:\Users\HP USER\.cache\kagglehub\datasets\thomaskonstantin\6000-children-and-teen-book-covers\versions\1\BookCovers\who-s-in-the-loo.jpg
who-said-woof,C:\Users\HP USER\.cache\kagglehub\datasets\thomaskonstantin\6000-children-and-teen-book-covers\versions\1\BookCovers\who-said-woof.jpg
who-stole-the-river,C:\Users\HP USER\.cache\kagglehub\datasets\thomaskonstantin\6000-children-and-teen-book-covers\versions\1\BookCovers\who-stole-the-river.jpg
who-wants-to-be-a-poodle-i-dont,C:\Users\HP USER\.cache\kagglehub\datasets\thomaskonstantin\6000-children-and-teen-book-covers\versions\1\BookCovers\who-wants-to-be-a-poodle-i-dont.jpg
who-will-comfort-toffle-a-tale-of-moomin-valley,C:\Users\HP USER\.cache\kagglehub\datasets\thomaskonstantin\6000-children-and-teen-book-covers\versions\1\BookCovers\who-will-comfort-toffle-a-tale-of-moomin-valley.jpg
who,C:\Users\HP USER\.cache\kagglehub\datasets\thomaskonstantin\6000-children-and-teen-book-covers\versions\1\BookCovers\who.jpg
whos-driving,C:\Users\HP USER\.cache\kagglehub\datasets\thomaskonstantin\6000-children-and-teen-book-covers\versions\1\BookCovers\whos-driving.jpg
whos-hiding-at-the-seaside,C:\Users\HP USER\.cache\kagglehub\datasets\thomaskonstantin\6000-children-and-teen-book-covers\versions\1\BookCovers\whos-hiding-at-the-seaside.jpg
whos-wearing-a-hat,C:\Users\HP USER\.cache\kagglehub\datasets\thomaskonstantin\6000-children-and-teen-book-covers\versions\1\BookCovers\whos-wearing-a-hat.jpg
whos-your-real-mum,C:\Users\HP USER\.cache\kagglehub\datasets\thomaskonstantin\6000-children-and-teen-book-covers\versions\1\BookCovers\whos-your-real-mum.jpg
whose-stripes,C:\Users\HP USER\.cache\kagglehub\datasets\thomaskonstantin\6000-children-and-teen-book-covers\versions\1\BookCovers\whose-stripes.jpg
why-are-there-so-many-books-about-bears,C:\Users\HP USER\.cache\kagglehub\datasets\thomaskonstantin\6000-children-and-teen-book-covers\versions\1\BookCovers\why-are-there-so-many-books-about-bears.jpg
why-do-i-feel-like-this,C:\Users\HP USER\.cache\kagglehub\datasets\thomaskonstantin\6000-children-and-teen-book-covers\versions\1\BookCovers\why-do-i-feel-like-this.jpg
why-do-we-need-bees,C:\Users\HP USER\.cache\kagglehub\datasets\thomaskonstantin\6000-children-and-teen-book-covers\versions\1\BookCovers\why-do-we-need-bees.jpg
why-eating-bogeys-is-good-for-you,C:\Users\HP USER\.cache\kagglehub\datasets\thomaskonstantin\6000-children-and-teen-book-covers\versions\1\BookCovers\why-eating-bogeys-is-good-for-you.jpg
why-i-went-back,C:\Users\HP USER\.cache\kagglehub\datasets\thomaskonstantin\6000-children-and-teen-book-covers\versions\1\BookCovers\why-i-went-back.jpg
why-the-face,C:\Users\HP USER\.cache\kagglehub\datasets\thomaskonstantin\6000-children-and-teen-book-covers\versions\1\BookCovers\why-the-face.jpg
why-we-broke-upd,C:\Users\HP USER\.cache\kagglehub\datasets\thomaskonstantin\6000-children-and-teen-book-covers\versions\1\BookCovers\why-we-broke-upd.jpg
why-we-took-the-car,C:\Users\HP USER\.cache\kagglehub\datasets\thomaskonstantin\6000-children-and-teen-book-covers\versions\1\BookCovers\why-we-took-the-car.jpg
why,C:\Users\HP USER\.cache\kagglehub\datasets\thomaskonstantin\6000-children-and-teen-book-covers\versions\1\BookCovers\why.jpg
wibbly-pig-s-silly-big-bear,C:\Users\HP USER\.cache\kagglehub\datasets\thomaskonstantin\6000-children-and-teen-book-covers\versions\1\BookCovers\wibbly-pig-s-silly-big-bear.jpg
wicked-tricks-till-owlyglass,C:\Users\HP USER\.cache\kagglehub\datasets\thomaskonstantin\6000-children-and-teen-book-covers\versions\1\BookCovers\wicked-tricks-till-owlyglass.jpg
wickford-doom,C:\Users\HP USER\.cache\kagglehub\datasets\thomaskonstantin\6000-children-and-teen-book-covers\versions\1\BookCovers\wickford-doom.jpg
wiggle-and-move,C:\Users\HP USER\.cache\kagglehub\datasets\thomaskonstantin\6000-children-and-teen-book-covers\versions\1\BookCovers\wiggle-and-move.jpg
wigglesbottom-primary-break-time-bunnies,C:\Users\HP USER\.cache\kagglehub\datasets\thomaskonstantin\6000-children-and-teen-book-covers\versions\1\BookCovers\wigglesbottom-primary-break-time-bunnies.jpg
wigglesbottom-primary-magic-hamster,C:\Users\HP USER\.cache\kagglehub\datasets\thomaskonstantin\6000-children-and-teen-book-covers\versions\1\BookCovers\wigglesbottom-primary-magic-hamster.jpg
wigglesbottom-primary-super-dog,C:\Users\HP USER\.cache\kagglehub\datasets\thomaskonstantin\6000-children-and-teen-book-covers\versions\1\BookCovers\wigglesbottom-primary-super-dog.jpg
wiggly-wiggly,C:\Users\HP USER\.cache\kagglehub\datasets\thomaskonstantin\6000-children-and-teen-book-covers\versions\1\BookCovers\wiggly-wiggly.jpg
wild-about-shapes,C:\Users\HP USER\.cache\kagglehub\datasets\thomaskonstantin\6000-children-and-teen-book-covers\versions\1\BookCovers\wild-about-shapes.jpg
wild-animals-of-the-north,C:\Users\HP USER\.cache\kagglehub\datasets\thomaskonstantin\6000-children-and-teen-book-covers\versions\1\BookCovers\wild-animals-of-the-north.jpg
wild-boy-cover-web,C:\Users\HP USER\.cache\kagglehub\datasets\thomaskonstantin\6000-children-and-teen-book-covers\versions\1\BookCovers\wild-boy-cover-web.jpg
wild-is-the-wind,C:\Users\HP USER\.cache\kagglehub\datasets\thomaskonstantin\6000-children-and-teen-book-covers\versions\1\BookCovers\wild-is-the-wind.jpg
wild-things,C:\Users\HP USER\.cache\kagglehub\datasets\thomaskonstantin\6000-children-and-teen-book-covers\versions\1\BookCovers\wild-things.jpg
wild,C:\Users\HP USER\.cache\kagglehub\datasets\thomaskonstantin\6000-children-and-teen-book-covers\versions\1\BookCovers\wild.jpg
wildanimalsofthesouth,C:\Users\HP USER\.cache\kagglehub\datasets\thomaskonstantin\6000-children-and-teen-book-covers\versions\1\BookCovers\wildanimalsofthesouth.jpg
wilde,C:\Users\HP USER\.cache\kagglehub\datasets\thomaskonstantin\6000-children-and-teen-book-covers\versions\1\BookCovers\wilde.jpg
wilderness-war,C:\Users\HP USER\.cache\kagglehub\datasets\thomaskonstantin\6000-children-and-teen-book-covers\versions\1\BookCovers\wilderness-war.jpg
wildlives,C:\Users\HP USER\.cache\kagglehub\datasets\thomaskonstantin\6000-children-and-teen-book-covers\versions\1\BookCovers\wildlives.jpg
wildspark,C:\Users\HP USER\.cache\kagglehub\datasets\thomaskonstantin\6000-children-and-teen-book-covers\versions\1\BookCovers\wildspark.jpg
wildwood,C:\Users\HP USER\.cache\kagglehub\datasets\thomaskonstantin\6000-children-and-teen-book-covers\versions\1\BookCovers\wildwood.jpg
wilf-the-mighty-worrier-and-the-alien-invasion,C:\Users\HP USER\.cache\kagglehub\datasets\thomaskonstantin\6000-children-and-teen-book-covers\versions\1\BookCovers\wilf-the-mighty-worrier-and-the-alien-invasion.jpg
will-gallows-and-the-snake-bellied-troll2,C:\Users\HP USER\.cache\kagglehub\datasets\thomaskonstantin\6000-children-and-teen-book-covers\versions\1\BookCovers\will-gallows-and-the-snake-bellied-troll2.jpg
william-bees-wonderful-world-of-trucks,C:\Users\HP USER\.cache\kagglehub\datasets\thomaskonstantin\6000-children-and-teen-book-covers\versions\1\BookCovers\william-bees-wonderful-world-of-trucks.jpg
william-wenton-and-the-luridium-thief2,C:\Users\HP USER\.cache\kagglehub\datasets\thomaskonstantin\6000-children-and-teen-book-covers\versions\1\BookCovers\william-wenton-and-the-luridium-thief2.jpg
willow-wildthing-and-the-swamp-monster,C:\Users\HP USER\.cache\kagglehub\datasets\thomaskonstantin\6000-children-and-teen-book-covers\versions\1\BookCovers\willow-wildthing-and-the-swamp-monster.jpg
willy-s-pictures,C:\Users\HP USER\.cache\kagglehub\datasets\thomaskonstantin\6000-children-and-teen-book-covers\versions\1\BookCovers\willy-s-pictures.jpg
willy-the-champ,C:\Users\HP USER\.cache\kagglehub\datasets\thomaskonstantin\6000-children-and-teen-book-covers\versions\1\BookCovers\willy-the-champ.jpg
willy-the-dreamer,C:\Users\HP USER\.cache\kagglehub\datasets\thomaskonstantin\6000-children-and-teen-book-covers\versions\1\BookCovers\willy-the-dreamer.jpg
willythewimp,C:\Users\HP USER\.cache\kagglehub\datasets\thomaskonstantin\6000-children-and-teen-book-covers\versions\1\BookCovers\willythewimp.jpg
wimpsguid,C:\Users\HP USER\.cache\kagglehub\datasets\thomaskonstantin\6000-children-and-teen-book-covers\versions\1\BookCovers\wimpsguid.jpg
wind-carol-thompson,C:\Users\HP USER\.cache\kagglehub\datasets\thomaskonstantin\6000-children-and-teen-book-covers\versions\1\BookCovers\wind-carol-thompson.jpg
wind-or-rain,C:\Users\HP USER\.cache\kagglehub\datasets\thomaskonstantin\6000-children-and-teen-book-covers\versions\1\BookCovers\wind-or-rain.jpg
windrush-child,C:\Users\HP USER\.cache\kagglehub\datasets\thomaskonstantin\6000-children-and-teen-book-covers\versions\1\BookCovers\windrush-child.jpg
windvale-sprites,C:\Users\HP USER\.cache\kagglehub\datasets\thomaskonstantin\6000-children-and-teen-book-covers\versions\1\BookCovers\windvale-sprites.jpg
windy-way-home,C:\Users\HP USER\.cache\kagglehub\datasets\thomaskonstantin\6000-children-and-teen-book-covers\versions\1\BookCovers\windy-way-home.jpg
wing-jones,C:\Users\HP USER\.cache\kagglehub\datasets\thomaskonstantin\6000-children-and-teen-book-covers\versions\1\BookCovers\wing-jones.jpg
wings-flyboy,C:\Users\HP USER\.cache\kagglehub\datasets\thomaskonstantin\6000-children-and-teen-book-covers\versions\1\BookCovers\wings-flyboy.jpg
wings-typhoon,C:\Users\HP USER\.cache\kagglehub\datasets\thomaskonstantin\6000-children-and-teen-book-covers\versions\1\BookCovers\wings-typhoon.jpg
winners-curse,C:\Users\HP USER\.cache\kagglehub\datasets\thomaskonstantin\6000-children-and-teen-book-covers\versions\1\BookCovers\winners-curse.jpg
winnie-and-wilbur---the-big-bad-robot,C:\Users\HP USER\.cache\kagglehub\datasets\thomaskonstantin\6000-children-and-teen-book-covers\versions\1\BookCovers\winnie-and-wilbur---the-big-bad-robot.jpg
winnie-and-wilbur---the-dinosaur-day,C:\Users\HP USER\.cache\kagglehub\datasets\thomaskonstantin\6000-children-and-teen-book-covers\versions\1\BookCovers\winnie-and-wilbur---the-dinosaur-day.jpg
winnie-and-wilbur---the-haunted-house,C:\Users\HP USER\.cache\kagglehub\datasets\thomaskonstantin\6000-children-and-teen-book-covers\versions\1\BookCovers\winnie-and-wilbur---the-haunted-house.jpg
winnie-goes-batty2,C:\Users\HP USER\.cache\kagglehub\datasets\thomaskonstantin\6000-children-and-teen-book-covers\versions\1\BookCovers\winnie-goes-batty2.jpg
winnie-magicwand,C:\Users\HP USER\.cache\kagglehub\datasets\thomaskonstantin\6000-children-and-teen-book-covers\versions\1\BookCovers\winnie-magicwand.jpg
winnie-the-pooh,C:\Users\HP USER\.cache\kagglehub\datasets\thomaskonstantin\6000-children-and-teen-book-covers\versions\1\BookCovers\winnie-the-pooh.jpg
winnie-wilbur-meet-santa,C:\Users\HP USER\.cache\kagglehub\datasets\thomaskonstantin\6000-children-and-teen-book-covers\versions\1\BookCovers\winnie-wilbur-meet-santa.jpg
winston-and-the-marmalade-cat,C:\Users\HP USER\.cache\kagglehub\datasets\thomaskonstantin\6000-children-and-teen-book-covers\versions\1\BookCovers\winston-and-the-marmalade-cat.jpg
winter-magic,C:\Users\HP USER\.cache\kagglehub\datasets\thomaskonstantin\6000-children-and-teen-book-covers\versions\1\BookCovers\winter-magic.jpg
winter-sleep-hibernation-story,C:\Users\HP USER\.cache\kagglehub\datasets\thomaskonstantin\6000-children-and-teen-book-covers\versions\1\BookCovers\winter-sleep-hibernation-story.jpg
wishful-thinking,C:\Users\HP USER\.cache\kagglehub\datasets\thomaskonstantin\6000-children-and-teen-book-covers\versions\1\BookCovers\wishful-thinking.jpg
wishmedead,C:\Users\HP USER\.cache\kagglehub\datasets\thomaskonstantin\6000-children-and-teen-book-covers\versions\1\BookCovers\wishmedead.jpg
wisp-a-story-of-hope,C:\Users\HP USER\.cache\kagglehub\datasets\thomaskonstantin\6000-children-and-teen-book-covers\versions\1\BookCovers\wisp-a-story-of-hope.jpg
witch-glitch,C:\Users\HP USER\.cache\kagglehub\datasets\thomaskonstantin\6000-children-and-teen-book-covers\versions\1\BookCovers\witch-glitch.jpg
witch-of-salt-and-storm,C:\Users\HP USER\.cache\kagglehub\datasets\thomaskonstantin\6000-children-and-teen-book-covers\versions\1\BookCovers\witch-of-salt-and-storm.jpg
witch-switch,C:\Users\HP USER\.cache\kagglehub\datasets\thomaskonstantin\6000-children-and-teen-book-covers\versions\1\BookCovers\witch-switch.jpg
witch-wars,C:\Users\HP USER\.cache\kagglehub\datasets\thomaskonstantin\6000-children-and-teen-book-covers\versions\1\BookCovers\witch-wars.jpg
witch-watch,C:\Users\HP USER\.cache\kagglehub\datasets\thomaskonstantin\6000-children-and-teen-book-covers\versions\1\BookCovers\witch-watch.jpg
witch,C:\Users\HP USER\.cache\kagglehub\datasets\thomaskonstantin\6000-children-and-teen-book-covers\versions\1\BookCovers\witch.jpg
witchborn,C:\Users\HP USER\.cache\kagglehub\datasets\thomaskonstantin\6000-children-and-teen-book-covers\versions\1\BookCovers\witchborn.jpg
witchfinder,C:\Users\HP USER\.cache\kagglehub\datasets\thomaskonstantin\6000-children-and-teen-book-covers\versions\1\BookCovers\witchfinder.jpg
witchworld,C:\Users\HP USER\.cache\kagglehub\datasets\thomaskonstantin\6000-children-and-teen-book-covers\versions\1\BookCovers\witchworld.jpg
withering-tights,C:\Users\HP USER\.cache\kagglehub\datasets\thomaskonstantin\6000-children-and-teen-book-covers\versions\1\BookCovers\withering-tights.jpg
wizards-of-once-knock-three-times,C:\Users\HP USER\.cache\kagglehub\datasets\thomaskonstantin\6000-children-and-teen-book-covers\versions\1\BookCovers\wizards-of-once-knock-three-times.jpg
wolf-brother,C:\Users\HP USER\.cache\kagglehub\datasets\thomaskonstantin\6000-children-and-teen-book-covers\versions\1\BookCovers\wolf-brother.jpg
wolf-by-wolfd,C:\Users\HP USER\.cache\kagglehub\datasets\thomaskonstantin\6000-children-and-teen-book-covers\versions\1\BookCovers\wolf-by-wolfd.jpg
wolf-hollow,C:\Users\HP USER\.cache\kagglehub\datasets\thomaskonstantin\6000-children-and-teen-book-covers\versions\1\BookCovers\wolf-hollow.jpg
wolf-light,C:\Users\HP USER\.cache\kagglehub\datasets\thomaskonstantin\6000-children-and-teen-book-covers\versions\1\BookCovers\wolf-light.jpg
wolf-wont-bite,C:\Users\HP USER\.cache\kagglehub\datasets\thomaskonstantin\6000-children-and-teen-book-covers\versions\1\BookCovers\wolf-wont-bite.jpg
wolf,C:\Users\HP USER\.cache\kagglehub\datasets\thomaskonstantin\6000-children-and-teen-book-covers\versions\1\BookCovers\wolf.jpg
wolfie-the-bunny,C:\Users\HP USER\.cache\kagglehub\datasets\thomaskonstantin\6000-children-and-teen-book-covers\versions\1\BookCovers\wolfie-the-bunny.jpg
wolfman,C:\Users\HP USER\.cache\kagglehub\datasets\thomaskonstantin\6000-children-and-teen-book-covers\versions\1\BookCovers\wolfman.jpg
wolves,C:\Users\HP USER\.cache\kagglehub\datasets\thomaskonstantin\6000-children-and-teen-book-covers\versions\1\BookCovers\wolves.jpg
womanwhowonthings,C:\Users\HP USER\.cache\kagglehub\datasets\thomaskonstantin\6000-children-and-teen-book-covers\versions\1\BookCovers\womanwhowonthings.jpg
wombats-bum-jacket,C:\Users\HP USER\.cache\kagglehub\datasets\thomaskonstantin\6000-children-and-teen-book-covers\versions\1\BookCovers\wombats-bum-jacket.jpg
women-in-art,C:\Users\HP USER\.cache\kagglehub\datasets\thomaskonstantin\6000-children-and-teen-book-covers\versions\1\BookCovers\women-in-art.jpg
women-in-science,C:\Users\HP USER\.cache\kagglehub\datasets\thomaskonstantin\6000-children-and-teen-book-covers\versions\1\BookCovers\women-in-science.jpg
women-in-sport,C:\Users\HP USER\.cache\kagglehub\datasets\thomaskonstantin\6000-children-and-teen-book-covers\versions\1\BookCovers\women-in-sport.jpg
wonder-boy,C:\Users\HP USER\.cache\kagglehub\datasets\thomaskonstantin\6000-children-and-teen-book-covers\versions\1\BookCovers\wonder-boy.jpg
wonder-goal,C:\Users\HP USER\.cache\kagglehub\datasets\thomaskonstantin\6000-children-and-teen-book-covers\versions\1\BookCovers\wonder-goal.jpg
wonder-woman,C:\Users\HP USER\.cache\kagglehub\datasets\thomaskonstantin\6000-children-and-teen-book-covers\versions\1\BookCovers\wonder-woman.jpg
wonderscape,C:\Users\HP USER\.cache\kagglehub\datasets\thomaskonstantin\6000-children-and-teen-book-covers\versions\1\BookCovers\wonderscape.jpg
woodland-sounds,C:\Users\HP USER\.cache\kagglehub\datasets\thomaskonstantin\6000-children-and-teen-book-covers\versions\1\BookCovers\woodland-sounds.jpg
woollymamoth,C:\Users\HP USER\.cache\kagglehub\datasets\thomaskonstantin\6000-children-and-teen-book-covers\versions\1\BookCovers\woollymamoth.jpg
woooo-,C:\Users\HP USER\.cache\kagglehub\datasets\thomaskonstantin\6000-children-and-teen-book-covers\versions\1\BookCovers\woooo-.jpg
woozy-the-wizard-a-present-for-pig,C:\Users\HP USER\.cache\kagglehub\datasets\thomaskonstantin\6000-children-and-teen-book-covers\versions\1\BookCovers\woozy-the-wizard-a-present-for-pig.jpg
woozy-wizard-broom-togo-zoom,C:\Users\HP USER\.cache\kagglehub\datasets\thomaskonstantin\6000-children-and-teen-book-covers\versions\1\BookCovers\woozy-wizard-broom-togo-zoom.jpg
woozy-wizard-spell-to-get-well,C:\Users\HP USER\.cache\kagglehub\datasets\thomaskonstantin\6000-children-and-teen-book-covers\versions\1\BookCovers\woozy-wizard-spell-to-get-well.jpg
word-nerd,C:\Users\HP USER\.cache\kagglehub\datasets\thomaskonstantin\6000-children-and-teen-book-covers\versions\1\BookCovers\word-nerd.jpg
words-and-your-heart,C:\Users\HP USER\.cache\kagglehub\datasets\thomaskonstantin\6000-children-and-teen-book-covers\versions\1\BookCovers\words-and-your-heart.jpg
words-indust,C:\Users\HP USER\.cache\kagglehub\datasets\thomaskonstantin\6000-children-and-teen-book-covers\versions\1\BookCovers\words-indust.jpg
work-it-girl---blast-off-into-space-like-mae-jemison,C:\Users\HP USER\.cache\kagglehub\datasets\thomaskonstantin\6000-children-and-teen-book-covers\versions\1\BookCovers\work-it-girl---blast-off-into-space-like-mae-jemison.jpg
work-it-girl---michelle-obama,C:\Users\HP USER\.cache\kagglehub\datasets\thomaskonstantin\6000-children-and-teen-book-covers\versions\1\BookCovers\work-it-girl---michelle-obama.jpg
world-beneath,C:\Users\HP USER\.cache\kagglehub\datasets\thomaskonstantin\6000-children-and-teen-book-covers\versions\1\BookCovers\world-beneath.jpg
world-burn-down,C:\Users\HP USER\.cache\kagglehub\datasets\thomaskonstantin\6000-children-and-teen-book-covers\versions\1\BookCovers\world-burn-down.jpg
worldbetween,C:\Users\HP USER\.cache\kagglehub\datasets\thomaskonstantin\6000-children-and-teen-book-covers\versions\1\BookCovers\worldbetween.jpg
worlds-of-ink-and-shadow,C:\Users\HP USER\.cache\kagglehub\datasets\thomaskonstantin\6000-children-and-teen-book-covers\versions\1\BookCovers\worlds-of-ink-and-shadow.jpg
worry-angels,C:\Users\HP USER\.cache\kagglehub\datasets\thomaskonstantin\6000-children-and-teen-book-covers\versions\1\BookCovers\worry-angels.jpg
worrywebsite,C:\Users\HP USER\.cache\kagglehub\datasets\thomaskonstantin\6000-children-and-teen-book-covers\versions\1\BookCovers\worrywebsite.jpg
worst-witch-totherescue,C:\Users\HP USER\.cache\kagglehub\datasets\thomaskonstantin\6000-children-and-teen-book-covers\versions\1\BookCovers\worst-witch-totherescue.jpg
worst-witch,C:\Users\HP USER\.cache\kagglehub\datasets\thomaskonstantin\6000-children-and-teen-book-covers\versions\1\BookCovers\worst-witch.jpg
worstwitch-saves,C:\Users\HP USER\.cache\kagglehub\datasets\thomaskonstantin\6000-children-and-teen-book-covers\versions\1\BookCovers\worstwitch-saves.jpg
would-the-real-stanley-carrot,C:\Users\HP USER\.cache\kagglehub\datasets\thomaskonstantin\6000-children-and-teen-book-covers\versions\1\BookCovers\would-the-real-stanley-carrot.jpg
would-you-like-a-banana,C:\Users\HP USER\.cache\kagglehub\datasets\thomaskonstantin\6000-children-and-teen-book-covers\versions\1\BookCovers\would-you-like-a-banana.jpg
would-you-rather,C:\Users\HP USER\.cache\kagglehub\datasets\thomaskonstantin\6000-children-and-teen-book-covers\versions\1\BookCovers\would-you-rather.jpg
wow-its-night-time,C:\Users\HP USER\.cache\kagglehub\datasets\thomaskonstantin\6000-children-and-teen-book-covers\versions\1\BookCovers\wow-its-night-time.jpg
wow-said-the-owl-ia-h-meddai-gwdih,C:\Users\HP USER\.cache\kagglehub\datasets\thomaskonstantin\6000-children-and-teen-book-covers\versions\1\BookCovers\wow-said-the-owl-ia-h-meddai-gwdih.jpg
wowsaidowl,C:\Users\HP USER\.cache\kagglehub\datasets\thomaskonstantin\6000-children-and-teen-book-covers\versions\1\BookCovers\wowsaidowl.jpg
wreckers,C:\Users\HP USER\.cache\kagglehub\datasets\thomaskonstantin\6000-children-and-teen-book-covers\versions\1\BookCovers\wreckers.jpg
wriggle-and-roar,C:\Users\HP USER\.cache\kagglehub\datasets\thomaskonstantin\6000-children-and-teen-book-covers\versions\1\BookCovers\wriggle-and-roar.jpg
wrong-side-of-the-galaxy,C:\Users\HP USER\.cache\kagglehub\datasets\thomaskonstantin\6000-children-and-teen-book-covers\versions\1\BookCovers\wrong-side-of-the-galaxy.jpg
wrongkind-ofbark,C:\Users\HP USER\.cache\kagglehub\datasets\thomaskonstantin\6000-children-and-teen-book-covers\versions\1\BookCovers\wrongkind-ofbark.jpg
wundersmith,C:\Users\HP USER\.cache\kagglehub\datasets\thomaskonstantin\6000-children-and-teen-book-covers\versions\1\BookCovers\wundersmith.jpg
wutheringheights,C:\Users\HP USER\.cache\kagglehub\datasets\thomaskonstantin\6000-children-and-teen-book-covers\versions\1\BookCovers\wutheringheights.jpg
wyrmeweald,C:\Users\HP USER\.cache\kagglehub\datasets\thomaskonstantin\6000-children-and-teen-book-covers\versions\1\BookCovers\wyrmeweald.jpg
x-ed-out,C:\Users\HP USER\.cache\kagglehub\datasets\thomaskonstantin\6000-children-and-teen-book-covers\versions\1\BookCovers\x-ed-out.jpg
x,C:\Users\HP USER\.cache\kagglehub\datasets\thomaskonstantin\6000-children-and-teen-book-covers\versions\1\BookCovers\x.jpg
xposure,C:\Users\HP USER\.cache\kagglehub\datasets\thomaskonstantin\6000-children-and-teen-book-covers\versions\1\BookCovers\xposure.jpg
y-tri-mochyn-bach,C:\Users\HP USER\.cache\kagglehub\datasets\thomaskonstantin\6000-children-and-teen-book-covers\versions\1\BookCovers\y-tri-mochyn-bach.jpg
yawn-by-sally-symes-and-nick-sharratt,C:\Users\HP USER\.cache\kagglehub\datasets\thomaskonstantin\6000-children-and-teen-book-covers\versions\1\BookCovers\yawn-by-sally-symes-and-nick-sharratt.jpg
yes-no-maybe-so,C:\Users\HP USER\.cache\kagglehub\datasets\thomaskonstantin\6000-children-and-teen-book-covers\versions\1\BookCovers\yes-no-maybe-so.jpg
yes-no,C:\Users\HP USER\.cache\kagglehub\datasets\thomaskonstantin\6000-children-and-teen-book-covers\versions\1\BookCovers\yes-no.jpg
yes,C:\Users\HP USER\.cache\kagglehub\datasets\thomaskonstantin\6000-children-and-teen-book-covers\versions\1\BookCovers\yes.jpg
yo-ho-ho,C:\Users\HP USER\.cache\kagglehub\datasets\thomaskonstantin\6000-children-and-teen-book-covers\versions\1\BookCovers\yo-ho-ho.jpg
yoga-babies,C:\Users\HP USER\.cache\kagglehub\datasets\thomaskonstantin\6000-children-and-teen-book-covers\versions\1\BookCovers\yoga-babies.jpg
yoga-game-by-the-sea,C:\Users\HP USER\.cache\kagglehub\datasets\thomaskonstantin\6000-children-and-teen-book-covers\versions\1\BookCovers\yoga-game-by-the-sea.jpg
yokki,C:\Users\HP USER\.cache\kagglehub\datasets\thomaskonstantin\6000-children-and-teen-book-covers\versions\1\BookCovers\yokki.jpg
you-aint-seen-nothing-yeti,C:\Users\HP USER\.cache\kagglehub\datasets\thomaskonstantin\6000-children-and-teen-book-covers\versions\1\BookCovers\you-aint-seen-nothing-yeti.jpg
you-and-me,C:\Users\HP USER\.cache\kagglehub\datasets\thomaskonstantin\6000-children-and-teen-book-covers\versions\1\BookCovers\you-and-me.jpg
you-are-awesome,C:\Users\HP USER\.cache\kagglehub\datasets\thomaskonstantin\6000-children-and-teen-book-covers\versions\1\BookCovers\you-are-awesome.jpg
you-can-t-scare-a-princess,C:\Users\HP USER\.cache\kagglehub\datasets\thomaskonstantin\6000-children-and-teen-book-covers\versions\1\BookCovers\you-can-t-scare-a-princess.jpg
you-cant-eat-a-princess,C:\Users\HP USER\.cache\kagglehub\datasets\thomaskonstantin\6000-children-and-teen-book-covers\versions\1\BookCovers\you-cant-eat-a-princess.jpg
you-cant-make-me-go-to-witch-school,C:\Users\HP USER\.cache\kagglehub\datasets\thomaskonstantin\6000-children-and-teen-book-covers\versions\1\BookCovers\you-cant-make-me-go-to-witch-school.jpg
you-choose-in-space,C:\Users\HP USER\.cache\kagglehub\datasets\thomaskonstantin\6000-children-and-teen-book-covers\versions\1\BookCovers\you-choose-in-space.jpg
you-know-me-well,C:\Users\HP USER\.cache\kagglehub\datasets\thomaskonstantin\6000-children-and-teen-book-covers\versions\1\BookCovers\you-know-me-well.jpg
you-must-be-layla,C:\Users\HP USER\.cache\kagglehub\datasets\thomaskonstantin\6000-children-and-teen-book-covers\versions\1\BookCovers\you-must-be-layla.jpg
you-smell-and-so-does-everything-else,C:\Users\HP USER\.cache\kagglehub\datasets\thomaskonstantin\6000-children-and-teen-book-covers\versions\1\BookCovers\you-smell-and-so-does-everything-else.jpg
youchoose,C:\Users\HP USER\.cache\kagglehub\datasets\thomaskonstantin\6000-children-and-teen-book-covers\versions\1\BookCovers\youchoose.jpg
young-gifted-and-black2,C:\Users\HP USER\.cache\kagglehub\datasets\thomaskonstantin\6000-children-and-teen-book-covers\versions\1\BookCovers\young-gifted-and-black2.jpg
young-heroes,C:\Users\HP USER\.cache\kagglehub\datasets\thomaskonstantin\6000-children-and-teen-book-covers\versions\1\BookCovers\young-heroes.jpg
young-houdini-magicians-fire,C:\Users\HP USER\.cache\kagglehub\datasets\thomaskonstantin\6000-children-and-teen-book-covers\versions\1\BookCovers\young-houdini-magicians-fire.jpg
young-knights-of-the-round-table,C:\Users\HP USER\.cache\kagglehub\datasets\thomaskonstantin\6000-children-and-teen-book-covers\versions\1\BookCovers\young-knights-of-the-round-table.jpg
young-samurai-the-way-of-the-warrior,C:\Users\HP USER\.cache\kagglehub\datasets\thomaskonstantin\6000-children-and-teen-book-covers\versions\1\BookCovers\young-samurai-the-way-of-the-warrior.jpg
young-sherlock-holmes---black-ice,C:\Users\HP USER\.cache\kagglehub\datasets\thomaskonstantin\6000-children-and-teen-book-covers\versions\1\BookCovers\young-sherlock-holmes---black-ice.jpg
young-sherlock-holmes---death-cloud,C:\Users\HP USER\.cache\kagglehub\datasets\thomaskonstantin\6000-children-and-teen-book-covers\versions\1\BookCovers\young-sherlock-holmes---death-cloud.jpg
young-sherlock-holmes-snake-bited,C:\Users\HP USER\.cache\kagglehub\datasets\thomaskonstantin\6000-children-and-teen-book-covers\versions\1\BookCovers\young-sherlock-holmes-snake-bited.jpg
young-sherlock,C:\Users\HP USER\.cache\kagglehub\datasets\thomaskonstantin\6000-children-and-teen-book-covers\versions\1\BookCovers\young-sherlock.jpg
youre-a-bad-man-mr-gum,C:\Users\HP USER\.cache\kagglehub\datasets\thomaskonstantin\6000-children-and-teen-book-covers\versions\1\BookCovers\youre-a-bad-man-mr-gum.jpg
youre-a-star-lolo,C:\Users\HP USER\.cache\kagglehub\datasets\thomaskonstantin\6000-children-and-teen-book-covers\versions\1\BookCovers\youre-a-star-lolo.jpg
youre-not-here,C:\Users\HP USER\.cache\kagglehub\datasets\thomaskonstantin\6000-children-and-teen-book-covers\versions\1\BookCovers\youre-not-here.jpg
youre-not-proper2,C:\Users\HP USER\.cache\kagglehub\datasets\thomaskonstantin\6000-children-and-teen-book-covers\versions\1\BookCovers\youre-not-proper2.jpg
youre-safe-with-me,C:\Users\HP USER\.cache\kagglehub\datasets\thomaskonstantin\6000-children-and-teen-book-covers\versions\1\BookCovers\youre-safe-with-me.jpg
youre-snug-with-me,C:\Users\HP USER\.cache\kagglehub\datasets\thomaskonstantin\6000-children-and-teen-book-covers\versions\1\BookCovers\youre-snug-with-me.jpg
youre-strong-with-me,C:\Users\HP USER\.cache\kagglehub\datasets\thomaskonstantin\6000-children-and-teen-book-covers\versions\1\BookCovers\youre-strong-with-me.jpg
youve-been-werewolfed,C:\Users\HP USER\.cache\kagglehub\datasets\thomaskonstantin\6000-children-and-teen-book-covers\versions\1\BookCovers\youve-been-werewolfed.jpg
yr-arth-a-fun-bloeddio-bw-the-bear-who-went-boo-,C:\Users\HP USER\.cache\kagglehub\datasets\thomaskonstantin\6000-children-and-teen-book-covers\versions\1\BookCovers\yr-arth-a-fun-bloeddio-bw-the-bear-who-went-boo-.jpg
yucky-worms,C:\Users\HP USER\.cache\kagglehub\datasets\thomaskonstantin\6000-children-and-teen-book-covers\versions\1\BookCovers\yucky-worms.jpg
z-rex-jacket,C:\Users\HP USER\.cache\kagglehub\datasets\thomaskonstantin\6000-children-and-teen-book-covers\versions\1\BookCovers\z-rex-jacket.jpg
za-zas-baby-brother,C:\Users\HP USER\.cache\kagglehub\datasets\thomaskonstantin\6000-children-and-teen-book-covers\versions\1\BookCovers\za-zas-baby-brother.jpg
zach-king-my-magical-life,C:\Users\HP USER\.cache\kagglehub\datasets\thomaskonstantin\6000-children-and-teen-book-covers\versions\1\BookCovers\zach-king-my-magical-life.jpg
zeal-of-zebras,C:\Users\HP USER\.cache\kagglehub\datasets\thomaskonstantin\6000-children-and-teen-book-covers\versions\1\BookCovers\zeal-of-zebras.jpg
zeki-can-swim,C:\Users\HP USER\.cache\kagglehub\datasets\thomaskonstantin\6000-children-and-teen-book-covers\versions\1\BookCovers\zeki-can-swim.jpg
zeki-gets-a-checkup,C:\Users\HP USER\.cache\kagglehub\datasets\thomaskonstantin\6000-children-and-teen-book-covers\versions\1\BookCovers\zeki-gets-a-checkup.jpg
zeki-loves-baby-club,C:\Users\HP USER\.cache\kagglehub\datasets\thomaskonstantin\6000-children-and-teen-book-covers\versions\1\BookCovers\zeki-loves-baby-club.jpg
zeki-loves-mummy,C:\Users\HP USER\.cache\kagglehub\datasets\thomaskonstantin\6000-children-and-teen-book-covers\versions\1\BookCovers\zeki-loves-mummy.jpg
zeraffa-giraffa,C:\Users\HP USER\.cache\kagglehub\datasets\thomaskonstantin\6000-children-and-teen-book-covers\versions\1\BookCovers\zeraffa-giraffa.jpg
zeroess,C:\Users\HP USER\.cache\kagglehub\datasets\thomaskonstantin\6000-children-and-teen-book-covers\versions\1\BookCovers\zeroess.jpg
zim-zam-zoom-,C:\Users\HP USER\.cache\kagglehub\datasets\thomaskonstantin\6000-children-and-teen-book-covers\versions\1\BookCovers\zim-zam-zoom-.jpg
zinnia-and-the-bees,C:\Users\HP USER\.cache\kagglehub\datasets\thomaskonstantin\6000-children-and-teen-book-covers\versions\1\BookCovers\zinnia-and-the-bees.jpg
zoe-and-beans-where-is-binky-boo,C:\Users\HP USER\.cache\kagglehub\datasets\thomaskonstantin\6000-children-and-teen-book-covers\versions\1\BookCovers\zoe-and-beans-where-is-binky-boo.jpg
zoe-beans-pirate-treasure,C:\Users\HP USER\.cache\kagglehub\datasets\thomaskonstantin\6000-children-and-teen-book-covers\versions\1\BookCovers\zoe-beans-pirate-treasure.jpg
zog,C:\Users\HP USER\.cache\kagglehub\datasets\thomaskonstantin\6000-children-and-teen-book-covers\versions\1\BookCovers\zog.jpg
zoo,C:\Users\HP USER\.cache\kagglehub\datasets\thomaskonstantin\6000-children-and-teen-book-covers\versions\1\BookCovers\zoo.jpg
zoom-ocean-adventure,C:\Users\HP USER\.cache\kagglehub\datasets\thomaskonstantin\6000-children-and-teen-book-covers\versions\1\BookCovers\zoom-ocean-adventure.jpg
zoom-trish-cooke,C:\Users\HP USER\.cache\kagglehub\datasets\thomaskonstantin\6000-children-and-teen-book-covers\versions\1\BookCovers\zoom-trish-cooke.jpg
zoom-zoom-zoom,C:\Users\HP USER\.cache\kagglehub\datasets\thomaskonstantin\6000-children-and-teen-book-covers\versions\1\BookCovers\zoom-zoom-zoom.jpg
